# Blender 5.2.0 LTS
# www.blender.org
mtllib boat.mtl
o Plane
v 0.395441 0.000000 2.369823
v 0.823989 0.000000 1.711696
v 1.000000 0.000000 1.000000
v 0.000000 0.000000 -1.000000
v 1.088400 0.035445 1.049272
v 0.000000 0.032110 -1.096885
v 0.893932 0.020045 1.801490
v 0.423976 0.001454 2.491530
v 0.914145 -0.059055 1.746592
v 1.101037 -0.050234 1.010076
v 0.000000 -0.041076 -1.105558
v -0.395441 0.000000 2.369823
v -0.823989 0.000000 1.711696
v -1.000000 0.000000 1.000000
v -1.088400 0.035445 1.049272
v -0.893932 0.020045 1.801490
v -0.423976 0.001454 2.491530
v -0.914145 -0.059055 1.746592
v -1.101037 -0.050234 1.010076
v 0.258647 -0.198333 2.234414
v 0.286892 -0.179624 2.263575
v 0.264435 -0.197417 2.240548
v 0.270763 -0.194760 2.247164
v 0.277011 -0.190621 2.253615
v 0.282569 -0.185405 2.259270
v 0.860025 -0.179598 0.959588
v 0.821355 -0.198333 0.952440
v 0.854334 -0.185387 0.958142
v 0.846845 -0.190610 0.956550
v 0.838290 -0.194755 0.954969
v 0.829507 -0.197416 0.953553
v 0.654746 -0.198333 1.626120
v 0.690993 -0.179615 1.643004
v 0.662342 -0.197417 1.629476
v 0.670552 -0.194758 1.633204
v 0.678571 -0.190617 1.636939
v 0.685615 -0.185399 1.640316
v 0.860032 -0.179588 -0.902687
v 0.821355 -0.198333 -0.896471
v 0.836081 -0.175990 -0.929491
v 0.854293 -0.185321 -0.901579
v 0.846827 -0.190565 -0.900276
v 0.857356 -0.181195 -0.909835
v 0.851580 -0.185949 -0.908484
v 0.845616 -0.190397 -0.907126
v 0.853230 -0.181671 -0.916717
v 0.848592 -0.186139 -0.914756
v 0.844155 -0.189875 -0.912776
v 0.824000 -0.197150 -0.904317
v 0.827090 -0.194015 -0.912297
v 0.829490 -0.197342 -0.897592
v 0.831619 -0.195532 -0.905197
v 0.833705 -0.193239 -0.912246
v 0.838273 -0.194711 -0.898902
v 0.838959 -0.193549 -0.906017
v 0.839519 -0.192074 -0.911991
v 0.842021 -0.178887 -0.926987
v 0.847937 -0.180875 -0.922639
v 0.833436 -0.182834 -0.925475
v 0.839122 -0.184437 -0.922702
v 0.844467 -0.185659 -0.919511
v 0.830346 -0.189076 -0.919598
v 0.836213 -0.189493 -0.918034
v 0.841237 -0.189588 -0.916169
v 0.022316 -0.178385 2.410082
v -0.022316 -0.178385 2.410082
v 0.000000 -0.198333 2.379511
v 0.014314 -0.179919 2.412057
v 0.004936 -0.180765 2.413146
v 0.018965 -0.184489 2.405762
v 0.011379 -0.185222 2.407305
v 0.003807 -0.185688 2.408619
v 0.014639 -0.190067 2.399983
v 0.008352 -0.190025 2.402370
v 0.002609 -0.189699 2.404309
v -0.018965 -0.184489 2.405762
v -0.014639 -0.190067 2.399983
v -0.014314 -0.179919 2.412057
v -0.011367 -0.185221 2.407324
v -0.008380 -0.190045 2.402413
v -0.004936 -0.180765 2.413146
v -0.003768 -0.185666 2.408590
v -0.002609 -0.189699 2.404309
v 0.004657 -0.197278 2.386162
v 0.009703 -0.194478 2.393223
v -0.004657 -0.197278 2.386162
v -0.000012 -0.195598 2.391788
v 0.004570 -0.193513 2.397214
v -0.009703 -0.194478 2.393223
v -0.004580 -0.193459 2.397223
v 0.000000 -0.192127 2.400755
v 0.000000 -0.198333 -0.896471
v 0.000000 -0.175990 -0.929491
v 0.000000 -0.197239 -0.904347
v 0.000000 -0.194066 -0.912328
v 0.000000 -0.189123 -0.919633
v 0.000000 -0.182895 -0.925547
v 1.008250 0.039011 1.024412
v 1.035060 0.052114 1.040661
v 1.010671 0.044893 1.028486
v 1.015061 0.049509 1.032518
v 1.020993 0.052408 1.036113
v 1.027883 0.053305 1.038919
v 0.000000 0.036493 -1.013030
v 0.000000 0.051067 -1.043790
v 0.000000 0.043102 -1.016640
v 0.000000 0.048271 -1.022116
v 0.000000 0.051495 -1.028921
v 0.000000 0.052459 -1.036389
v 0.850260 0.047356 1.779089
v 0.828909 0.039360 1.750091
v 0.844306 0.050035 1.775152
v 0.838692 0.050513 1.769709
v 0.833969 0.048744 1.763294
v 0.830597 0.044901 1.756534
v 0.400756 0.041334 2.460526
v 0.392038 0.039751 2.421456
v 0.397630 0.045893 2.455010
v 0.394973 0.048105 2.447566
v 0.393044 0.047755 2.438922
v 0.392033 0.044876 2.429925
v 1.008223 0.038880 -0.988510
v 0.981162 0.036493 -1.013030
v 1.001445 0.047490 -1.042173
v 1.032837 0.047087 -1.009873
v 1.006383 0.036856 -0.995577
v 1.002377 0.035486 -1.002154
v 1.010622 0.044467 -0.991839
v 1.008826 0.043039 -0.999685
v 1.005348 0.042254 -1.006488
v 1.014650 0.048419 -0.996014
v 1.012231 0.047940 -1.003896
v 1.008728 0.047715 -1.010827
v 0.984822 0.042843 -1.016642
v 0.989065 0.047516 -1.021842
v 0.989086 0.035327 -1.011259
v 0.992820 0.042173 -1.014811
v 0.996726 0.047454 -1.019462
v 0.996403 0.034959 -1.007569
v 0.999917 0.041948 -1.011618
v 1.003545 0.047543 -1.016059
v 1.007612 0.049401 -1.036983
v 1.014511 0.050412 -1.030523
v 0.997784 0.049870 -1.035266
v 1.004298 0.050354 -1.030697
v 1.010922 0.051030 -1.025520
v 0.993542 0.049943 -1.028275
v 1.000601 0.050130 -1.024842
v 1.007245 0.050514 -1.020708
v 1.026335 0.049725 -1.005481
v 1.020079 0.050234 -1.000727
v 1.027753 0.049144 -1.016260
v 1.021863 0.050366 -1.012441
v 1.016683 0.050395 -1.008212
v 1.021455 0.050323 -1.023378
v 1.016846 0.050990 -1.019352
v 1.012610 0.050580 -1.015155
v -0.022754 0.041011 2.606789
v 0.022754 0.041011 2.606789
v 0.022303 0.038726 2.647722
v -0.022303 0.038726 2.647722
v -0.014603 0.039636 2.607775
v -0.005034 0.038877 2.608320
v -0.022803 0.045510 2.615379
v -0.013954 0.044265 2.617556
v -0.004704 0.043843 2.618817
v -0.022780 0.047693 2.624596
v -0.013723 0.047291 2.627053
v -0.004561 0.047244 2.628650
v 0.022803 0.045510 2.615379
v 0.022780 0.047693 2.624596
v 0.014603 0.039636 2.607775
v 0.013902 0.044416 2.617511
v 0.013725 0.047364 2.627035
v 0.005034 0.038877 2.608320
v 0.004665 0.043863 2.618804
v 0.004561 0.047244 2.628650
v 0.014308 0.040094 2.649535
v 0.004933 0.040848 2.650534
v 0.022515 0.044029 2.641543
v 0.013780 0.044350 2.642879
v 0.004648 0.044885 2.644114
v 0.022680 0.047183 2.633634
v 0.013661 0.047270 2.635563
v 0.004542 0.047544 2.637067
v -0.022515 0.044029 2.641544
v -0.022680 0.047183 2.633634
v -0.014308 0.040094 2.649535
v -0.013727 0.044431 2.642915
v -0.013662 0.047340 2.635616
v -0.004933 0.040848 2.650534
v -0.004610 0.044865 2.644088
v -0.004542 0.047544 2.637067
v -0.022813 0.000000 2.550102
v 0.022813 0.000000 2.550102
v -0.014647 0.000000 2.552973
v -0.005047 0.000000 2.554482
v 0.005047 0.000000 2.554482
v 0.014647 0.000000 2.552973
v 1.000000 0.000000 -0.974633
v 0.973363 0.000000 -1.000000
v 0.998696 0.000000 -0.982472
v 0.994913 -0.000000 -0.989543
v 0.989020 -0.000000 -0.995155
v 0.981595 0.000000 -0.998758
v 1.063769 0.029042 -1.042848
v 1.033084 0.029032 -1.076231
v 1.062167 0.029015 -1.053007
v 1.057756 0.029000 -1.062230
v 1.050967 0.028998 -1.069615
v 1.042466 0.029009 -1.074440
v -0.022561 -0.002175 2.679437
v 0.022561 -0.002175 2.679437
v -0.014485 -0.002228 2.682184
v -0.004991 -0.002256 2.683628
v 0.004991 -0.002256 2.683628
v 0.014485 -0.002228 2.682184
v 0.022963 -0.079624 2.622769
v -0.022963 -0.079624 2.622769
v 0.014743 -0.079734 2.625400
v 0.005080 -0.079792 2.626782
v -0.005080 -0.079792 2.626782
v -0.014743 -0.079734 2.625400
v 0.432467 -0.072061 2.442386
v 0.481109 -0.070958 2.396972
v 0.446820 -0.089549 2.419972
v 0.441621 -0.071882 2.437181
v 0.452090 -0.071659 2.429161
v 0.462851 -0.071415 2.419114
v 0.472851 -0.071174 2.408022
v 1.048328 -0.054737 -1.066017
v 1.074955 -0.055019 -1.039287
v 1.056471 -0.054840 -1.064451
v 1.063849 -0.054927 -1.060518
v 1.069740 -0.054989 -1.054605
v 1.073567 -0.055021 -1.047289
v 0.022482 -0.272504 2.467525
v 0.000000 -0.291818 2.436681
v -0.022482 -0.272504 2.467525
v 0.019038 -0.278480 2.463151
v 0.014642 -0.283917 2.457312
v 0.014421 -0.273984 2.469382
v 0.011416 -0.279157 2.464626
v 0.008387 -0.283857 2.459681
v 0.004973 -0.274800 2.470406
v 0.003786 -0.279569 2.465835
v 0.002612 -0.283497 2.461541
v -0.004624 -0.290863 2.443375
v -0.009670 -0.288188 2.450491
v 0.004624 -0.290863 2.443375
v 0.000014 -0.289241 2.449013
v -0.004558 -0.287226 2.454455
v 0.009670 -0.288188 2.450491
v 0.004569 -0.287172 2.454465
v -0.000000 -0.285865 2.457984
v -0.014421 -0.273984 2.469382
v -0.004973 -0.274800 2.470406
v -0.019038 -0.278479 2.463151
v -0.011429 -0.279157 2.464604
v -0.003824 -0.279590 2.465863
v -0.014642 -0.283917 2.457312
v -0.008359 -0.283836 2.459638
v -0.002612 -0.283498 2.461541
v 0.000000 -0.270719 -0.994199
v 0.000000 -0.292372 -0.959627
v 0.000000 -0.277411 -0.989775
v 0.000000 -0.283448 -0.983429
v 0.000000 -0.288238 -0.975780
v 0.000000 -0.291313 -0.967579
v 1.096857 0.032842 1.050596
v 1.114213 0.004270 1.041618
v 1.103580 0.029636 1.051076
v 1.109133 0.024627 1.050284
v 1.112973 0.018306 1.048298
v 1.114724 0.011292 1.045312
v 0.000000 0.028891 -1.105029
v 0.000000 -0.002621 -1.119313
v 0.000000 0.025048 -1.111551
v 0.000000 0.019362 -1.116642
v 0.000000 0.012390 -1.119802
v 0.000000 0.004815 -1.120722
v 0.917710 -0.017001 1.791835
v 0.900604 0.015959 1.804967
v 0.917344 -0.009829 1.798457
v 0.915162 -0.002226 1.803466
v 0.911377 0.005066 1.806371
v 0.906361 0.011332 1.806888
v 0.417212 -0.037780 2.497820
v 0.427060 -0.004370 2.495900
v 0.469143 -0.043583 2.441598
v 0.420826 -0.032194 2.501591
v 0.423883 -0.025452 2.503428
v 0.427416 -0.039955 2.488709
v 0.429092 -0.033410 2.493731
v 0.430496 -0.027052 2.497398
v 0.438841 -0.041804 2.477411
v 0.437709 -0.034738 2.485203
v 0.437009 -0.028777 2.490614
v 0.437190 -0.010766 2.488665
v 0.447478 -0.018669 2.478619
v 0.427119 -0.010850 2.500368
v 0.434767 -0.016003 2.493606
v 0.442517 -0.021609 2.485870
v 0.426057 -0.018078 2.503006
v 0.432362 -0.021257 2.497272
v 0.438485 -0.024692 2.490772
v 0.460752 -0.043680 2.452619
v 0.450329 -0.043088 2.464973
v 0.464198 -0.035926 2.453827
v 0.455128 -0.035736 2.465020
v 0.446424 -0.035577 2.475637
v 0.456788 -0.027343 2.466608
v 0.449318 -0.028180 2.476307
v 0.442903 -0.029163 2.484051
v 1.064231 0.028897 -1.043287
v 1.035058 0.027883 -1.078516
v 1.054433 -0.005467 -1.088892
v 1.081096 -0.005659 -1.062354
v 1.059652 0.030657 -1.050102
v 1.053876 0.031516 -1.057786
v 1.070162 0.023903 -1.046869
v 1.066190 0.024159 -1.056701
v 1.061380 0.024561 -1.065863
v 1.075294 0.017316 -1.050957
v 1.072123 0.017235 -1.062343
v 1.067933 0.017321 -1.072488
v 1.038658 0.023182 -1.084367
v 1.042777 0.016908 -1.088715
v 1.040934 0.030007 -1.072706
v 1.047164 0.023739 -1.079309
v 1.052685 0.017037 -1.084892
v 1.047423 0.031291 -1.065579
v 1.055019 0.024373 -1.073407
v 1.061510 0.017240 -1.079916
v 1.062331 -0.007136 -1.086532
v 1.069595 -0.008065 -1.082295
v 1.051055 0.001842 -1.091006
v 1.060042 0.001335 -1.087613
v 1.068219 0.000904 -1.083427
v 1.047058 0.009540 -1.091007
v 1.057029 0.009523 -1.087606
v 1.065880 0.009473 -1.083208
v 1.080968 0.001752 -1.059090
v 1.079022 0.009675 -1.055173
v 1.079379 -0.007254 -1.069552
v 1.078048 0.001309 -1.068405
v 1.076123 0.009599 -1.066279
v 1.075482 -0.008106 -1.076432
v 1.074218 0.000891 -1.076955
v 1.072193 0.009499 -1.076138
v -0.022652 -0.007057 2.683247
v 0.022652 -0.007057 2.683247
v 0.022957 -0.042281 2.676954
v -0.022957 -0.042281 2.676954
v -0.014534 -0.005846 2.684934
v -0.005010 -0.005178 2.685865
v -0.024444 -0.014188 2.685889
v -0.014819 -0.014045 2.687631
v -0.004980 -0.013794 2.689101
v -0.025453 -0.021983 2.686627
v -0.015240 -0.022105 2.689011
v -0.005047 -0.022107 2.690829
v 0.024444 -0.014188 2.685889
v 0.025453 -0.021983 2.686627
v 0.014534 -0.005846 2.684934
v 0.014804 -0.014048 2.687688
v 0.015265 -0.022086 2.689072
v 0.005010 -0.005178 2.685865
v 0.004942 -0.013811 2.689077
v 0.005047 -0.022107 2.690829
v 0.014734 -0.043562 2.677835
v 0.005078 -0.044270 2.678322
v 0.024638 -0.036709 2.681863
v 0.014939 -0.036813 2.683363
v 0.005019 -0.037154 2.684605
v 0.025520 -0.029761 2.685237
v 0.015283 -0.029724 2.687588
v 0.005060 -0.029849 2.689344
v -0.024638 -0.036709 2.681863
v -0.025520 -0.029761 2.685237
v -0.014734 -0.043562 2.677835
v -0.014924 -0.036845 2.683424
v -0.015309 -0.029765 2.687638
v -0.005078 -0.044270 2.678322
v -0.004980 -0.037135 2.684592
v -0.005060 -0.029849 2.689344
v 0.323173 -0.279636 2.304207
v 0.294425 -0.297092 2.274918
v 0.318679 -0.285236 2.299883
v 0.312973 -0.290210 2.294204
v 0.306613 -0.294072 2.287724
v 0.300222 -0.296443 2.281079
v 0.739228 -0.280735 1.663159
v 0.702369 -0.298958 1.646546
v 0.733661 -0.286395 1.660551
v 0.726448 -0.291491 1.657248
v 0.718293 -0.295523 1.653573
v 0.709997 -0.298096 1.649885
v 0.872781 -0.298679 0.958286
v 0.912012 -0.280636 0.964771
v 0.880965 -0.297905 0.959346
v 0.889831 -0.295399 0.960657
v 0.898510 -0.291407 0.962092
v 0.906153 -0.286320 0.963509
v 0.899010 -0.272424 -0.954838
v 0.875033 -0.268531 -0.982420
v 0.859909 -0.291017 -0.949616
v 0.896251 -0.273967 -0.962164
v 0.892075 -0.274375 -0.969230
v 0.893137 -0.278097 -0.953922
v 0.890361 -0.278697 -0.960989
v 0.887390 -0.278847 -0.967394
v 0.885550 -0.283292 -0.952837
v 0.884260 -0.283063 -0.959773
v 0.882843 -0.282523 -0.965506
v 0.872344 -0.275389 -0.978448
v 0.869185 -0.281655 -0.972618
v 0.880895 -0.271468 -0.979815
v 0.877949 -0.277016 -0.975570
v 0.874978 -0.282113 -0.971007
v 0.886776 -0.273514 -0.975324
v 0.883227 -0.278255 -0.972207
v 0.879941 -0.282209 -0.968982
v 0.868060 -0.290022 -0.950573
v 0.876902 -0.287404 -0.951682
v 0.862652 -0.289798 -0.957428
v 0.870250 -0.288165 -0.958148
v 0.877584 -0.286258 -0.958822
v 0.865841 -0.286627 -0.965366
v 0.872410 -0.285797 -0.965194
v 0.878185 -0.284706 -0.964823
v -0.286892 -0.179624 2.263575
v -0.258647 -0.198333 2.234414
v -0.282569 -0.185405 2.259270
v -0.277011 -0.190621 2.253615
v -0.270763 -0.194760 2.247164
v -0.264435 -0.197417 2.240548
v -0.821355 -0.198333 0.952440
v -0.860025 -0.179598 0.959588
v -0.829507 -0.197416 0.953553
v -0.838290 -0.194755 0.954969
v -0.846845 -0.190610 0.956550
v -0.854334 -0.185387 0.958142
v -0.690993 -0.179615 1.643004
v -0.654746 -0.198333 1.626120
v -0.685615 -0.185399 1.640316
v -0.678571 -0.190617 1.636939
v -0.670552 -0.194758 1.633204
v -0.662342 -0.197417 1.629476
v -0.860032 -0.179588 -0.902687
v -0.836081 -0.175990 -0.929491
v -0.821355 -0.198333 -0.896471
v -0.857356 -0.181195 -0.909835
v -0.853230 -0.181671 -0.916717
v -0.854293 -0.185321 -0.901579
v -0.851573 -0.185974 -0.908498
v -0.848636 -0.186175 -0.914767
v -0.846827 -0.190565 -0.900276
v -0.845566 -0.190379 -0.907121
v -0.844155 -0.189875 -0.912776
v -0.833436 -0.182834 -0.925475
v -0.830346 -0.189076 -0.919598
v -0.842021 -0.178887 -0.926987
v -0.839131 -0.184428 -0.922701
v -0.836225 -0.189515 -0.918090
v -0.847937 -0.180875 -0.922639
v -0.844464 -0.185629 -0.919454
v -0.841237 -0.189588 -0.916169
v -0.829490 -0.197342 -0.897592
v -0.838273 -0.194711 -0.898902
v -0.824000 -0.197150 -0.904317
v -0.831617 -0.195517 -0.905185
v -0.838943 -0.193599 -0.906012
v -0.827090 -0.194015 -0.912297
v -0.833717 -0.193179 -0.912247
v -0.839519 -0.192074 -0.911991
v -1.035060 0.052114 1.040661
v -1.008250 0.039011 1.024412
v -1.027883 0.053305 1.038919
v -1.020993 0.052408 1.036113
v -1.015061 0.049509 1.032518
v -1.010671 0.044893 1.028486
v -0.828909 0.039360 1.750091
v -0.850260 0.047356 1.779089
v -0.830597 0.044901 1.756534
v -0.833969 0.048744 1.763294
v -0.838692 0.050513 1.769709
v -0.844306 0.050035 1.775152
v -0.392038 0.039751 2.421456
v -0.400756 0.041334 2.460526
v -0.392033 0.044876 2.429925
v -0.393044 0.047755 2.438922
v -0.394973 0.048105 2.447566
v -0.397630 0.045893 2.455010
v -1.008223 0.038880 -0.988510
v -1.032837 0.047087 -1.009873
v -1.001445 0.047490 -1.042173
v -0.981162 0.036493 -1.013030
v -1.010622 0.044467 -0.991839
v -1.014650 0.048419 -0.996014
v -1.006383 0.036856 -0.995577
v -1.008644 0.043159 -0.999614
v -1.012181 0.047993 -1.003870
v -1.002377 0.035486 -1.002154
v -1.005281 0.042275 -1.006471
v -1.008728 0.047715 -1.010827
v -1.027753 0.049144 -1.016260
v -1.021455 0.050323 -1.023378
v -1.026335 0.049725 -1.005481
v -1.021932 0.050304 -1.012401
v -1.016880 0.051018 -1.019333
v -1.020079 0.050234 -1.000728
v -1.016691 0.050328 -1.008201
v -1.012610 0.050580 -1.015155
v -0.997784 0.049870 -1.035266
v -0.993542 0.049943 -1.028275
v -1.007612 0.049401 -1.036983
v -1.004349 0.050424 -1.030641
v -1.000619 0.050203 -1.024843
v -1.014511 0.050412 -1.030523
v -1.010941 0.051001 -1.025484
v -1.007245 0.050514 -1.020708
v -0.989086 0.035327 -1.011259
v -0.996403 0.034959 -1.007569
v -0.984822 0.042843 -1.016642
v -0.992882 0.042045 -1.014977
v -0.999938 0.041924 -1.011677
v -0.989065 0.047516 -1.021842
v -0.996743 0.047400 -1.019510
v -1.003546 0.047543 -1.016059
v -0.973363 0.000000 -1.000000
v -1.000000 0.000000 -0.974633
v -0.981595 0.000000 -0.998758
v -0.989020 -0.000000 -0.995155
v -0.994913 -0.000000 -0.989543
v -0.998696 0.000000 -0.982472
v -1.033084 0.029032 -1.076231
v -1.063769 0.029042 -1.042848
v -1.042466 0.029009 -1.074440
v -1.050967 0.028998 -1.069615
v -1.057756 0.029000 -1.062230
v -1.062167 0.029015 -1.053007
v -0.481109 -0.070958 2.396972
v -0.432467 -0.072061 2.442386
v -0.446820 -0.089549 2.419972
v -0.472851 -0.071174 2.408022
v -0.462851 -0.071415 2.419114
v -0.452090 -0.071659 2.429161
v -0.441621 -0.071882 2.437181
v -1.074955 -0.055019 -1.039287
v -1.048328 -0.054737 -1.066017
v -1.073567 -0.055021 -1.047289
v -1.069740 -0.054989 -1.054605
v -1.063849 -0.054927 -1.060518
v -1.056471 -0.054840 -1.064451
v -1.114213 0.004270 1.041618
v -1.096857 0.032842 1.050596
v -1.114724 0.011292 1.045312
v -1.112973 0.018306 1.048298
v -1.109133 0.024627 1.050284
v -1.103580 0.029636 1.051076
v -0.900604 0.015959 1.804967
v -0.917710 -0.017001 1.791835
v -0.906361 0.011332 1.806888
v -0.911377 0.005066 1.806371
v -0.915162 -0.002226 1.803466
v -0.917344 -0.009829 1.798457
v -0.417212 -0.037780 2.497820
v -0.469143 -0.043583 2.441599
v -0.427060 -0.004370 2.495900
v -0.427416 -0.039955 2.488709
v -0.438841 -0.041804 2.477411
v -0.420826 -0.032194 2.501592
v -0.429018 -0.033377 2.493722
v -0.437678 -0.034749 2.485265
v -0.423883 -0.025452 2.503428
v -0.430477 -0.027017 2.497336
v -0.437009 -0.028777 2.490614
v -0.464198 -0.035926 2.453827
v -0.456788 -0.027343 2.466608
v -0.460752 -0.043680 2.452619
v -0.455157 -0.035736 2.465059
v -0.449392 -0.028205 2.476297
v -0.450329 -0.043088 2.464973
v -0.446366 -0.035555 2.475672
v -0.442903 -0.029163 2.484051
v -0.427119 -0.010850 2.500368
v -0.426056 -0.018078 2.503006
v -0.437190 -0.010766 2.488665
v -0.434814 -0.016034 2.493577
v -0.432397 -0.021234 2.497331
v -0.447478 -0.018669 2.478619
v -0.442515 -0.021651 2.485789
v -0.438485 -0.024692 2.490772
v -1.064231 0.028897 -1.043287
v -1.081097 -0.005659 -1.062354
v -1.054433 -0.005467 -1.088892
v -1.035058 0.027883 -1.078516
v -1.070162 0.023903 -1.046869
v -1.075294 0.017316 -1.050957
v -1.059652 0.030657 -1.050102
v -1.066187 0.024184 -1.056713
v -1.072151 0.017283 -1.062328
v -1.053876 0.031516 -1.057786
v -1.061345 0.024532 -1.065886
v -1.067934 0.017321 -1.072488
v -1.079379 -0.007254 -1.069552
v -1.075482 -0.008106 -1.076432
v -1.080968 0.001752 -1.059090
v -1.078065 0.001284 -1.068402
v -1.074286 0.000867 -1.076968
v -1.079023 0.009675 -1.055173
v -1.076067 0.009611 -1.066261
v -1.072193 0.009499 -1.076138
v -1.051055 0.001842 -1.091006
v -1.047058 0.009540 -1.091007
v -1.062331 -0.007136 -1.086532
v -1.060029 0.001363 -1.087628
v -1.057047 0.009514 -1.087672
v -1.069595 -0.008064 -1.082295
v -1.068197 0.000928 -1.083370
v -1.065879 0.009473 -1.083208
v -1.040934 0.030007 -1.072706
v -1.047423 0.031291 -1.065579
v -1.038658 0.023182 -1.084367
v -1.047165 0.023711 -1.079283
v -1.055004 0.024400 -1.073444
v -1.042777 0.016908 -1.088715
v -1.052700 0.016989 -1.084842
v -1.061510 0.017240 -1.079916
v -0.294425 -0.297092 2.274918
v -0.323173 -0.279636 2.304207
v -0.300222 -0.296443 2.281079
v -0.306613 -0.294072 2.287724
v -0.312973 -0.290210 2.294204
v -0.318679 -0.285236 2.299883
v -0.702369 -0.298958 1.646546
v -0.739228 -0.280735 1.663159
v -0.709997 -0.298096 1.649885
v -0.718293 -0.295523 1.653573
v -0.726448 -0.291491 1.657248
v -0.733661 -0.286395 1.660551
v -0.912012 -0.280636 0.964771
v -0.872781 -0.298679 0.958286
v -0.906153 -0.286320 0.963509
v -0.898510 -0.291407 0.962092
v -0.889831 -0.295399 0.960657
v -0.880965 -0.297905 0.959346
v -0.899010 -0.272424 -0.954838
v -0.859909 -0.291017 -0.949616
v -0.875033 -0.268531 -0.982420
v -0.893137 -0.278097 -0.953922
v -0.885550 -0.283292 -0.952837
v -0.896251 -0.273967 -0.962164
v -0.890369 -0.278671 -0.960974
v -0.884310 -0.283081 -0.959778
v -0.892076 -0.274375 -0.969230
v -0.887347 -0.278811 -0.967383
v -0.882843 -0.282523 -0.965506
v -0.862652 -0.289798 -0.957428
v -0.865841 -0.286627 -0.965366
v -0.868060 -0.290022 -0.950573
v -0.870253 -0.288182 -0.958159
v -0.872397 -0.285858 -0.965194
v -0.876902 -0.287404 -0.951682
v -0.877601 -0.286208 -0.958826
v -0.878185 -0.284706 -0.964822
v -0.880895 -0.271468 -0.979815
v -0.886776 -0.273514 -0.975324
v -0.872344 -0.275389 -0.978448
v -0.877937 -0.277025 -0.975574
v -0.883229 -0.278285 -0.972265
v -0.869185 -0.281655 -0.972618
v -0.874964 -0.282091 -0.970951
v -0.879941 -0.282209 -0.968982
vn 0.5548 -0.6323 0.5408
vn 0.7964 -0.5200 0.3088
vn 0.8922 -0.4426 0.0903
vn -0.0000 -0.3541 -0.9352
vn -0.3552 -0.9332 -0.0537
vn -0.0000 -0.9215 0.3884
vn -0.4451 -0.8629 -0.2392
vn -0.4248 -0.7258 -0.5411
vn -0.7934 0.5268 -0.3048
vn -0.8915 0.4451 -0.0841
vn -0.0000 0.3981 0.9173
vn -0.5548 -0.6323 0.5408
vn -0.7964 -0.5200 0.3088
vn -0.8922 -0.4426 0.0903
vn 0.3552 -0.9332 -0.0537
vn 0.4451 -0.8629 -0.2392
vn 0.4248 -0.7258 -0.5411
vn 0.7934 0.5268 -0.3048
vn 0.8915 0.4451 -0.0841
vn 0.0438 -0.9979 0.0479
vn 0.4971 -0.6701 0.5512
vn 0.1434 -0.9773 0.1559
vn 0.2487 -0.9301 0.2704
vn 0.3419 -0.8626 0.3728
vn 0.4339 -0.7666 0.4733
vn 0.7400 -0.6667 0.0890
vn 0.0605 -0.9981 0.0071
vn 0.6367 -0.7674 0.0761
vn 0.5007 -0.8635 0.0598
vn 0.3621 -0.9311 0.0434
vn 0.2053 -0.9784 0.0245
vn 0.0557 -0.9982 0.0242
vn 0.6747 -0.6779 0.2921
vn 0.1891 -0.9785 0.0818
vn 0.3318 -0.9324 0.1436
vn 0.4565 -0.8675 0.1975
vn 0.5809 -0.7742 0.2513
vn 0.7369 -0.6731 -0.0624
vn 0.0571 -0.9960 -0.0690
vn 0.0613 -0.4683 -0.8814
vn 0.6337 -0.7707 -0.0662
vn 0.5029 -0.8624 -0.0589
vn 0.6713 -0.7070 -0.2227
vn 0.5893 -0.7840 -0.1950
vn 0.4860 -0.8587 -0.1626
vn 0.5730 -0.6994 -0.4272
vn 0.5243 -0.7645 -0.3750
vn 0.4512 -0.8363 -0.3114
vn 0.0711 -0.9682 -0.2398
vn 0.0619 -0.8975 -0.4366
vn 0.1978 -0.9776 -0.0724
vn 0.1921 -0.9590 -0.2081
vn 0.1566 -0.9105 -0.3827
vn 0.3469 -0.9357 -0.0636
vn 0.3218 -0.9322 -0.1657
vn 0.2808 -0.9066 -0.3151
vn 0.2195 -0.5739 -0.7889
vn 0.4112 -0.6518 -0.6372
vn 0.0670 -0.6157 -0.7851
vn 0.1923 -0.6788 -0.7087
vn 0.3617 -0.7242 -0.5871
vn 0.0561 -0.7697 -0.6360
vn 0.1565 -0.7941 -0.5872
vn 0.2985 -0.8080 -0.5080
vn 0.3205 -0.6389 0.6993
vn -0.3206 -0.6388 0.6994
vn -0.0000 -0.9958 0.0916
vn 0.2125 -0.6474 0.7319
vn 0.0756 -0.6536 0.7531
vn 0.2779 -0.7375 0.6155
vn 0.1928 -0.7286 0.6573
vn 0.0794 -0.7165 0.6930
vn 0.2233 -0.8386 0.4968
vn 0.1692 -0.8181 0.5496
vn 0.0779 -0.7944 0.6024
vn -0.2787 -0.7372 0.6155
vn -0.2239 -0.8390 0.4959
vn -0.2122 -0.6476 0.7318
vn -0.1920 -0.7276 0.6585
vn -0.1674 -0.8183 0.5499
vn -0.0758 -0.6539 0.7528
vn -0.0792 -0.7152 0.6944
vn -0.0772 -0.7943 0.6026
vn 0.0623 -0.9736 0.2196
vn 0.1478 -0.9233 0.3545
vn -0.0621 -0.9734 0.2204
vn -0.0010 -0.9507 0.3100
vn 0.0887 -0.9085 0.4085
vn -0.1470 -0.9234 0.3545
vn -0.0899 -0.9089 0.4073
vn -0.0005 -0.8817 0.4718
vn -0.0000 -0.9974 -0.0718
vn -0.0000 -0.4376 -0.8992
vn -0.0000 -0.9664 -0.2571
vn -0.0000 -0.8844 -0.4667
vn -0.0000 -0.7622 -0.6474
vn -0.0000 -0.5981 -0.8014
vn 0.9247 -0.3640 0.1112
vn -0.3264 -0.9442 -0.0442
vn 0.7864 -0.6101 0.0974
vn 0.5090 -0.8582 0.0656
vn 0.1821 -0.9829 0.0257
vn -0.1288 -0.9916 -0.0154
vn -0.0000 -0.4130 -0.9107
vn -0.0000 -0.9460 0.3241
vn -0.0000 -0.6188 -0.7855
vn -0.0000 -0.8396 -0.5432
vn -0.0000 -0.9730 -0.2307
vn -0.0000 -0.9952 0.0974
vn -0.4010 -0.8916 -0.2105
vn 0.7839 -0.5240 0.3332
vn -0.2207 -0.9679 -0.1206
vn 0.0645 -0.9978 0.0149
vn 0.3602 -0.9205 0.1515
vn 0.6261 -0.7319 0.2689
vn -0.3929 -0.7734 -0.4975
vn 0.4685 -0.7330 0.4931
vn -0.2714 -0.8993 -0.3430
vn -0.0739 -0.9921 -0.1013
vn 0.1356 -0.9809 0.1394
vn 0.3321 -0.8750 0.3523
vn 0.9401 -0.3339 -0.0680
vn 0.0639 -0.4339 -0.8987
vn -0.0242 -0.9383 0.3450
vn -0.3586 -0.9332 0.0226
vn 0.8783 -0.3982 -0.2647
vn 0.7165 -0.4741 -0.5117
vn 0.8122 -0.5809 -0.0544
vn 0.7651 -0.6060 -0.2175
vn 0.6327 -0.6474 -0.4249
vn 0.5328 -0.8446 -0.0523
vn 0.5197 -0.8346 -0.1828
vn 0.4667 -0.8228 -0.3242
vn 0.0658 -0.6430 -0.7631
vn 0.0685 -0.8594 -0.5067
vn 0.2485 -0.4675 -0.8484
vn 0.2262 -0.6595 -0.7168
vn 0.2015 -0.8519 -0.4834
vn 0.4895 -0.4958 -0.7173
vn 0.4276 -0.6679 -0.6091
vn 0.3402 -0.8323 -0.4376
vn -0.0677 -0.9545 0.2905
vn -0.1344 -0.9700 0.2028
vn 0.0075 -0.9897 0.1430
vn 0.0310 -0.9949 0.0965
vn 0.0128 -0.9992 0.0389
vn 0.0455 -0.9848 -0.1676
vn 0.1227 -0.9792 -0.1614
vn 0.1695 -0.9709 -0.1690
vn -0.1777 -0.9841 -0.0011
vn 0.1461 -0.9887 -0.0339
vn -0.3219 -0.9445 0.0661
vn -0.1335 -0.9910 -0.0127
vn 0.1522 -0.9835 -0.0974
vn -0.2244 -0.9663 0.1261
vn -0.0531 -0.9986 -0.0051
vn 0.1768 -0.9726 -0.1509
vn -0.2330 -0.8262 0.5130
vn 0.2309 -0.8256 0.5149
vn -0.2694 -0.6960 -0.6656
vn 0.2706 -0.6949 -0.6662
vn -0.1551 -0.8465 0.5093
vn -0.0485 -0.8593 0.5091
vn -0.1802 -0.9181 0.3531
vn -0.1348 -0.9225 0.3617
vn -0.0415 -0.9265 0.3740
vn -0.0698 -0.9907 0.1168
vn -0.0546 -0.9883 0.1424
vn -0.0146 -0.9856 0.1686
vn 0.1749 -0.9186 0.3544
vn 0.0652 -0.9914 0.1138
vn 0.1546 -0.8445 0.5128
vn 0.1334 -0.9221 0.3631
vn 0.0539 -0.9893 0.1357
vn 0.0511 -0.8580 0.5110
vn 0.0473 -0.9260 0.3745
vn 0.0174 -0.9861 0.1651
vn -0.1779 -0.7161 -0.6749
vn -0.0628 -0.7380 -0.6719
vn -0.1855 -0.8583 -0.4784
vn -0.1255 -0.8770 -0.4638
vn -0.0536 -0.8924 -0.4480
vn -0.0672 -0.9790 -0.1925
vn -0.0482 -0.9801 -0.1927
vn -0.0274 -0.9834 -0.1791
vn 0.1892 -0.8571 -0.4791
vn 0.0686 -0.9794 -0.1899
vn 0.1777 -0.7148 -0.6764
vn 0.1246 -0.8760 -0.4660
vn 0.0477 -0.9807 -0.1897
vn 0.0622 -0.7375 -0.6725
vn 0.0509 -0.8920 -0.4492
vn 0.0250 -0.9838 -0.1777
vn -0.2858 -0.6942 0.6606
vn 0.2858 -0.6942 0.6606
vn -0.1792 -0.7133 0.6776
vn -0.0574 -0.7228 0.6886
vn 0.0574 -0.7228 0.6886
vn 0.1792 -0.7133 0.6776
vn 0.8964 -0.4371 -0.0736
vn 0.0805 -0.3903 -0.9172
vn 0.8350 -0.4762 -0.2757
vn 0.6946 -0.5047 -0.5126
vn 0.5032 -0.4980 -0.7062
vn 0.2779 -0.4545 -0.8463
vn -0.3390 -0.9406 0.0178
vn -0.0307 -0.9256 0.3773
vn 0.7920 -0.4117 -0.4508
vn 0.7187 -0.3552 -0.5977
vn 0.6654 -0.3452 -0.6619
vn -0.0279 -0.9435 0.3302
vn 0.2926 -0.6142 -0.7329
vn -0.2926 -0.6142 -0.7329
vn 0.1900 -0.5998 -0.7773
vn 0.0609 -0.6074 -0.7921
vn -0.0609 -0.6074 -0.7921
vn -0.1900 -0.5998 -0.7773
vn -0.2665 0.7130 -0.6485
vn 0.2665 0.7130 -0.6485
vn -0.1676 0.7262 -0.6667
vn -0.0536 0.7344 -0.6765
vn 0.0536 0.7344 -0.6765
vn 0.1676 0.7262 -0.6667
vn -0.3386 0.6925 -0.6370
vn -0.6734 0.5864 -0.4502
vn -0.5222 0.6111 -0.5948
vn -0.4337 0.6419 -0.6324
vn -0.5346 0.5898 -0.6053
vn -0.6029 0.5684 -0.5599
vn -0.6538 0.5664 -0.5017
vn -0.1060 0.4300 0.8966
vn -0.9005 0.4275 0.0800
vn -0.3001 0.4879 0.8197
vn -0.5180 0.5143 0.6835
vn -0.7044 0.5041 0.4997
vn -0.8447 0.4599 0.2739
vn -0.3019 0.6515 -0.6959
vn -0.0000 0.9965 -0.0838
vn 0.3018 0.6516 -0.6959
vn -0.2600 0.7482 -0.6104
vn -0.2052 0.8478 -0.4889
vn -0.1999 0.6584 -0.7257
vn -0.1802 0.7378 -0.6505
vn -0.1569 0.8262 -0.5411
vn -0.0713 0.6641 -0.7442
vn -0.0745 0.7254 -0.6843
vn -0.0726 0.8022 -0.5927
vn 0.0486 0.9767 -0.2092
vn 0.1310 0.9291 -0.3458
vn -0.0485 0.9765 -0.2100
vn -0.0010 0.9542 -0.2993
vn 0.0826 0.9132 -0.3991
vn -0.1302 0.9292 -0.3458
vn -0.0838 0.9136 -0.3980
vn -0.0005 0.8866 -0.4626
vn 0.2002 0.6583 -0.7256
vn 0.0712 0.6639 -0.7444
vn 0.2590 0.7486 -0.6104
vn 0.1810 0.7388 -0.6492
vn 0.0748 0.7267 -0.6829
vn 0.2045 0.8475 -0.4899
vn 0.1588 0.8260 -0.5409
vn 0.0734 0.8022 -0.5925
vn -0.0000 0.4700 0.8827
vn -0.0000 0.9973 0.0728
vn -0.0000 0.6202 0.7844
vn -0.0000 0.7750 0.6320
vn -0.0000 0.8898 0.4564
vn -0.0000 0.9673 0.2535
vn -0.4394 -0.8959 -0.0655
vn -0.9769 0.1822 -0.1119
vn -0.6422 -0.7611 -0.0909
vn -0.8221 -0.5580 -0.1131
vn -0.9417 -0.3132 -0.1233
vn -0.9919 -0.0381 -0.1211
vn -0.0000 -0.8780 0.4787
vn -0.0000 0.3073 0.9516
vn -0.0000 -0.7314 0.6820
vn -0.0000 -0.4979 0.8672
vn -0.0000 -0.2168 0.9762
vn -0.0000 0.0801 0.9968
vn -0.8556 0.3611 -0.3709
vn -0.5129 -0.8114 -0.2803
vn -0.9015 0.1438 -0.4082
vn -0.8947 -0.1331 -0.4264
vn -0.8179 -0.4031 -0.4106
vn -0.6732 -0.6478 -0.3566
vn -0.3355 0.7186 -0.6092
vn -0.5099 -0.5868 -0.6290
vn -0.7263 0.4565 -0.5139
vn -0.4300 0.5494 -0.7164
vn -0.5041 0.2866 -0.8147
vn -0.4259 0.6847 -0.5914
vn -0.5164 0.5643 -0.6441
vn -0.6076 0.3446 -0.7156
vn -0.5150 0.6311 -0.5801
vn -0.5755 0.5348 -0.6187
vn -0.6359 0.3839 -0.6695
vn -0.7037 -0.4548 -0.5458
vn -0.7883 -0.2184 -0.5752
vn -0.5604 -0.3151 -0.7660
vn -0.7340 -0.2111 -0.6456
vn -0.7808 -0.0611 -0.6217
vn -0.5535 -0.0371 -0.8320
vn -0.6943 0.0293 -0.7191
vn -0.7304 0.0975 -0.6760
vn -0.6676 0.5013 -0.5505
vn -0.6043 0.5590 -0.5677
vn -0.7746 0.2813 -0.5664
vn -0.7244 0.3598 -0.5881
vn -0.6647 0.4502 -0.5962
vn -0.8053 0.0611 -0.5897
vn -0.7809 0.1685 -0.6015
vn -0.7244 0.2968 -0.6223
vn -0.5167 -0.8531 0.0721
vn -0.0820 -0.8816 0.4648
vn -0.1645 0.2618 0.9510
vn -0.9868 0.0364 0.1580
vn -0.5977 0.5268 0.6043
vn -0.7020 0.5167 0.4902
vn -0.6468 -0.7547 0.1098
vn -0.5921 -0.7702 0.2369
vn -0.4976 -0.8050 0.3230
vn -0.7885 -0.6034 0.1191
vn -0.7209 -0.6442 0.2554
vn -0.6234 -0.6772 0.3908
vn -0.1409 -0.7408 0.6567
vn -0.1600 -0.5426 0.8246
vn -0.1924 -0.8581 0.4760
vn -0.2928 -0.7810 0.5517
vn -0.3297 -0.6185 0.7133
vn -0.6295 0.5026 0.5926
vn -0.3760 -0.8103 0.4496
vn -0.4582 -0.6690 0.5852
vn -0.3580 0.2408 0.9021
vn -0.5887 0.2040 0.7822
vn -0.1830 0.0253 0.9828
vn -0.3949 -0.0500 0.9174
vn -0.6041 -0.1025 0.7903
vn -0.1746 -0.2630 0.9489
vn -0.3775 -0.3282 0.8659
vn -0.5622 -0.3732 0.7380
vn -0.9739 -0.1724 0.1477
vn -0.9088 -0.3964 0.1301
vn -0.9296 0.0617 0.3635
vn -0.9098 -0.2248 0.3490
vn -0.8532 -0.4265 0.3004
vn -0.7980 0.1378 0.5867
vn -0.8122 -0.1698 0.5581
vn -0.7660 -0.4127 0.4929
vn 0.2836 -0.5045 -0.8155
vn -0.2843 -0.5052 -0.8148
vn -0.2248 0.7296 -0.6459
vn 0.2258 0.7303 -0.6448
vn 0.1778 -0.4753 -0.8617
vn 0.0629 -0.4802 -0.8749
vn 0.2997 -0.2932 -0.9079
vn 0.1750 -0.2545 -0.9511
vn 0.0725 -0.2701 -0.9601
vn 0.3192 -0.0161 -0.9475
vn 0.1918 0.0039 -0.9814
vn 0.0830 -0.0066 -0.9965
vn -0.3017 -0.2942 -0.9069
vn -0.3206 -0.0144 -0.9471
vn -0.1773 -0.4762 -0.8612
vn -0.1740 -0.2565 -0.9507
vn -0.1915 0.0066 -0.9815
vn -0.0626 -0.4804 -0.8748
vn -0.0708 -0.2709 -0.9600
vn -0.0820 -0.0053 -0.9966
vn -0.1320 0.7384 -0.6613
vn -0.0472 0.7446 -0.6658
vn -0.2581 0.5590 -0.7880
vn -0.1393 0.5778 -0.8042
vn -0.0593 0.5965 -0.8004
vn -0.3038 0.3019 -0.9036
vn -0.1775 0.3467 -0.9210
vn -0.0772 0.3665 -0.9272
vn 0.2605 0.5596 -0.7868
vn 0.3055 0.2999 -0.9037
vn 0.1316 0.7396 -0.6601
vn 0.1386 0.5796 -0.8030
vn 0.1774 0.3437 -0.9222
vn 0.0467 0.7450 -0.6654
vn 0.0570 0.5972 -0.8000
vn 0.0760 0.3649 -0.9279
vn -0.4797 0.6871 -0.5457
vn -0.0295 0.9987 -0.0421
vn -0.4147 0.7810 -0.4670
vn -0.3211 0.8738 -0.3653
vn -0.2274 0.9378 -0.2622
vn -0.1223 0.9815 -0.1473
vn -0.6601 0.6950 -0.2850
vn -0.0451 0.9988 -0.0200
vn -0.5650 0.7881 -0.2445
vn -0.4401 0.8775 -0.1906
vn -0.3157 0.9389 -0.1369
vn -0.1738 0.9819 -0.0756
vn -0.0527 0.9986 -0.0042
vn -0.7256 0.6831 -0.0829
vn -0.1944 0.9807 -0.0202
vn -0.3494 0.9362 -0.0386
vn -0.4866 0.8719 -0.0546
vn -0.6219 0.7799 -0.0706
vn -0.7242 0.6862 0.0680
vn -0.0783 0.4879 0.8694
vn -0.0547 0.9960 0.0712
vn -0.6635 0.7143 0.2228
vn -0.5711 0.7036 0.4228
vn -0.6212 0.7803 0.0721
vn -0.5812 0.7898 0.1961
vn -0.5204 0.7675 0.3744
vn -0.4931 0.8675 0.0649
vn -0.4806 0.8615 0.1639
vn -0.4487 0.8378 0.3111
vn -0.0782 0.6256 0.7762
vn -0.0653 0.7760 0.6273
vn -0.2332 0.5784 0.7817
vn -0.2057 0.6774 0.7062
vn -0.1678 0.7932 0.5854
vn -0.4170 0.6562 0.6288
vn -0.3683 0.7232 0.5843
vn -0.3057 0.8067 0.5057
vn -0.1930 0.9782 0.0764
vn -0.3400 0.9380 0.0681
vn -0.0766 0.9681 0.2386
vn -0.1941 0.9579 0.2114
vn -0.3197 0.9320 0.1708
vn -0.0705 0.8999 0.4303
vn -0.1606 0.9097 0.3830
vn -0.2827 0.9059 0.3152
vn -0.4971 -0.6701 0.5512
vn -0.0438 -0.9979 0.0479
vn -0.4339 -0.7666 0.4733
vn -0.3419 -0.8626 0.3728
vn -0.2487 -0.9301 0.2704
vn -0.1434 -0.9773 0.1559
vn -0.0605 -0.9981 0.0071
vn -0.7400 -0.6667 0.0890
vn -0.2053 -0.9784 0.0245
vn -0.3621 -0.9311 0.0434
vn -0.5007 -0.8635 0.0598
vn -0.6367 -0.7674 0.0761
vn -0.6747 -0.6779 0.2921
vn -0.0557 -0.9982 0.0242
vn -0.5809 -0.7742 0.2513
vn -0.4565 -0.8675 0.1975
vn -0.3318 -0.9324 0.1436
vn -0.1891 -0.9785 0.0818
vn -0.7371 -0.6729 -0.0622
vn -0.0613 -0.4684 -0.8814
vn -0.0573 -0.9960 -0.0692
vn -0.6724 -0.7060 -0.2223
vn -0.5732 -0.6984 -0.4286
vn -0.6333 -0.7710 -0.0662
vn -0.5888 -0.7848 -0.1933
vn -0.5222 -0.7654 -0.3762
vn -0.5031 -0.8622 -0.0591
vn -0.4858 -0.8592 -0.1606
vn -0.4499 -0.8370 -0.3114
vn -0.0665 -0.6150 -0.7857
vn -0.0554 -0.7701 -0.6355
vn -0.2198 -0.5750 -0.7881
vn -0.1948 -0.6780 -0.7088
vn -0.1583 -0.7944 -0.5864
vn -0.4101 -0.6523 -0.6374
vn -0.3620 -0.7230 -0.5884
vn -0.2996 -0.8073 -0.5084
vn -0.1975 -0.9776 -0.0724
vn -0.3469 -0.9357 -0.0633
vn -0.0723 -0.9680 -0.2401
vn -0.1912 -0.9589 -0.2095
vn -0.3207 -0.9322 -0.1680
vn -0.0634 -0.8979 -0.4356
vn -0.1543 -0.9111 -0.3821
vn -0.2801 -0.9070 -0.3146
vn 0.3264 -0.9442 -0.0442
vn -0.9247 -0.3640 0.1112
vn 0.1288 -0.9916 -0.0154
vn -0.1821 -0.9829 0.0257
vn -0.5090 -0.8582 0.0656
vn -0.7864 -0.6101 0.0974
vn -0.7839 -0.5240 0.3332
vn 0.4010 -0.8916 -0.2105
vn -0.6261 -0.7319 0.2689
vn -0.3602 -0.9205 0.1515
vn -0.0645 -0.9978 0.0149
vn 0.2207 -0.9679 -0.1206
vn -0.4685 -0.7330 0.4931
vn 0.3929 -0.7734 -0.4975
vn -0.3321 -0.8750 0.3523
vn -0.1356 -0.9809 0.1394
vn 0.0739 -0.9921 -0.1013
vn 0.2714 -0.8993 -0.3430
vn -0.9405 -0.3322 -0.0719
vn 0.3578 -0.9335 0.0227
vn 0.0240 -0.9380 0.3459
vn -0.0607 -0.4354 -0.8982
vn -0.8104 -0.5825 -0.0621
vn -0.5252 -0.8492 -0.0556
vn -0.8802 -0.3911 -0.2689
vn -0.7649 -0.6051 -0.2208
vn -0.5118 -0.8405 -0.1777
vn -0.7214 -0.4688 -0.5097
vn -0.6393 -0.6457 -0.4175
vn -0.4661 -0.8257 -0.3176
vn 0.3212 -0.9448 0.0652
vn 0.2242 -0.9664 0.1255
vn 0.1753 -0.9845 0.0005
vn 0.1334 -0.9909 -0.0146
vn 0.0533 -0.9986 -0.0071
vn -0.1444 -0.9890 -0.0317
vn -0.1487 -0.9843 -0.0955
vn -0.1745 -0.9729 -0.1516
vn -0.0095 -0.9893 0.1455
vn -0.0481 -0.9845 -0.1688
vn 0.0687 -0.9541 0.2916
vn -0.0291 -0.9948 0.0972
vn -0.1240 -0.9785 -0.1646
vn 0.1354 -0.9698 0.2029
vn -0.0101 -0.9992 0.0387
vn -0.1687 -0.9707 -0.1714
vn -0.2454 -0.4736 -0.8459
vn -0.4921 -0.5000 -0.7126
vn -0.0586 -0.6419 -0.7645
vn -0.2237 -0.6604 -0.7168
vn -0.4354 -0.6686 -0.6028
vn -0.0650 -0.8558 -0.5132
vn -0.2055 -0.8466 -0.4909
vn -0.3467 -0.8292 -0.4384
vn -0.0805 -0.3903 -0.9172
vn -0.8964 -0.4371 -0.0736
vn -0.2779 -0.4545 -0.8463
vn -0.5032 -0.4980 -0.7062
vn -0.6946 -0.5047 -0.5126
vn -0.8350 -0.4762 -0.2758
vn 0.0307 -0.9256 0.3773
vn 0.3390 -0.9406 0.0178
vn 0.0279 -0.9435 0.3302
vn -0.6654 -0.3452 -0.6618
vn -0.7188 -0.3552 -0.5977
vn -0.7920 -0.4117 -0.4508
vn 0.6734 0.5864 -0.4502
vn 0.3385 0.6925 -0.6370
vn 0.5222 0.6111 -0.5948
vn 0.6538 0.5664 -0.5017
vn 0.6029 0.5684 -0.5599
vn 0.5346 0.5898 -0.6053
vn 0.4337 0.6419 -0.6324
vn 0.9005 0.4275 0.0800
vn 0.1060 0.4300 0.8966
vn 0.8447 0.4599 0.2739
vn 0.7044 0.5041 0.4997
vn 0.5180 0.5143 0.6835
vn 0.3001 0.4879 0.8197
vn 0.9769 0.1822 -0.1119
vn 0.4394 -0.8959 -0.0655
vn 0.9919 -0.0381 -0.1211
vn 0.9417 -0.3132 -0.1233
vn 0.8221 -0.5580 -0.1131
vn 0.6422 -0.7611 -0.0909
vn 0.5129 -0.8114 -0.2803
vn 0.8556 0.3611 -0.3709
vn 0.6732 -0.6478 -0.3566
vn 0.8179 -0.4031 -0.4106
vn 0.8947 -0.1331 -0.4264
vn 0.9015 0.1438 -0.4082
vn 0.3366 0.7179 -0.6093
vn 0.7264 0.4565 -0.5137
vn 0.5099 -0.5869 -0.6289
vn 0.4260 0.6840 -0.5921
vn 0.5155 0.6306 -0.5802
vn 0.4324 0.5486 -0.7156
vn 0.5163 0.5632 -0.6451
vn 0.5748 0.5341 -0.6200
vn 0.5046 0.2887 -0.8137
vn 0.6059 0.3492 -0.7148
vn 0.6328 0.3865 -0.6709
vn 0.7752 0.2809 -0.5657
vn 0.8063 0.0584 -0.5886
vn 0.6676 0.5017 -0.5500
vn 0.7244 0.3603 -0.5878
vn 0.7795 0.1693 -0.6031
vn 0.6031 0.5602 -0.5678
vn 0.6626 0.4534 -0.5962
vn 0.7245 0.2948 -0.6230
vn 0.5598 -0.3165 -0.7658
vn 0.5527 -0.0363 -0.8326
vn 0.7041 -0.4536 -0.5463
vn 0.7353 -0.2118 -0.6438
vn 0.6940 0.0317 -0.7193
vn 0.7879 -0.2197 -0.5753
vn 0.7811 -0.0617 -0.6213
vn 0.7316 0.0985 -0.6746
vn 0.5166 -0.8533 0.0713
vn 0.9868 0.0367 0.1577
vn 0.1643 0.2621 0.9510
vn 0.0829 -0.8815 0.4649
vn 0.6468 -0.7548 0.1087
vn 0.7892 -0.6026 0.1184
vn 0.5942 0.5256 0.6088
vn 0.5907 -0.7713 0.2372
vn 0.7212 -0.6436 0.2562
vn 0.7022 0.5162 0.4904
vn 0.4966 -0.8055 0.3233
vn 0.6238 -0.6767 0.3912
vn 0.9299 0.0630 0.3625
vn 0.7974 0.1391 0.5872
vn 0.9736 -0.1736 0.1482
vn 0.9102 -0.2262 0.3470
vn 0.8117 -0.1699 0.5588
vn 0.9091 -0.3956 0.1306
vn 0.8531 -0.4269 0.2999
vn 0.7656 -0.4131 0.4931
vn 0.1815 0.0272 0.9830
vn 0.1737 -0.2643 0.9487
vn 0.3593 0.2397 0.9019
vn 0.3967 -0.0484 0.9167
vn 0.3773 -0.3285 0.8658
vn 0.5879 0.2035 0.7830
vn 0.6041 -0.1025 0.7903
vn 0.5627 -0.3731 0.7377
vn 0.1921 -0.8574 0.4774
vn 0.6296 0.5032 0.5919
vn 0.1426 -0.7408 0.6565
vn 0.2929 -0.7799 0.5531
vn 0.3754 -0.8098 0.4510
vn 0.1612 -0.5439 0.8235
vn 0.3286 -0.6201 0.7124
vn 0.4573 -0.6698 0.5850
vn 0.0295 0.9987 -0.0421
vn 0.4797 0.6871 -0.5457
vn 0.1223 0.9815 -0.1473
vn 0.2274 0.9378 -0.2622
vn 0.3211 0.8738 -0.3653
vn 0.4147 0.7810 -0.4670
vn 0.0451 0.9988 -0.0200
vn 0.6601 0.6950 -0.2850
vn 0.1738 0.9819 -0.0756
vn 0.3157 0.9389 -0.1369
vn 0.4401 0.8775 -0.1906
vn 0.5650 0.7881 -0.2445
vn 0.7256 0.6831 -0.0829
vn 0.0527 0.9986 -0.0042
vn 0.6219 0.7799 -0.0706
vn 0.4866 0.8719 -0.0546
vn 0.3494 0.9362 -0.0386
vn 0.1944 0.9807 -0.0202
vn 0.7240 0.6864 0.0682
vn 0.0545 0.9960 0.0711
vn 0.0783 0.4878 0.8694
vn 0.6215 0.7800 0.0722
vn 0.4929 0.8677 0.0647
vn 0.6623 0.7152 0.2232
vn 0.5817 0.7890 0.1978
vn 0.4808 0.8610 0.1658
vn 0.5708 0.7046 0.4215
vn 0.5225 0.7667 0.3731
vn 0.4501 0.8371 0.3110
vn 0.0754 0.9683 0.2383
vn 0.0690 0.8996 0.4313
vn 0.1933 0.9782 0.0763
vn 0.1950 0.9581 0.2100
vn 0.1628 0.9090 0.3836
vn 0.3400 0.9379 0.0683
vn 0.3208 0.9320 0.1685
vn 0.2835 0.9055 0.3157
vn 0.2329 0.5774 0.7825
vn 0.4182 0.6557 0.6286
vn 0.0786 0.6263 0.7756
vn 0.2032 0.6782 0.7062
vn 0.3678 0.7244 0.5830
vn 0.0659 0.7756 0.6277
vn 0.1660 0.7930 0.5862
vn 0.3045 0.8074 0.5054
vt 0.000000 0.000000
s 1
f 38/1/38 41/1/41 44/1/44 43/1/43
f 41/1/41 42/1/42 45/1/45 44/1/44
f 42/1/42 54/1/54 55/1/55 45/1/45
f 43/1/43 44/1/44 47/1/47 46/1/46
f 44/1/44 45/1/45 48/1/48 47/1/47
f 45/1/45 55/1/55 56/1/56 48/1/48
f 39/1/39 49/1/49 52/1/52 51/1/51
f 49/1/49 50/1/50 53/1/53 52/1/52
f 50/1/50 62/1/62 63/1/63 53/1/53
f 51/1/51 52/1/52 55/1/55 54/1/54
f 52/1/52 53/1/53 56/1/56 55/1/55
f 53/1/53 63/1/63 64/1/64 56/1/56
f 40/1/40 57/1/57 60/1/60 59/1/59
f 57/1/57 58/1/58 61/1/61 60/1/60
f 58/1/58 46/1/46 47/1/47 61/1/61
f 59/1/59 60/1/60 63/1/63 62/1/62
f 60/1/60 61/1/61 64/1/64 63/1/63
f 61/1/61 47/1/47 48/1/48 64/1/64
f 48/1/48 56/1/56 64/1/64
f 65/1/65 68/1/68 71/1/71 70/1/70
f 68/1/68 69/1/69 72/1/72 71/1/71
f 69/1/69 81/1/81 82/1/82 72/1/72
f 70/1/70 71/1/71 74/1/74 73/1/73
f 71/1/71 72/1/72 75/1/75 74/1/74
f 72/1/72 82/1/82 83/1/83 75/1/75
f 66/1/66 76/1/76 79/1/79 78/1/78
f 76/1/76 77/1/77 80/1/80 79/1/79
f 77/1/77 89/1/89 90/1/90 80/1/80
f 78/1/78 79/1/79 82/1/82 81/1/81
f 79/1/79 80/1/80 83/1/83 82/1/82
f 80/1/80 90/1/90 91/1/91 83/1/83
f 67/1/67 84/1/84 87/1/87 86/1/86
f 84/1/84 85/1/85 88/1/88 87/1/87
f 85/1/85 73/1/73 74/1/74 88/1/88
f 86/1/86 87/1/87 90/1/90 89/1/89
f 87/1/87 88/1/88 91/1/91 90/1/90
f 88/1/88 74/1/74 75/1/75 91/1/91
f 75/1/75 83/1/83 91/1/91
f 122/1/122 126/1/126 129/1/129 128/1/128
f 126/1/126 127/1/127 130/1/130 129/1/129
f 127/1/127 139/1/139 140/1/140 130/1/130
f 128/1/128 129/1/129 132/1/132 131/1/131
f 129/1/129 130/1/130 133/1/133 132/1/132
f 130/1/130 140/1/140 141/1/141 133/1/133
f 123/1/123 134/1/134 137/1/137 136/1/136
f 134/1/134 135/1/135 138/1/138 137/1/137
f 135/1/135 147/1/147 148/1/148 138/1/138
f 136/1/136 137/1/137 140/1/140 139/1/139
f 137/1/137 138/1/138 141/1/141 140/1/140
f 138/1/138 148/1/148 149/1/149 141/1/141
f 124/1/124 142/1/142 145/1/145 144/1/144
f 142/1/142 143/1/143 146/1/146 145/1/145
f 143/1/143 155/1/155 156/1/156 146/1/146
f 144/1/144 145/1/145 148/1/148 147/1/147
f 145/1/145 146/1/146 149/1/149 148/1/148
f 146/1/146 156/1/156 157/1/157 149/1/149
f 125/1/125 150/1/150 153/1/153 152/1/152
f 150/1/150 151/1/151 154/1/154 153/1/153
f 151/1/151 131/1/131 132/1/132 154/1/154
f 152/1/152 153/1/153 156/1/156 155/1/155
f 153/1/153 154/1/154 157/1/157 156/1/156
f 154/1/154 132/1/132 133/1/133 157/1/157
f 133/1/133 141/1/141 149/1/149 157/1/157
f 158/1/158 162/1/162 165/1/165 164/1/164
f 162/1/162 163/1/163 166/1/166 165/1/165
f 163/1/163 175/1/175 176/1/176 166/1/166
f 164/1/164 165/1/165 168/1/168 167/1/167
f 165/1/165 166/1/166 169/1/169 168/1/168
f 166/1/166 176/1/176 177/1/177 169/1/169
f 159/1/159 170/1/170 173/1/173 172/1/172
f 170/1/170 171/1/171 174/1/174 173/1/173
f 171/1/171 183/1/183 184/1/184 174/1/174
f 172/1/172 173/1/173 176/1/176 175/1/175
f 173/1/173 174/1/174 177/1/177 176/1/176
f 174/1/174 184/1/184 185/1/185 177/1/177
f 160/1/160 178/1/178 181/1/181 180/1/180
f 178/1/178 179/1/179 182/1/182 181/1/181
f 179/1/179 191/1/191 192/1/192 182/1/182
f 180/1/180 181/1/181 184/1/184 183/1/183
f 181/1/181 182/1/182 185/1/185 184/1/184
f 182/1/182 192/1/192 193/1/193 185/1/185
f 161/1/161 186/1/186 189/1/189 188/1/188
f 186/1/186 187/1/187 190/1/190 189/1/189
f 187/1/187 167/1/167 168/1/168 190/1/190
f 188/1/188 189/1/189 192/1/192 191/1/191
f 189/1/189 190/1/190 193/1/193 192/1/192
f 190/1/190 168/1/168 169/1/169 193/1/193
f 169/1/169 177/1/177 185/1/185 193/1/193
f 224/1/224 227/1/227 226/1/226
f 227/1/227 228/1/228 226/1/226
f 228/1/228 229/1/229 226/1/226
f 229/1/229 230/1/230 226/1/226
f 230/1/230 225/1/225 226/1/226
f 237/1/237 240/1/240 243/1/243 242/1/242
f 240/1/240 241/1/241 244/1/244 243/1/243
f 241/1/241 253/1/253 254/1/254 244/1/244
f 242/1/242 243/1/243 246/1/246 245/1/245
f 243/1/243 244/1/244 247/1/247 246/1/246
f 244/1/244 254/1/254 255/1/255 247/1/247
f 238/1/238 248/1/248 251/1/251 250/1/250
f 248/1/248 249/1/249 252/1/252 251/1/251
f 249/1/249 261/1/261 262/1/262 252/1/252
f 250/1/250 251/1/251 254/1/254 253/1/253
f 251/1/251 252/1/252 255/1/255 254/1/254
f 252/1/252 262/1/262 263/1/263 255/1/255
f 239/1/239 256/1/256 259/1/259 258/1/258
f 256/1/256 257/1/257 260/1/260 259/1/259
f 257/1/257 245/1/245 246/1/246 260/1/260
f 258/1/258 259/1/259 262/1/262 261/1/261
f 259/1/259 260/1/260 263/1/263 262/1/262
f 260/1/260 246/1/246 247/1/247 263/1/263
f 247/1/247 255/1/255 263/1/263
f 288/1/288 291/1/291 294/1/294 293/1/293
f 291/1/291 292/1/292 295/1/295 294/1/294
f 292/1/292 304/1/304 305/1/305 295/1/295
f 293/1/293 294/1/294 297/1/297 296/1/296
f 294/1/294 295/1/295 298/1/298 297/1/297
f 295/1/295 305/1/305 306/1/306 298/1/298
f 289/1/289 299/1/299 302/1/302 301/1/301
f 299/1/299 300/1/300 303/1/303 302/1/302
f 300/1/300 312/1/312 313/1/313 303/1/303
f 301/1/301 302/1/302 305/1/305 304/1/304
f 302/1/302 303/1/303 306/1/306 305/1/305
f 303/1/303 313/1/313 314/1/314 306/1/306
f 290/1/290 307/1/307 310/1/310 309/1/309
f 307/1/307 308/1/308 311/1/311 310/1/310
f 308/1/308 296/1/296 297/1/297 311/1/311
f 309/1/309 310/1/310 313/1/313 312/1/312
f 310/1/310 311/1/311 314/1/314 313/1/313
f 311/1/311 297/1/297 298/1/298 314/1/314
f 298/1/298 306/1/306 314/1/314
f 315/1/315 319/1/319 322/1/322 321/1/321
f 319/1/319 320/1/320 323/1/323 322/1/322
f 320/1/320 332/1/332 333/1/333 323/1/323
f 321/1/321 322/1/322 325/1/325 324/1/324
f 322/1/322 323/1/323 326/1/326 325/1/325
f 323/1/323 333/1/333 334/1/334 326/1/326
f 316/1/316 327/1/327 330/1/330 329/1/329
f 327/1/327 328/1/328 331/1/331 330/1/330
f 328/1/328 340/1/340 341/1/341 331/1/331
f 329/1/329 330/1/330 333/1/333 332/1/332
f 330/1/330 331/1/331 334/1/334 333/1/333
f 331/1/331 341/1/341 342/1/342 334/1/334
f 317/1/317 335/1/335 338/1/338 337/1/337
f 335/1/335 336/1/336 339/1/339 338/1/338
f 336/1/336 348/1/348 349/1/349 339/1/339
f 337/1/337 338/1/338 341/1/341 340/1/340
f 338/1/338 339/1/339 342/1/342 341/1/341
f 339/1/339 349/1/349 350/1/350 342/1/342
f 318/1/318 343/1/343 346/1/346 345/1/345
f 343/1/343 344/1/344 347/1/347 346/1/346
f 344/1/344 324/1/324 325/1/325 347/1/347
f 345/1/345 346/1/346 349/1/349 348/1/348
f 346/1/346 347/1/347 350/1/350 349/1/349
f 347/1/347 325/1/325 326/1/326 350/1/350
f 326/1/326 334/1/334 342/1/342 350/1/350
f 351/1/351 355/1/355 358/1/358 357/1/357
f 355/1/355 356/1/356 359/1/359 358/1/358
f 356/1/356 368/1/368 369/1/369 359/1/359
f 357/1/357 358/1/358 361/1/361 360/1/360
f 358/1/358 359/1/359 362/1/362 361/1/361
f 359/1/359 369/1/369 370/1/370 362/1/362
f 352/1/352 363/1/363 366/1/366 365/1/365
f 363/1/363 364/1/364 367/1/367 366/1/366
f 364/1/364 376/1/376 377/1/377 367/1/367
f 365/1/365 366/1/366 369/1/369 368/1/368
f 366/1/366 367/1/367 370/1/370 369/1/369
f 367/1/367 377/1/377 378/1/378 370/1/370
f 353/1/353 371/1/371 374/1/374 373/1/373
f 371/1/371 372/1/372 375/1/375 374/1/374
f 372/1/372 384/1/384 385/1/385 375/1/375
f 373/1/373 374/1/374 377/1/377 376/1/376
f 374/1/374 375/1/375 378/1/378 377/1/377
f 375/1/375 385/1/385 386/1/386 378/1/378
f 354/1/354 379/1/379 382/1/382 381/1/381
f 379/1/379 380/1/380 383/1/383 382/1/382
f 380/1/380 360/1/360 361/1/361 383/1/383
f 381/1/381 382/1/382 385/1/385 384/1/384
f 382/1/382 383/1/383 386/1/386 385/1/385
f 383/1/383 361/1/361 362/1/362 386/1/386
f 362/1/362 370/1/370 378/1/378 386/1/386
f 405/1/405 408/1/408 411/1/411 410/1/410
f 408/1/408 409/1/409 412/1/412 411/1/411
f 409/1/409 421/1/421 422/1/422 412/1/412
f 410/1/410 411/1/411 414/1/414 413/1/413
f 411/1/411 412/1/412 415/1/415 414/1/414
f 412/1/412 422/1/422 423/1/423 415/1/415
f 406/1/406 416/1/416 419/1/419 418/1/418
f 416/1/416 417/1/417 420/1/420 419/1/419
f 417/1/417 429/1/429 430/1/430 420/1/420
f 418/1/418 419/1/419 422/1/422 421/1/421
f 419/1/419 420/1/420 423/1/423 422/1/422
f 420/1/420 430/1/430 431/1/431 423/1/423
f 407/1/407 424/1/424 427/1/427 426/1/426
f 424/1/424 425/1/425 428/1/428 427/1/427
f 425/1/425 413/1/413 414/1/414 428/1/428
f 426/1/426 427/1/427 430/1/430 429/1/429
f 427/1/427 428/1/428 431/1/431 430/1/430
f 428/1/428 414/1/414 415/1/415 431/1/431
f 415/1/415 423/1/423 431/1/431
f 450/1/450 453/1/453 456/1/456 455/1/455
f 453/1/453 454/1/454 457/1/457 456/1/456
f 454/1/454 466/1/466 467/1/467 457/1/457
f 455/1/455 456/1/456 459/1/459 458/1/458
f 456/1/456 457/1/457 460/1/460 459/1/459
f 457/1/457 467/1/467 468/1/468 460/1/460
f 451/1/451 461/1/461 464/1/464 463/1/463
f 461/1/461 462/1/462 465/1/465 464/1/464
f 462/1/462 474/1/474 475/1/475 465/1/465
f 463/1/463 464/1/464 467/1/467 466/1/466
f 464/1/464 465/1/465 468/1/468 467/1/467
f 465/1/465 475/1/475 476/1/476 468/1/468
f 452/1/452 469/1/469 472/1/472 471/1/471
f 469/1/469 470/1/470 473/1/473 472/1/472
f 470/1/470 458/1/458 459/1/459 473/1/473
f 471/1/471 472/1/472 475/1/475 474/1/474
f 472/1/472 473/1/473 476/1/476 475/1/475
f 473/1/473 459/1/459 460/1/460 476/1/476
f 460/1/460 468/1/468 476/1/476
f 495/1/495 499/1/499 502/1/502 501/1/501
f 499/1/499 500/1/500 503/1/503 502/1/502
f 500/1/500 512/1/512 513/1/513 503/1/503
f 501/1/501 502/1/502 505/1/505 504/1/504
f 502/1/502 503/1/503 506/1/506 505/1/505
f 503/1/503 513/1/513 514/1/514 506/1/506
f 496/1/496 507/1/507 510/1/510 509/1/509
f 507/1/507 508/1/508 511/1/511 510/1/510
f 508/1/508 520/1/520 521/1/521 511/1/511
f 509/1/509 510/1/510 513/1/513 512/1/512
f 510/1/510 511/1/511 514/1/514 513/1/513
f 511/1/511 521/1/521 522/1/522 514/1/514
f 497/1/497 515/1/515 518/1/518 517/1/517
f 515/1/515 516/1/516 519/1/519 518/1/518
f 516/1/516 528/1/528 529/1/529 519/1/519
f 517/1/517 518/1/518 521/1/521 520/1/520
f 518/1/518 519/1/519 522/1/522 521/1/521
f 519/1/519 529/1/529 530/1/530 522/1/522
f 498/1/498 523/1/523 526/1/526 525/1/525
f 523/1/523 524/1/524 527/1/527 526/1/526
f 524/1/524 504/1/504 505/1/505 527/1/527
f 525/1/525 526/1/526 529/1/529 528/1/528
f 526/1/526 527/1/527 530/1/530 529/1/529
f 527/1/527 505/1/505 506/1/506 530/1/530
f 506/1/506 514/1/514 522/1/522 530/1/530
f 543/1/543 546/1/546 545/1/545
f 546/1/546 547/1/547 545/1/545
f 547/1/547 548/1/548 545/1/545
f 548/1/548 549/1/549 545/1/545
f 549/1/549 544/1/544 545/1/545
f 568/1/568 571/1/571 574/1/574 573/1/573
f 571/1/571 572/1/572 575/1/575 574/1/574
f 572/1/572 584/1/584 585/1/585 575/1/575
f 573/1/573 574/1/574 577/1/577 576/1/576
f 574/1/574 575/1/575 578/1/578 577/1/577
f 575/1/575 585/1/585 586/1/586 578/1/578
f 569/1/569 579/1/579 582/1/582 581/1/581
f 579/1/579 580/1/580 583/1/583 582/1/582
f 580/1/580 592/1/592 593/1/593 583/1/583
f 581/1/581 582/1/582 585/1/585 584/1/584
f 582/1/582 583/1/583 586/1/586 585/1/585
f 583/1/583 593/1/593 594/1/594 586/1/586
f 570/1/570 587/1/587 590/1/590 589/1/589
f 587/1/587 588/1/588 591/1/591 590/1/590
f 588/1/588 576/1/576 577/1/577 591/1/591
f 589/1/589 590/1/590 593/1/593 592/1/592
f 590/1/590 591/1/591 594/1/594 593/1/593
f 591/1/591 577/1/577 578/1/578 594/1/594
f 578/1/578 586/1/586 594/1/594
f 595/1/595 599/1/599 602/1/602 601/1/601
f 599/1/599 600/1/600 603/1/603 602/1/602
f 600/1/600 612/1/612 613/1/613 603/1/603
f 601/1/601 602/1/602 605/1/605 604/1/604
f 602/1/602 603/1/603 606/1/606 605/1/605
f 603/1/603 613/1/613 614/1/614 606/1/606
f 596/1/596 607/1/607 610/1/610 609/1/609
f 607/1/607 608/1/608 611/1/611 610/1/610
f 608/1/608 620/1/620 621/1/621 611/1/611
f 609/1/609 610/1/610 613/1/613 612/1/612
f 610/1/610 611/1/611 614/1/614 613/1/613
f 611/1/611 621/1/621 622/1/622 614/1/614
f 597/1/597 615/1/615 618/1/618 617/1/617
f 615/1/615 616/1/616 619/1/619 618/1/618
f 616/1/616 628/1/628 629/1/629 619/1/619
f 617/1/617 618/1/618 621/1/621 620/1/620
f 618/1/618 619/1/619 622/1/622 621/1/621
f 619/1/619 629/1/629 630/1/630 622/1/622
f 598/1/598 623/1/623 626/1/626 625/1/625
f 623/1/623 624/1/624 627/1/627 626/1/626
f 624/1/624 604/1/604 605/1/605 627/1/627
f 625/1/625 626/1/626 629/1/629 628/1/628
f 626/1/626 627/1/627 630/1/630 629/1/629
f 627/1/627 605/1/605 606/1/606 630/1/630
f 606/1/606 614/1/614 622/1/622 630/1/630
f 649/1/649 652/1/652 655/1/655 654/1/654
f 652/1/652 653/1/653 656/1/656 655/1/655
f 653/1/653 665/1/665 666/1/666 656/1/656
f 654/1/654 655/1/655 658/1/658 657/1/657
f 655/1/655 656/1/656 659/1/659 658/1/658
f 656/1/656 666/1/666 667/1/667 659/1/659
f 650/1/650 660/1/660 663/1/663 662/1/662
f 660/1/660 661/1/661 664/1/664 663/1/663
f 661/1/661 673/1/673 674/1/674 664/1/664
f 662/1/662 663/1/663 666/1/666 665/1/665
f 663/1/663 664/1/664 667/1/667 666/1/666
f 664/1/664 674/1/674 675/1/675 667/1/667
f 651/1/651 668/1/668 671/1/671 670/1/670
f 668/1/668 669/1/669 672/1/672 671/1/671
f 669/1/669 657/1/657 658/1/658 672/1/672
f 670/1/670 671/1/671 674/1/674 673/1/673
f 671/1/671 672/1/672 675/1/675 674/1/674
f 672/1/672 658/1/658 659/1/659 675/1/675
f 659/1/659 667/1/667 675/1/675
f 201/1/201 123/1/123 136/1/136 205/1/205
f 205/1/205 136/1/136 139/1/139 204/1/204
f 204/1/204 139/1/139 127/1/127 203/1/203
f 203/1/203 127/1/127 126/1/126 202/1/202
f 202/1/202 126/1/126 122/1/122 200/1/200
f 195/1/195 159/1/159 172/1/172 199/1/199
f 199/1/199 172/1/172 175/1/175 198/1/198
f 198/1/198 175/1/175 163/1/163 197/1/197
f 197/1/197 163/1/163 162/1/162 196/1/196
f 196/1/196 162/1/162 158/1/158 194/1/194
f 111/1/111 98/1/98 100/1/100 115/1/115
f 115/1/115 100/1/100 101/1/101 114/1/114
f 114/1/114 101/1/101 102/1/102 113/1/113
f 113/1/113 102/1/102 103/1/103 112/1/112
f 112/1/112 103/1/103 99/1/99 110/1/110
f 117/1/117 111/1/111 115/1/115 121/1/121
f 121/1/121 115/1/115 114/1/114 120/1/120
f 120/1/120 114/1/114 113/1/113 119/1/119
f 119/1/119 113/1/113 112/1/112 118/1/118
f 118/1/118 112/1/112 110/1/110 116/1/116
f 123/1/123 104/1/104 106/1/106 134/1/134
f 134/1/134 106/1/106 107/1/107 135/1/135
f 135/1/135 107/1/107 108/1/108 147/1/147
f 147/1/147 108/1/108 109/1/109 144/1/144
f 144/1/144 109/1/109 105/1/105 124/1/124
f 98/1/98 122/1/122 128/1/128 100/1/100
f 100/1/100 128/1/128 131/1/131 101/1/101
f 101/1/101 131/1/131 151/1/151 102/1/102
f 102/1/102 151/1/151 150/1/150 103/1/103
f 103/1/103 150/1/150 125/1/125 99/1/99
f 159/1/159 117/1/117 121/1/121 170/1/170
f 170/1/170 121/1/121 120/1/120 171/1/171
f 171/1/171 120/1/120 119/1/119 183/1/183
f 183/1/183 119/1/119 118/1/118 180/1/180
f 180/1/180 118/1/118 116/1/116 160/1/160
f 67/1/67 20/1/20 22/1/22 84/1/84
f 84/1/84 22/1/22 23/1/23 85/1/85
f 85/1/85 23/1/23 24/1/24 73/1/73
f 73/1/73 24/1/24 25/1/25 70/1/70
f 70/1/70 25/1/25 21/1/21 65/1/65
f 20/1/20 32/1/32 34/1/34 22/1/22
f 22/1/22 34/1/34 35/1/35 23/1/23
f 23/1/23 35/1/35 36/1/36 24/1/24
f 24/1/24 36/1/36 37/1/37 25/1/25
f 25/1/25 37/1/37 33/1/33 21/1/21
f 27/1/27 39/1/39 51/1/51 31/1/31
f 31/1/31 51/1/51 54/1/54 30/1/30
f 30/1/30 54/1/54 42/1/42 29/1/29
f 29/1/29 42/1/42 41/1/41 28/1/28
f 28/1/28 41/1/41 38/1/38 26/1/26
f 32/1/32 27/1/27 31/1/31 34/1/34
f 34/1/34 31/1/31 30/1/30 35/1/35
f 35/1/35 30/1/30 29/1/29 36/1/36
f 36/1/36 29/1/29 28/1/28 37/1/37
f 37/1/37 28/1/28 26/1/26 33/1/33
f 39/1/39 92/1/92 94/1/94 49/1/49
f 49/1/49 94/1/94 95/1/95 50/1/50
f 50/1/50 95/1/95 96/1/96 62/1/62
f 62/1/62 96/1/96 97/1/97 59/1/59
f 59/1/59 97/1/97 93/1/93 40/1/40
f 65/1/65 195/1/195 199/1/199 68/1/68
f 68/1/68 199/1/199 198/1/198 69/1/69
f 69/1/69 198/1/198 197/1/197 81/1/81
f 81/1/81 197/1/197 196/1/196 78/1/78
f 78/1/78 196/1/196 194/1/194 66/1/66
f 200/1/200 38/1/38 43/1/43 202/1/202
f 202/1/202 43/1/43 46/1/46 203/1/203
f 203/1/203 46/1/46 58/1/58 204/1/204
f 204/1/204 58/1/58 57/1/57 205/1/205
f 205/1/205 57/1/57 40/1/40 201/1/201
f 207/1/207 316/1/316 329/1/329 211/1/211
f 211/1/211 329/1/329 332/1/332 210/1/210
f 210/1/210 332/1/332 320/1/320 209/1/209
f 209/1/209 320/1/320 319/1/319 208/1/208
f 208/1/208 319/1/319 315/1/315 206/1/206
f 351/1/351 212/1/212 214/1/214 355/1/355
f 355/1/355 214/1/214 215/1/215 356/1/356
f 356/1/356 215/1/215 216/1/216 368/1/368
f 368/1/368 216/1/216 217/1/217 365/1/365
f 365/1/365 217/1/217 213/1/213 352/1/352
f 212/1/212 161/1/161 188/1/188 214/1/214
f 214/1/214 188/1/188 191/1/191 215/1/215
f 215/1/215 191/1/191 179/1/179 216/1/216
f 216/1/216 179/1/179 178/1/178 217/1/217
f 217/1/217 178/1/178 160/1/160 213/1/213
f 206/1/206 125/1/125 152/1/152 208/1/208
f 208/1/208 152/1/152 155/1/155 209/1/209
f 209/1/209 155/1/155 143/1/143 210/1/210
f 210/1/210 143/1/143 142/1/142 211/1/211
f 211/1/211 142/1/142 124/1/124 207/1/207
f 224/1/224 288/1/288 293/1/293 227/1/227
f 227/1/227 293/1/293 296/1/296 228/1/228
f 228/1/228 296/1/296 308/1/308 229/1/229
f 229/1/229 308/1/308 307/1/307 230/1/230
f 230/1/230 307/1/307 290/1/290 225/1/225
f 232/1/232 318/1/318 345/1/345 236/1/236
f 236/1/236 345/1/345 348/1/348 235/1/235
f 235/1/235 348/1/348 336/1/336 234/1/234
f 234/1/234 336/1/336 335/1/335 233/1/233
f 233/1/233 335/1/335 317/1/317 231/1/231
f 219/1/219 354/1/354 381/1/381 223/1/223
f 223/1/223 381/1/381 384/1/384 222/1/222
f 222/1/222 384/1/384 372/1/372 221/1/221
f 221/1/221 372/1/372 371/1/371 220/1/220
f 220/1/220 371/1/371 353/1/353 218/1/218
f 283/1/283 270/1/270 272/1/272 287/1/287
f 287/1/287 272/1/272 273/1/273 286/1/286
f 286/1/286 273/1/273 274/1/274 285/1/285
f 285/1/285 274/1/274 275/1/275 284/1/284
f 284/1/284 275/1/275 271/1/271 282/1/282
f 289/1/289 283/1/283 287/1/287 299/1/299
f 299/1/299 287/1/287 286/1/286 300/1/300
f 300/1/300 286/1/286 285/1/285 312/1/312
f 312/1/312 285/1/285 284/1/284 309/1/309
f 309/1/309 284/1/284 282/1/282 290/1/290
f 316/1/316 276/1/276 278/1/278 327/1/327
f 327/1/327 278/1/278 279/1/279 328/1/328
f 328/1/328 279/1/279 280/1/280 340/1/340
f 340/1/340 280/1/280 281/1/281 337/1/337
f 337/1/337 281/1/281 277/1/277 317/1/317
f 270/1/270 315/1/315 321/1/321 272/1/272
f 272/1/272 321/1/321 324/1/324 273/1/273
f 273/1/273 324/1/324 344/1/344 274/1/274
f 274/1/274 344/1/344 343/1/343 275/1/275
f 275/1/275 343/1/343 318/1/318 271/1/271
f 352/1/352 289/1/289 301/1/301 363/1/363
f 363/1/363 301/1/301 304/1/304 364/1/364
f 364/1/364 304/1/304 292/1/292 376/1/376
f 376/1/376 292/1/292 291/1/291 373/1/373
f 373/1/373 291/1/291 288/1/288 353/1/353
f 237/1/237 387/1/387 389/1/389 240/1/240
f 240/1/240 389/1/389 390/1/390 241/1/241
f 241/1/241 390/1/390 391/1/391 253/1/253
f 253/1/253 391/1/391 392/1/392 250/1/250
f 250/1/250 392/1/392 388/1/388 238/1/238
f 387/1/387 393/1/393 395/1/395 389/1/389
f 389/1/389 395/1/395 396/1/396 390/1/390
f 390/1/390 396/1/396 397/1/397 391/1/391
f 391/1/391 397/1/397 398/1/398 392/1/392
f 392/1/392 398/1/398 394/1/394 388/1/388
f 400/1/400 405/1/405 410/1/410 404/1/404
f 404/1/404 410/1/410 413/1/413 403/1/403
f 403/1/403 413/1/413 425/1/425 402/1/402
f 402/1/402 425/1/425 424/1/424 401/1/401
f 401/1/401 424/1/424 407/1/407 399/1/399
f 393/1/393 400/1/400 404/1/404 395/1/395
f 395/1/395 404/1/404 403/1/403 396/1/396
f 396/1/396 403/1/403 402/1/402 397/1/397
f 397/1/397 402/1/402 401/1/401 398/1/398
f 398/1/398 401/1/401 399/1/399 394/1/394
f 406/1/406 264/1/264 266/1/266 416/1/416
f 416/1/416 266/1/266 267/1/267 417/1/417
f 417/1/417 267/1/267 268/1/268 429/1/429
f 429/1/429 268/1/268 269/1/269 426/1/426
f 426/1/426 269/1/269 265/1/265 407/1/407
f 239/1/239 219/1/219 223/1/223 256/1/256
f 256/1/256 223/1/223 222/1/222 257/1/257
f 257/1/257 222/1/222 221/1/221 245/1/245
f 245/1/245 221/1/221 220/1/220 242/1/242
f 242/1/242 220/1/220 218/1/218 237/1/237
f 231/1/231 406/1/406 418/1/418 233/1/233
f 233/1/233 418/1/418 421/1/421 234/1/234
f 234/1/234 421/1/421 409/1/409 235/1/235
f 235/1/235 409/1/409 408/1/408 236/1/236
f 236/1/236 408/1/408 405/1/405 232/1/232
f 532/1/532 495/1/495 501/1/501 536/1/536
f 536/1/536 501/1/501 504/1/504 535/1/535
f 535/1/535 504/1/504 524/1/524 534/1/534
f 534/1/534 524/1/524 523/1/523 533/1/533
f 533/1/533 523/1/523 498/1/498 531/1/531
f 484/1/484 477/1/477 479/1/479 488/1/488
f 488/1/488 479/1/479 480/1/480 487/1/487
f 487/1/487 480/1/480 481/1/481 486/1/486
f 486/1/486 481/1/481 482/1/482 485/1/485
f 485/1/485 482/1/482 478/1/478 483/1/483
f 490/1/490 484/1/484 488/1/488 494/1/494
f 494/1/494 488/1/488 487/1/487 493/1/493
f 493/1/493 487/1/487 486/1/486 492/1/492
f 492/1/492 486/1/486 485/1/485 491/1/491
f 491/1/491 485/1/485 483/1/483 489/1/489
f 497/1/497 105/1/105 109/1/109 515/1/515
f 515/1/515 109/1/109 108/1/108 516/1/516
f 516/1/516 108/1/108 107/1/107 528/1/528
f 528/1/528 107/1/107 106/1/106 525/1/525
f 525/1/525 106/1/106 104/1/104 498/1/498
f 477/1/477 496/1/496 509/1/509 479/1/479
f 479/1/479 509/1/509 512/1/512 480/1/480
f 480/1/480 512/1/512 500/1/500 481/1/481
f 481/1/481 500/1/500 499/1/499 482/1/482
f 482/1/482 499/1/499 495/1/495 478/1/478
f 161/1/161 490/1/490 494/1/494 186/1/186
f 186/1/186 494/1/494 493/1/493 187/1/187
f 187/1/187 493/1/493 492/1/492 167/1/167
f 167/1/167 492/1/492 491/1/491 164/1/164
f 164/1/164 491/1/491 489/1/489 158/1/158
f 66/1/66 432/1/432 434/1/434 76/1/76
f 76/1/76 434/1/434 435/1/435 77/1/77
f 77/1/77 435/1/435 436/1/436 89/1/89
f 89/1/89 436/1/436 437/1/437 86/1/86
f 86/1/86 437/1/437 433/1/433 67/1/67
f 432/1/432 444/1/444 446/1/446 434/1/434
f 434/1/434 446/1/446 447/1/447 435/1/435
f 435/1/435 447/1/447 448/1/448 436/1/436
f 436/1/436 448/1/448 449/1/449 437/1/437
f 437/1/437 449/1/449 445/1/445 433/1/433
f 439/1/439 450/1/450 455/1/455 443/1/443
f 443/1/443 455/1/455 458/1/458 442/1/442
f 442/1/442 458/1/458 470/1/470 441/1/441
f 441/1/441 470/1/470 469/1/469 440/1/440
f 440/1/440 469/1/469 452/1/452 438/1/438
f 444/1/444 439/1/439 443/1/443 446/1/446
f 446/1/446 443/1/443 442/1/442 447/1/447
f 447/1/447 442/1/442 441/1/441 448/1/448
f 448/1/448 441/1/441 440/1/440 449/1/449
f 449/1/449 440/1/440 438/1/438 445/1/445
f 451/1/451 93/1/93 97/1/97 461/1/461
f 461/1/461 97/1/97 96/1/96 462/1/462
f 462/1/462 96/1/96 95/1/95 474/1/474
f 474/1/474 95/1/95 94/1/94 471/1/471
f 471/1/471 94/1/94 92/1/92 452/1/452
f 531/1/531 451/1/451 463/1/463 533/1/533
f 533/1/533 463/1/463 466/1/466 534/1/534
f 534/1/534 466/1/466 454/1/454 535/1/535
f 535/1/535 454/1/454 453/1/453 536/1/536
f 536/1/536 453/1/453 450/1/450 532/1/532
f 538/1/538 595/1/595 601/1/601 542/1/542
f 542/1/542 601/1/601 604/1/604 541/1/541
f 541/1/541 604/1/604 624/1/624 540/1/540
f 540/1/540 624/1/624 623/1/623 539/1/539
f 539/1/539 623/1/623 598/1/598 537/1/537
f 537/1/537 497/1/497 517/1/517 539/1/539
f 539/1/539 517/1/517 520/1/520 540/1/540
f 540/1/540 520/1/520 508/1/508 541/1/541
f 541/1/541 508/1/508 507/1/507 542/1/542
f 542/1/542 507/1/507 496/1/496 538/1/538
f 543/1/543 569/1/569 581/1/581 546/1/546
f 546/1/546 581/1/581 584/1/584 547/1/547
f 547/1/547 584/1/584 572/1/572 548/1/548
f 548/1/548 572/1/572 571/1/571 549/1/549
f 549/1/549 571/1/571 568/1/568 544/1/544
f 551/1/551 597/1/597 617/1/617 555/1/555
f 555/1/555 617/1/617 620/1/620 554/1/554
f 554/1/554 620/1/620 608/1/608 553/1/553
f 553/1/553 608/1/608 607/1/607 552/1/552
f 552/1/552 607/1/607 596/1/596 550/1/550
f 563/1/563 556/1/556 558/1/558 567/1/567
f 567/1/567 558/1/558 559/1/559 566/1/566
f 566/1/566 559/1/559 560/1/560 565/1/565
f 565/1/565 560/1/560 561/1/561 564/1/564
f 564/1/564 561/1/561 557/1/557 562/1/562
f 569/1/569 563/1/563 567/1/567 579/1/579
f 579/1/579 567/1/567 566/1/566 580/1/580
f 580/1/580 566/1/566 565/1/565 592/1/592
f 592/1/592 565/1/565 564/1/564 589/1/589
f 589/1/589 564/1/564 562/1/562 570/1/570
f 597/1/597 277/1/277 281/1/281 615/1/615
f 615/1/615 281/1/281 280/1/280 616/1/616
f 616/1/616 280/1/280 279/1/279 628/1/628
f 628/1/628 279/1/279 278/1/278 625/1/625
f 625/1/625 278/1/278 276/1/276 598/1/598
f 556/1/556 596/1/596 609/1/609 558/1/558
f 558/1/558 609/1/609 612/1/612 559/1/559
f 559/1/559 612/1/612 600/1/600 560/1/560
f 560/1/560 600/1/600 599/1/599 561/1/561
f 561/1/561 599/1/599 595/1/595 557/1/557
f 354/1/354 568/1/568 573/1/573 379/1/379
f 379/1/379 573/1/573 576/1/576 380/1/380
f 380/1/380 576/1/576 588/1/588 360/1/360
f 360/1/360 588/1/588 587/1/587 357/1/357
f 357/1/357 587/1/587 570/1/570 351/1/351
f 238/1/238 631/1/631 633/1/633 248/1/248
f 248/1/248 633/1/633 634/1/634 249/1/249
f 249/1/249 634/1/634 635/1/635 261/1/261
f 261/1/261 635/1/635 636/1/636 258/1/258
f 258/1/258 636/1/636 632/1/632 239/1/239
f 631/1/631 637/1/637 639/1/639 633/1/633
f 633/1/633 639/1/639 640/1/640 634/1/634
f 634/1/634 640/1/640 641/1/641 635/1/635
f 635/1/635 641/1/641 642/1/642 636/1/636
f 636/1/636 642/1/642 638/1/638 632/1/632
f 644/1/644 650/1/650 662/1/662 648/1/648
f 648/1/648 662/1/662 665/1/665 647/1/647
f 647/1/647 665/1/665 653/1/653 646/1/646
f 646/1/646 653/1/653 652/1/652 645/1/645
f 645/1/645 652/1/652 649/1/649 643/1/643
f 637/1/637 644/1/644 648/1/648 639/1/639
f 639/1/639 648/1/648 647/1/647 640/1/640
f 640/1/640 647/1/647 646/1/646 641/1/641
f 641/1/641 646/1/646 645/1/645 642/1/642
f 642/1/642 645/1/645 643/1/643 638/1/638
f 650/1/650 265/1/265 269/1/269 660/1/660
f 660/1/660 269/1/269 268/1/268 661/1/661
f 661/1/661 268/1/268 267/1/267 673/1/673
f 673/1/673 267/1/267 266/1/266 670/1/670
f 670/1/670 266/1/266 264/1/264 651/1/651
f 550/1/550 649/1/649 654/1/654 552/1/552
f 552/1/552 654/1/654 657/1/657 553/1/553
f 553/1/553 657/1/657 669/1/669 554/1/554
f 554/1/554 669/1/669 668/1/668 555/1/555
f 555/1/555 668/1/668 651/1/651 551/1/551
f 21/1/21 1/1/1 195/1/195 65/1/65
f 20/1/20 67/1/67 92/1/92 39/1/39 27/1/27 32/1/32
f 33/1/33 2/1/2 1/1/1 21/1/21
f 38/1/38 200/1/200 3/1/3 26/1/26
f 26/1/26 3/1/3 2/1/2 33/1/33
f 93/1/93 4/1/4 201/1/201 40/1/40
f 433/1/433 445/1/445 438/1/438 452/1/452 92/1/92 67/1/67
f 432/1/432 66/1/66 194/1/194 12/1/12
f 93/1/93 451/1/451 531/1/531 4/1/4
f 200/1/200 122/1/122 98/1/98 3/1/3
f 3/1/3 98/1/98 111/1/111 2/1/2
f 99/1/99 125/1/125 206/1/206 5/1/5
f 110/1/110 99/1/99 5/1/5 7/1/7
f 4/1/4 531/1/531 498/1/498 104/1/104
f 4/1/4 104/1/104 123/1/123 201/1/201
f 124/1/124 105/1/105 6/1/6 207/1/207
f 497/1/497 537/1/537 6/1/6 105/1/105
f 2/1/2 111/1/111 117/1/117 1/1/1
f 116/1/116 110/1/110 7/1/7 8/1/8
f 1/1/1 117/1/117 159/1/159 195/1/195
f 160/1/160 116/1/116 8/1/8 213/1/213
f 12/1/12 194/1/194 158/1/158 489/1/489
f 161/1/161 212/1/212 17/1/17 490/1/490
f 5/1/5 206/1/206 315/1/315 270/1/270
f 207/1/207 6/1/6 276/1/276 316/1/316
f 213/1/213 8/1/8 289/1/289 352/1/352
f 212/1/212 351/1/351 570/1/570 17/1/17
f 387/1/387 237/1/237 218/1/218 224/1/224 226/1/226
f 224/1/224 218/1/218 353/1/353 288/1/288
f 632/1/632 545/1/545 544/1/544 219/1/219 239/1/239
f 544/1/544 568/1/568 354/1/354 219/1/219
f 393/1/393 387/1/387 226/1/226 225/1/225 9/1/9
f 9/1/9 225/1/225 290/1/290 282/1/282
f 405/1/405 400/1/400 10/1/10 232/1/232
f 232/1/232 10/1/10 271/1/271 318/1/318
f 264/1/264 406/1/406 231/1/231 11/1/11
f 11/1/11 231/1/231 317/1/317 277/1/277
f 631/1/631 238/1/238 265/1/265 650/1/650 644/1/644 637/1/637
f 388/1/388 394/1/394 399/1/399 407/1/407 265/1/265 238/1/238
f 264/1/264 11/1/11 551/1/551 651/1/651
f 10/1/10 9/1/9 282/1/282 271/1/271
f 7/1/7 5/1/5 270/1/270 283/1/283
f 537/1/537 598/1/598 276/1/276 6/1/6
f 11/1/11 277/1/277 597/1/597 551/1/551
f 8/1/8 7/1/7 283/1/283 289/1/289
f 400/1/400 393/1/393 9/1/9 10/1/10
f 444/1/444 432/1/432 12/1/12 13/1/13
f 450/1/450 439/1/439 14/1/14 532/1/532
f 439/1/439 444/1/444 13/1/13 14/1/14
f 532/1/532 14/1/14 478/1/478 495/1/495
f 477/1/477 15/1/15 538/1/538 496/1/496
f 14/1/14 13/1/13 483/1/483 478/1/478
f 484/1/484 16/1/16 15/1/15 477/1/477
f 13/1/13 12/1/12 489/1/489 483/1/483
f 490/1/490 17/1/17 16/1/16 484/1/484
f 15/1/15 557/1/557 595/1/595 538/1/538
f 18/1/18 563/1/563 569/1/569 543/1/543
f 638/1/638 18/1/18 543/1/543 545/1/545 632/1/632
f 649/1/649 550/1/550 19/1/19 643/1/643
f 550/1/550 596/1/596 556/1/556 19/1/19
f 16/1/16 562/1/562 557/1/557 15/1/15
f 19/1/19 556/1/556 563/1/563 18/1/18
f 17/1/17 570/1/570 562/1/562 16/1/16
f 643/1/643 19/1/19 18/1/18 638/1/638
o Plane.001
v 0.402127 0.485673 3.013472
v 0.382386 0.461305 3.015340
v 0.385135 0.473428 2.938357
v 0.394287 0.485698 3.025541
v 0.387874 0.482879 3.032099
v 0.395137 0.489445 3.001748
v 0.386900 0.489393 3.013624
v 0.381300 0.486521 3.019770
v 0.389489 0.490004 2.986857
v 0.382006 0.489752 2.999188
v 0.377868 0.487265 3.006596
v 0.376362 0.466270 3.003524
v 0.373517 0.470288 2.988369
v 0.381614 0.470055 3.026740
v 0.375538 0.475384 3.014562
v 0.373109 0.478743 3.000043
v 0.383503 0.477484 3.032513
v 0.377646 0.482040 3.020081
v 0.375218 0.483993 3.006847
v 0.384228 0.481584 2.953527
v 0.385727 0.487293 2.970227
v 0.378127 0.474053 2.954104
v 0.377151 0.482386 2.970371
v 0.378892 0.487496 2.985310
v 0.374126 0.472972 2.971324
v 0.373615 0.480998 2.985889
v 0.375587 0.485621 2.996511
v 1.134242 0.493765 1.365245
v 1.088444 0.469475 1.337630
v 1.136786 0.460388 1.305529
v 1.122203 0.495500 1.361841
v 1.110555 0.493589 1.356843
v 1.137144 0.492691 1.351919
v 1.124744 0.494236 1.347931
v 1.113936 0.492320 1.343689
v 1.138965 0.488248 1.337978
v 1.126823 0.489877 1.335070
v 1.117226 0.488893 1.333271
v 1.093589 0.469591 1.325656
v 1.101910 0.468596 1.315634
v 1.092802 0.479907 1.344113
v 1.098460 0.480234 1.331973
v 1.106147 0.478910 1.322625
v 1.100415 0.488211 1.350729
v 1.105507 0.487841 1.338566
v 1.111077 0.485632 1.329564
v 1.138778 0.471265 1.313584
v 1.139529 0.480859 1.324756
v 1.124623 0.463758 1.305049
v 1.126291 0.475062 1.313597
v 1.127324 0.483721 1.324069
v 1.112614 0.466584 1.308527
v 1.115066 0.477262 1.316730
v 1.117568 0.484412 1.325254
v 0.933571 0.493764 2.176652
v 0.920403 0.465246 2.187662
v 0.895362 0.469475 2.118353
v 0.930176 0.493561 2.190078
v 0.926862 0.490139 2.198412
v 0.922436 0.494868 2.168657
v 0.918620 0.494484 2.182068
v 0.915944 0.491126 2.189747
v 0.912145 0.492625 2.157680
v 0.909224 0.492241 2.171228
v 0.908258 0.489711 2.179438
v 0.909913 0.467746 2.179127
v 0.901491 0.469551 2.166588
v 0.921723 0.475253 2.197146
v 0.910994 0.478070 2.188283
v 0.903299 0.479362 2.176204
v 0.923946 0.483825 2.200850
v 0.913490 0.485873 2.191751
v 0.906490 0.485882 2.180916
v 0.897907 0.479275 2.131231
v 0.903686 0.487247 2.144773
v 0.893837 0.470461 2.134634
v 0.896643 0.480549 2.148481
v 0.902187 0.487765 2.160447
v 0.895947 0.470487 2.151243
v 0.898690 0.480167 2.163459
v 0.903128 0.486450 2.171611
v 1.067259 0.493714 -1.218752
v 1.099445 0.456769 -1.205561
v 1.058506 0.469493 -1.167631
v 1.079361 0.491999 -1.218140
v 1.089461 0.486805 -1.216285
v 1.066708 0.495932 -1.206417
v 1.079136 0.493992 -1.205376
v 1.088354 0.488950 -1.204015
v 1.065401 0.494283 -1.193995
v 1.077440 0.492330 -1.193851
v 1.085635 0.488272 -1.194336
v 1.097319 0.460796 -1.193872
v 1.091443 0.464391 -1.183322
v 1.100024 0.468282 -1.209672
v 1.097595 0.472742 -1.197713
v 1.091967 0.475646 -1.187916
v 1.096587 0.478625 -1.213365
v 1.094281 0.482148 -1.201553
v 1.089956 0.483312 -1.192565
v 1.061089 0.480384 -1.173599
v 1.063463 0.488920 -1.182676
v 1.071037 0.468965 -1.169522
v 1.074039 0.480112 -1.175965
v 1.075796 0.487871 -1.184427
v 1.082379 0.467208 -1.174924
v 1.084424 0.478020 -1.180940
v 1.084460 0.485020 -1.187473
v 0.035182 0.473279 3.269386
v -0.035182 0.473279 3.269386
v -0.037191 0.480949 3.205814
v 0.037191 0.480949 3.205814
v 0.022555 0.476191 3.273226
v 0.007780 0.477792 3.275338
v 0.036183 0.482300 3.258861
v 0.022098 0.483286 3.262361
v 0.007453 0.484398 3.265148
v 0.036952 0.488061 3.246072
v 0.022221 0.488351 3.250670
v 0.007388 0.488868 3.254049
v -0.036183 0.482300 3.258861
v -0.036952 0.488061 3.246072
v -0.022555 0.476191 3.273226
v -0.022025 0.483388 3.262372
v -0.022229 0.488455 3.250739
v -0.007780 0.477792 3.275338
v -0.007393 0.484356 3.265093
v -0.007388 0.488868 3.254049
v -0.023859 0.477923 3.207986
v -0.008226 0.476254 3.209184
v -0.037468 0.487202 3.218221
v -0.022876 0.484714 3.222815
v -0.007709 0.483737 3.225511
v -0.037395 0.489754 3.232036
v -0.022489 0.488937 3.237385
v -0.007470 0.488750 3.240867
v 0.037468 0.487202 3.218221
v 0.037395 0.489754 3.232036
v 0.023859 0.477923 3.207986
v 0.022802 0.484975 3.222707
v 0.022500 0.489055 3.237344
v 0.008226 0.476254 3.209184
v 0.007645 0.483781 3.225479
v 0.007470 0.488750 3.240867
v 0.000000 0.469493 -1.167631
v 0.000000 0.493714 -1.218752
v 0.000000 0.480476 -1.173631
v 0.000000 0.489067 -1.182732
v 0.000000 0.494425 -1.194041
v 0.000000 0.496027 -1.206453
v 1.098903 0.274337 1.136850
v 1.068045 0.321748 1.154438
v 1.105962 0.307713 1.197736
v 1.087372 0.279560 1.137282
v 1.077726 0.287815 1.139554
v 1.099091 0.275222 1.150665
v 1.087238 0.280860 1.151595
v 1.078445 0.288594 1.153322
v 1.100009 0.279567 1.164999
v 1.088551 0.284877 1.164925
v 1.080778 0.290921 1.164490
v 1.069744 0.320312 1.167391
v 1.075043 0.317926 1.179229
v 1.067562 0.309996 1.148573
v 1.069539 0.308134 1.161799
v 1.074625 0.306279 1.172843
v 1.070894 0.298311 1.143448
v 1.072762 0.297332 1.156598
v 1.076635 0.297286 1.166852
v 1.103622 0.296649 1.189751
v 1.101572 0.286956 1.178479
v 1.094085 0.311302 1.195187
v 1.091358 0.299993 1.186621
v 1.089882 0.291015 1.176150
v 1.083437 0.314819 1.188815
v 1.081611 0.303663 1.180804
v 1.081725 0.295402 1.172665
v 0.865758 0.261122 2.039314
v 0.891149 0.289641 2.033614
v 0.837711 0.316349 2.059946
v 0.873113 0.261840 2.028856
v 0.879929 0.265532 2.022699
v 0.856597 0.270095 2.036995
v 0.863958 0.271265 2.026344
v 0.870515 0.274522 2.020974
v 0.848523 0.281228 2.038175
v 0.856240 0.281691 2.027997
v 0.862986 0.282972 2.023091
v 0.880745 0.297217 2.031574
v 0.869068 0.304302 2.033563
v 0.889413 0.280148 2.025197
v 0.878483 0.287733 2.023109
v 0.867716 0.294553 2.025434
v 0.885550 0.271846 2.021437
v 0.875169 0.279800 2.019921
v 0.866395 0.286801 2.022326
v 0.838592 0.305549 2.050240
v 0.842314 0.293455 2.042743
v 0.846439 0.314363 2.048479
v 0.847764 0.303013 2.038234
v 0.851050 0.291870 2.031826
v 0.857236 0.310216 2.039393
v 0.857867 0.299448 2.030265
v 0.859221 0.290387 2.025861
v 0.351010 0.252828 2.779748
v 0.383431 0.277201 2.791161
v 0.330388 0.309832 2.794881
v 0.362129 0.253651 2.774252
v 0.371738 0.256917 2.772691
v 0.345734 0.263736 2.775402
v 0.357046 0.265034 2.769826
v 0.365997 0.267805 2.768739
v 0.340565 0.276093 2.774877
v 0.351840 0.276558 2.769729
v 0.360299 0.277271 2.768760
v 0.376567 0.286917 2.786256
v 0.366796 0.295813 2.784111
v 0.382941 0.269298 2.781578
v 0.375618 0.279126 2.776404
v 0.366480 0.287544 2.774893
v 0.378916 0.262313 2.775217
v 0.371954 0.272325 2.770833
v 0.364651 0.280544 2.770293
v 0.332495 0.300331 2.785117
v 0.336000 0.288714 2.778228
v 0.342516 0.307864 2.788644
v 0.345114 0.297813 2.778519
v 0.348009 0.287065 2.772531
v 0.355053 0.303038 2.784935
v 0.356706 0.293535 2.775555
v 0.357530 0.284925 2.770792
v 0.000000 0.269163 -1.138577
v 0.000000 0.320284 -1.114357
v 0.000000 0.275163 -1.127594
v 0.000000 0.284264 -1.119003
v 0.000000 0.295573 -1.113645
v 0.000000 0.307985 -1.112044
v 1.098903 0.274337 -1.060906
v 1.106717 0.311282 -1.114097
v 1.068045 0.321748 -1.072509
v 1.099226 0.275861 -1.074122
v 1.100303 0.280956 -1.087247
v 1.087273 0.279096 -1.061268
v 1.087347 0.281029 -1.074996
v 1.088769 0.285751 -1.087071
v 1.077577 0.287107 -1.062806
v 1.078421 0.288578 -1.075999
v 1.080905 0.291521 -1.086244
v 1.094704 0.314232 -1.111854
v 1.083898 0.316998 -1.105842
v 1.104242 0.299579 -1.108268
v 1.091777 0.302320 -1.105548
v 1.081968 0.305251 -1.100007
v 1.102033 0.289136 -1.099024
v 1.090178 0.292571 -1.096871
v 1.081954 0.296482 -1.093385
v 1.067464 0.309532 -1.068716
v 1.070745 0.297603 -1.065375
v 1.069879 0.320951 -1.085156
v 1.069566 0.308262 -1.081581
v 1.072729 0.297314 -1.078103
v 1.075336 0.319316 -1.096635
v 1.074838 0.307149 -1.092329
v 1.076762 0.297887 -1.087802
v -0.037845 0.308204 2.968233
v -0.036233 0.249136 2.958916
v 0.036233 0.249136 2.958916
v 0.037845 0.308204 2.968233
v -0.034171 0.298561 2.960790
v -0.031989 0.286741 2.955696
v -0.024283 0.305544 2.970143
v -0.021051 0.296245 2.963395
v -0.019423 0.285849 2.958576
v -0.008371 0.304075 2.971198
v -0.007128 0.295002 2.965004
v -0.006516 0.285370 2.960440
v -0.023238 0.251726 2.962333
v -0.008014 0.253154 2.964215
v -0.033141 0.260782 2.954831
v -0.020600 0.263030 2.958721
v -0.006988 0.264149 2.960772
v -0.031633 0.273695 2.953638
v -0.019259 0.274566 2.956997
v -0.006451 0.275011 2.958995
v 0.033141 0.260782 2.954831
v 0.031633 0.273695 2.953638
v 0.023238 0.251726 2.962333
v 0.020429 0.262919 2.958494
v 0.019208 0.274530 2.956905
v 0.008014 0.253154 2.964215
v 0.006926 0.264111 2.960722
v 0.006451 0.275011 2.958995
v 0.024283 0.305544 2.970143
v 0.008371 0.304075 2.971197
v 0.034171 0.298561 2.960790
v 0.021222 0.296086 2.963565
v 0.007193 0.294963 2.965031
v 0.031989 0.286741 2.955696
v 0.019471 0.285784 2.958652
v 0.006516 0.285370 2.960440
v 0.899465 0.297733 2.024254
v 0.905504 0.269214 1.957603
v 0.876716 0.320302 1.972835
v 0.898283 0.287726 2.014214
v 0.898364 0.279153 2.001193
v 0.889386 0.303516 2.018922
v 0.887970 0.293367 2.008168
v 0.888448 0.285351 1.996194
v 0.881446 0.309177 2.010145
v 0.880741 0.298989 2.000209
v 0.882166 0.291276 1.991079
v 0.895128 0.276393 1.955535
v 0.886331 0.286103 1.956219
v 0.902160 0.269418 1.971427
v 0.891395 0.277038 1.969819
v 0.883485 0.286109 1.970130
v 0.899701 0.272839 1.986437
v 0.889535 0.280113 1.983901
v 0.882977 0.287447 1.982130
v 0.874781 0.318005 1.985913
v 0.876409 0.314174 1.998761
v 0.876648 0.309190 1.965313
v 0.874860 0.306413 1.978681
v 0.876549 0.303176 1.990757
v 0.879957 0.297414 1.959591
v 0.878174 0.295522 1.972973
v 0.879112 0.294306 1.984175
v 0.893825 0.485673 2.258363
v 0.857345 0.473428 2.213176
v 0.912088 0.457154 2.197023
v 0.884082 0.489985 2.251498
v 0.874722 0.490827 2.242639
v 0.901001 0.484955 2.246505
v 0.891097 0.489196 2.238936
v 0.882254 0.489815 2.231067
v 0.906894 0.481263 2.233145
v 0.896866 0.485460 2.226699
v 0.888434 0.486566 2.221697
v 0.866307 0.473310 2.203531
v 0.877378 0.471356 2.196586
v 0.860663 0.482124 2.222490
v 0.870190 0.482117 2.212889
v 0.880389 0.479930 2.206321
v 0.866646 0.488116 2.232635
v 0.875553 0.487555 2.222711
v 0.883536 0.484922 2.215630
v 0.912725 0.466647 2.207127
v 0.910937 0.474949 2.219565
v 0.901450 0.462862 2.193161
v 0.901677 0.472797 2.203698
v 0.900259 0.480193 2.215408
v 0.889498 0.467753 2.193009
v 0.890483 0.476953 2.203370
v 0.890886 0.482737 2.213461
v 0.397435 0.285490 2.786973
v 0.421348 0.261122 2.721801
v 0.398580 0.316350 2.734326
v 0.398161 0.276740 2.775642
v 0.401322 0.269311 2.762115
v 0.391124 0.293810 2.779514
v 0.391864 0.285027 2.767411
v 0.395115 0.277973 2.755083
v 0.387942 0.301767 2.769475
v 0.389035 0.292724 2.758371
v 0.392205 0.285545 2.749080
v 0.413866 0.270635 2.717533
v 0.407289 0.282051 2.716746
v 0.413512 0.261097 2.733804
v 0.405592 0.271094 2.729908
v 0.399843 0.281713 2.728964
v 0.406616 0.263916 2.747685
v 0.399505 0.273506 2.743057
v 0.395415 0.282273 2.740331
v 0.391860 0.313620 2.745716
v 0.388196 0.308600 2.757819
v 0.399250 0.306089 2.725573
v 0.392481 0.302838 2.737214
v 0.389243 0.298436 2.748695
v 0.402249 0.294279 2.719519
v 0.395629 0.291888 2.731304
v 0.392359 0.289688 2.742012
v 0.333193 0.477378 3.073640
v 0.316513 0.479253 3.018063
v 0.368383 0.453000 3.019507
v 0.328080 0.484758 3.064871
v 0.323455 0.488854 3.053805
v 0.344112 0.476644 3.065317
v 0.339122 0.484082 3.055846
v 0.334521 0.487708 3.045809
v 0.353939 0.473425 3.054653
v 0.348387 0.480697 3.046142
v 0.343105 0.484338 3.038918
v 0.328248 0.478427 3.012462
v 0.340442 0.474942 3.009686
v 0.317372 0.485962 3.029193
v 0.329611 0.485115 3.023848
v 0.340840 0.481540 3.021067
v 0.319762 0.489269 3.041500
v 0.331477 0.488050 3.035548
v 0.340865 0.484589 3.031456
v 0.366702 0.460994 3.030566
v 0.361730 0.468028 3.042668
v 0.361547 0.461574 3.013388
v 0.359414 0.470042 3.024776
v 0.354889 0.476185 3.036185
v 0.351927 0.469129 3.010006
v 0.350398 0.476720 3.021363
v 0.347829 0.481065 3.031650
v 1.067582 0.306108 -1.151768
v 1.019769 0.269163 -1.138577
v 1.026950 0.320284 -1.114357
v 1.063291 0.294595 -1.147657
v 1.055480 0.284252 -1.143964
v 1.065511 0.310395 -1.140171
v 1.060778 0.298626 -1.135621
v 1.053467 0.289015 -1.132629
v 1.059700 0.314295 -1.129730
v 1.055351 0.302653 -1.126127
v 1.049877 0.293799 -1.124900
v 1.020038 0.275259 -1.127626
v 1.021015 0.284404 -1.119058
v 1.032597 0.270878 -1.139189
v 1.033261 0.277445 -1.127983
v 1.033768 0.285972 -1.120193
v 1.044894 0.276073 -1.141044
v 1.044652 0.282221 -1.130169
v 1.043458 0.288839 -1.123129
v 1.039427 0.319496 -1.116154
v 1.050704 0.317434 -1.121447
v 1.024649 0.308077 -1.112077
v 1.037469 0.306855 -1.114104
v 1.047873 0.305297 -1.119239
v 1.022605 0.295722 -1.113695
v 1.035124 0.295395 -1.115734
v 1.044422 0.295702 -1.119877
v 1.146393 0.498888 -1.141081
v 1.098982 0.468030 -1.124738
v 1.138579 0.461943 -1.167890
v 1.133832 0.499245 -1.139871
v 1.121722 0.495846 -1.137336
v 1.146071 0.497364 -1.153209
v 1.133046 0.497458 -1.152190
v 1.121924 0.494181 -1.149379
v 1.144993 0.492269 -1.162696
v 1.132468 0.492534 -1.160920
v 1.122978 0.490462 -1.157275
v 1.100981 0.468016 -1.137666
v 1.106634 0.467302 -1.149473
v 1.103396 0.479435 -1.129380
v 1.105818 0.479680 -1.142857
v 1.111070 0.478603 -1.153521
v 1.111225 0.489014 -1.133718
v 1.113190 0.488491 -1.146399
v 1.116613 0.486319 -1.155081
v 1.141055 0.473646 -1.170419
v 1.143263 0.484089 -1.168631
v 1.126401 0.464109 -1.165368
v 1.128632 0.476241 -1.167655
v 1.131060 0.485723 -1.165867
v 1.115400 0.465954 -1.159027
v 1.118377 0.477511 -1.161482
v 1.121929 0.485502 -1.160874
v 1.146393 0.498888 1.277367
v 1.139334 0.465512 1.296481
v 1.098982 0.468030 1.245976
v 1.146206 0.498002 1.290073
v 1.145287 0.493658 1.298971
v 1.133734 0.498781 1.274463
v 1.133158 0.497641 1.287343
v 1.132697 0.493462 1.295438
v 1.121572 0.495138 1.269290
v 1.121889 0.494114 1.281957
v 1.123105 0.491063 1.289733
v 1.127021 0.467039 1.292642
v 1.115861 0.468134 1.284755
v 1.141674 0.476576 1.302344
v 1.129022 0.478428 1.298258
v 1.118723 0.479044 1.290584
v 1.143724 0.486269 1.303202
v 1.131364 0.487311 1.298949
v 1.122157 0.486582 1.292299
v 1.103298 0.478971 1.254312
v 1.111076 0.488306 1.262340
v 1.101116 0.468655 1.260220
v 1.105872 0.479933 1.269235
v 1.113147 0.488429 1.276138
v 1.106927 0.468691 1.273573
v 1.111296 0.479536 1.281293
v 1.116740 0.486920 1.285518
v 1.103414 0.302590 1.206784
v 1.056896 0.320302 1.244282
v 1.086752 0.269214 1.224729
v 1.091577 0.307503 1.207270
v 1.079951 0.312144 1.211884
v 1.100805 0.291713 1.201227
v 1.088457 0.296510 1.201843
v 1.077844 0.301135 1.206496
v 1.097498 0.282120 1.200392
v 1.085783 0.287479 1.201284
v 1.077033 0.292746 1.205315
v 1.056564 0.308558 1.236889
v 1.059860 0.296451 1.230731
v 1.061714 0.318874 1.231342
v 1.061725 0.306618 1.223399
v 1.064790 0.295491 1.218224
v 1.069652 0.316065 1.220186
v 1.069268 0.304370 1.213391
v 1.070787 0.295124 1.210350
v 1.090109 0.270287 1.212746
v 1.093809 0.274730 1.204365
v 1.075731 0.275762 1.224336
v 1.078946 0.277261 1.212108
v 1.082742 0.281312 1.204589
v 1.066471 0.285139 1.226402
v 1.070305 0.286076 1.214590
v 1.074796 0.288265 1.207725
v 0.036060 0.447426 3.291149
v 0.037739 0.388186 3.279783
v -0.037739 0.388186 3.279783
v -0.036060 0.447426 3.291149
v 0.039799 0.435755 3.294805
v 0.042024 0.422808 3.295536
v 0.023125 0.450073 3.294640
v 0.024059 0.436345 3.298933
v 0.025169 0.422829 3.301041
v 0.007975 0.451531 3.296562
v 0.008025 0.436992 3.301993
v 0.008316 0.422931 3.304929
v 0.024215 0.385463 3.281739
v 0.008348 0.383960 3.282818
v 0.040872 0.397864 3.287535
v 0.024719 0.397406 3.291115
v 0.008300 0.396681 3.293855
v 0.042395 0.409723 3.293026
v 0.025345 0.409780 3.298364
v 0.008384 0.409579 3.302226
v -0.040872 0.397864 3.287535
v -0.042395 0.409723 3.293026
v -0.024215 0.385463 3.281739
v -0.024710 0.397373 3.291190
v -0.025396 0.409714 3.298437
v -0.008348 0.383960 3.282818
v -0.008236 0.396720 3.293827
v -0.008384 0.409579 3.302226
v -0.023125 0.450073 3.294640
v -0.007975 0.451531 3.296562
v -0.039799 0.435755 3.294805
v -0.024069 0.436357 3.298866
v -0.008086 0.437031 3.302043
v -0.042024 0.422808 3.295536
v -0.025120 0.422792 3.300948
v -0.008316 0.422931 3.304928
v 0.348177 0.443662 3.097375
v 0.384527 0.419293 3.045064
v 0.360615 0.386547 3.086962
v 0.359379 0.442855 3.089616
v 0.369489 0.439598 3.079460
v 0.351988 0.432734 3.102566
v 0.363653 0.431451 3.094496
v 0.372782 0.428688 3.084840
v 0.355436 0.420354 3.104083
v 0.366428 0.419905 3.096009
v 0.373899 0.419202 3.087517
v 0.386558 0.409557 3.052816
v 0.384846 0.400637 3.061759
v 0.382714 0.427210 3.056035
v 0.384540 0.417361 3.064451
v 0.382827 0.408920 3.072385
v 0.377536 0.434202 3.067879
v 0.379488 0.424170 3.075216
v 0.378779 0.415930 3.080494
v 0.359973 0.396068 3.095881
v 0.358190 0.407708 3.101778
v 0.371207 0.388536 3.079714
v 0.370749 0.398609 3.088594
v 0.368693 0.409377 3.094111
v 0.379552 0.393387 3.071036
v 0.378415 0.402909 3.080132
v 0.375569 0.411534 3.086119
v 0.434145 0.461332 3.034321
v 0.473694 0.406105 2.996024
v 0.414404 0.436964 3.036189
v 0.444630 0.451820 3.033976
v 0.454736 0.440403 3.029343
v 0.426305 0.461358 3.046390
v 0.436963 0.451360 3.046082
v 0.446515 0.440741 3.041186
v 0.419892 0.458539 3.052948
v 0.430689 0.448949 3.051916
v 0.439804 0.440181 3.046926
v 0.463918 0.408834 3.009968
v 0.451891 0.413855 3.021962
v 0.470020 0.416366 3.009390
v 0.459629 0.419616 3.024103
v 0.448553 0.424018 3.034604
v 0.463492 0.428176 3.020864
v 0.453781 0.430567 3.034159
v 0.445114 0.432766 3.041784
v 0.413632 0.445714 3.047589
v 0.415521 0.453143 3.053361
v 0.425856 0.428645 3.035752
v 0.425525 0.437428 3.047226
v 0.427022 0.444482 3.052264
v 0.438764 0.420687 3.030855
v 0.437620 0.429730 3.042036
v 0.437153 0.436910 3.047176
v 0.925844 0.461332 2.279212
v 0.944106 0.432813 2.217872
v 0.945905 0.406105 2.270843
v 0.933019 0.460615 2.267354
v 0.938912 0.456923 2.253995
v 0.933575 0.452360 2.283726
v 0.941152 0.451190 2.271437
v 0.946255 0.447933 2.258900
v 0.939969 0.441227 2.285125
v 0.946763 0.440764 2.273018
v 0.950369 0.439483 2.262027
v 0.950943 0.425237 2.225389
v 0.954745 0.418152 2.235496
v 0.944743 0.442306 2.227976
v 0.951670 0.434721 2.236213
v 0.954992 0.427902 2.245322
v 0.942955 0.450609 2.240414
v 0.949638 0.442655 2.247611
v 0.952821 0.435654 2.253792
v 0.946454 0.416906 2.278354
v 0.944411 0.428999 2.283272
v 0.952098 0.408091 2.259395
v 0.952670 0.419441 2.266728
v 0.950445 0.430584 2.271507
v 0.955143 0.412239 2.247224
v 0.955323 0.423007 2.255107
v 0.953063 0.432068 2.260903
v 1.190715 0.489514 1.277367
v 1.221573 0.442103 1.245976
v 1.183656 0.456138 1.296481
v 1.202247 0.484291 1.274463
v 1.211892 0.476037 1.269290
v 1.190528 0.488629 1.290073
v 1.202380 0.482991 1.287252
v 1.211173 0.475257 1.281942
v 1.189609 0.484285 1.298971
v 1.201067 0.478974 1.295438
v 1.208840 0.472931 1.289733
v 1.219875 0.443540 1.260220
v 1.214576 0.445925 1.273573
v 1.222056 0.453855 1.254312
v 1.220080 0.455718 1.269269
v 1.214993 0.457572 1.281246
v 1.218724 0.465540 1.262340
v 1.216856 0.466520 1.276191
v 1.212983 0.466565 1.285518
v 1.185996 0.467203 1.302344
v 1.188046 0.476895 1.303202
v 1.195534 0.452549 1.292642
v 1.198260 0.463858 1.298314
v 1.199736 0.472836 1.298972
v 1.206181 0.449032 1.284755
v 1.208007 0.460188 1.290570
v 1.207893 0.468450 1.292299
v 1.190715 0.489514 -1.141081
v 1.182902 0.452569 -1.167890
v 1.221573 0.442103 -1.124738
v 1.190393 0.487990 -1.153209
v 1.189315 0.482895 -1.162696
v 1.202345 0.484755 -1.139871
v 1.202271 0.482822 -1.152267
v 1.200850 0.478101 -1.160910
v 1.212042 0.476745 -1.137336
v 1.211198 0.475273 -1.149401
v 1.208714 0.472330 -1.157275
v 1.194914 0.449619 -1.165368
v 1.205720 0.446853 -1.159027
v 1.185377 0.464273 -1.170419
v 1.197841 0.461531 -1.167626
v 1.207651 0.458600 -1.161500
v 1.187585 0.474716 -1.168631
v 1.199440 0.471281 -1.165844
v 1.207665 0.467370 -1.160874
v 1.222155 0.454319 -1.129380
v 1.218874 0.466248 -1.133718
v 1.219740 0.442901 -1.137666
v 1.220053 0.455590 -1.142809
v 1.216889 0.466538 -1.146357
v 1.214282 0.444536 -1.149473
v 1.214780 0.456703 -1.153555
v 1.212857 0.465965 -1.155081
v 0.975008 0.478588 2.186900
v 1.009971 0.427500 2.146698
v 0.961840 0.450070 2.197910
v 0.986489 0.471409 2.184498
v 0.996585 0.461699 2.178563
v 0.971613 0.478385 2.200326
v 0.983358 0.470765 2.197966
v 0.992701 0.461693 2.191864
v 0.968298 0.474963 2.208660
v 0.979862 0.467689 2.205546
v 0.988412 0.460355 2.199261
v 1.004864 0.429798 2.162092
v 0.996587 0.433628 2.176133
v 1.008934 0.438612 2.158689
v 1.003404 0.441389 2.174910
v 0.995647 0.444626 2.187373
v 1.004325 0.450388 2.169662
v 0.999132 0.452280 2.184491
v 0.993106 0.453496 2.193864
v 0.963159 0.460077 2.207394
v 0.965383 0.468649 2.211098
v 0.973966 0.444286 2.194969
v 0.975714 0.454435 2.204377
v 0.977404 0.462451 2.207585
v 0.985931 0.438625 2.187471
v 0.986776 0.448813 2.196837
v 0.986644 0.456526 2.200739
v 1.175678 0.478589 1.375493
v 1.178223 0.445212 1.315777
v 1.203053 0.427500 1.365974
v 1.178581 0.477515 1.362167
v 1.180402 0.473072 1.348225
v 1.186255 0.472041 1.377682
v 1.189482 0.470541 1.363863
v 1.190749 0.466490 1.350913
v 1.194994 0.462663 1.377725
v 1.197405 0.461726 1.364286
v 1.197380 0.459537 1.353094
v 1.188675 0.440299 1.320890
v 1.197053 0.435659 1.329410
v 1.180215 0.456089 1.323832
v 1.190992 0.451292 1.329569
v 1.198535 0.446667 1.337327
v 1.180965 0.465683 1.335004
v 1.191244 0.460323 1.339918
v 1.197721 0.455056 1.345077
v 1.203829 0.439244 1.371571
v 1.201055 0.451352 1.375618
v 1.204616 0.428928 1.353114
v 1.205240 0.441185 1.358489
v 1.202446 0.452311 1.362566
v 1.202550 0.431737 1.340524
v 1.203113 0.443433 1.346597
v 1.201055 0.452678 1.351816
v 1.067259 0.478481 -1.261417
v 1.058506 0.427360 -1.285637
v 1.099445 0.441536 -1.248226
v 1.066708 0.472385 -1.272367
v 1.065401 0.463240 -1.280936
v 1.079361 0.476766 -1.260805
v 1.079063 0.470199 -1.272011
v 1.077414 0.461672 -1.279801
v 1.089461 0.471571 -1.258950
v 1.088368 0.465423 -1.269824
v 1.085635 0.458805 -1.276865
v 1.071037 0.428148 -1.283839
v 1.082379 0.430210 -1.278546
v 1.061089 0.439567 -1.287916
v 1.074096 0.440789 -1.285890
v 1.084397 0.442347 -1.280754
v 1.063463 0.451922 -1.286299
v 1.075833 0.452249 -1.284260
v 1.084460 0.451942 -1.280117
v 1.100024 0.453049 -1.252336
v 1.096587 0.463392 -1.256029
v 1.097319 0.437249 -1.259822
v 1.097611 0.449018 -1.264372
v 1.094305 0.458629 -1.267365
v 1.091443 0.433349 -1.270263
v 1.091944 0.444991 -1.273867
v 1.089956 0.453845 -1.275094
v 0.000000 0.478481 -1.261417
v 0.000000 0.427360 -1.285637
v 0.000000 0.472481 -1.272399
v 0.000000 0.463380 -1.280990
v 0.000000 0.452071 -1.286348
v 0.000000 0.439659 -1.287950
v 0.940902 0.282557 2.034501
v 0.991325 0.278327 2.001179
v 0.946940 0.254038 1.967851
v 0.953438 0.280057 2.034763
v 0.965885 0.278252 2.031028
v 0.939720 0.272550 2.024462
v 0.952701 0.269732 2.024216
v 0.964203 0.268440 2.020902
v 0.939800 0.263977 2.011441
v 0.952379 0.261929 2.011960
v 0.962320 0.261920 2.010902
v 0.987674 0.268527 1.992772
v 0.980597 0.260555 1.984481
v 0.985808 0.277341 2.013371
v 0.981655 0.267253 2.004971
v 0.975140 0.260037 1.996930
v 0.977049 0.277315 2.023650
v 0.973489 0.267636 2.014735
v 0.969089 0.261352 2.006428
v 0.943596 0.254242 1.981675
v 0.941137 0.257663 1.996684
v 0.959181 0.252934 1.971376
v 0.956088 0.253319 1.985900
v 0.953459 0.256676 1.999672
v 0.970770 0.255177 1.977101
v 0.966948 0.255561 1.990822
v 0.963130 0.258091 2.001953
v 0.429453 0.261150 2.807822
v 0.487140 0.249026 2.791993
v 0.453366 0.236782 2.742650
v 0.440618 0.256184 2.811742
v 0.453189 0.252166 2.811962
v 0.430179 0.252400 2.796492
v 0.441882 0.247071 2.800030
v 0.453512 0.243712 2.800417
v 0.433340 0.244971 2.782964
v 0.444530 0.240415 2.787207
v 0.454140 0.238461 2.789411
v 0.485042 0.240870 2.781437
v 0.480014 0.235161 2.770157
v 0.477651 0.248402 2.801580
v 0.475037 0.240068 2.790827
v 0.470569 0.234958 2.780076
v 0.465961 0.249482 2.808457
v 0.464142 0.241456 2.797470
v 0.461885 0.236834 2.787285
v 0.445531 0.236756 2.754654
v 0.438635 0.239575 2.768535
v 0.463360 0.233009 2.749761
v 0.455547 0.233062 2.762533
v 0.448909 0.235934 2.775182
v 0.472536 0.232451 2.759232
v 0.464321 0.232703 2.771010
v 0.457351 0.235190 2.780661
v 1.067582 0.290875 -1.194433
v 1.026950 0.278151 -1.232363
v 1.019769 0.253930 -1.181242
v 1.065511 0.286848 -1.206122
v 1.059700 0.283253 -1.216672
v 1.063291 0.279362 -1.190322
v 1.060791 0.274902 -1.202281
v 1.055386 0.271998 -1.212078
v 1.055480 0.269019 -1.186629
v 1.053434 0.265496 -1.198441
v 1.049877 0.264332 -1.207429
v 1.024649 0.267260 -1.226395
v 1.022605 0.258724 -1.217318
v 1.039427 0.278679 -1.230472
v 1.037383 0.267532 -1.224029
v 1.035096 0.259773 -1.215567
v 1.050704 0.280436 -1.225070
v 1.047888 0.269624 -1.219054
v 1.044422 0.262624 -1.212521
v 1.032597 0.255645 -1.181854
v 1.044894 0.260839 -1.183708
v 1.020038 0.251712 -1.193577
v 1.033334 0.253652 -1.194618
v 1.044626 0.258694 -1.195979
v 1.021015 0.253361 -1.205999
v 1.033805 0.255313 -1.206143
v 1.043458 0.259372 -1.205658
v -0.038255 0.214515 3.040569
v 0.038255 0.214515 3.040569
v 0.036913 0.222535 2.981013
v -0.036913 0.222535 2.981013
v -0.024549 0.212115 3.042292
v -0.008462 0.210790 3.043244
v -0.037495 0.208540 3.028834
v -0.023007 0.208058 3.030701
v -0.007764 0.207178 3.032269
v -0.036933 0.206182 3.015840
v -0.022288 0.206086 3.018904
v -0.007417 0.205659 3.021146
v 0.037495 0.208540 3.028834
v 0.036933 0.206182 3.015840
v 0.024549 0.212115 3.042292
v 0.022902 0.207929 3.030711
v 0.022282 0.205971 3.018940
v 0.008462 0.210790 3.043244
v 0.007698 0.207213 3.032244
v 0.007417 0.205659 3.021146
v 0.023679 0.224890 2.984119
v 0.008165 0.226189 2.985831
v 0.036638 0.213666 2.990773
v 0.022488 0.215519 2.995270
v 0.007593 0.216209 2.997755
v 0.036637 0.207952 3.002693
v 0.022111 0.208513 3.006953
v 0.007362 0.208587 3.009618
v -0.036638 0.213665 2.990773
v -0.036637 0.207952 3.002693
v -0.023679 0.224890 2.984119
v -0.022384 0.215299 2.995100
v -0.022102 0.208412 3.006888
v -0.008165 0.226189 2.985831
v -0.007530 0.216175 2.997710
v -0.007362 0.208587 3.009618
v 1.144851 0.287414 1.217032
v 1.128189 0.254038 1.234976
v 1.171505 0.278327 1.272626
v 1.142242 0.276537 1.211474
v 1.138934 0.266944 1.210640
v 1.155630 0.284045 1.223111
v 1.153162 0.272741 1.217797
v 1.149718 0.264082 1.217072
v 1.164391 0.281218 1.232766
v 1.161299 0.270540 1.227150
v 1.157187 0.263390 1.225138
v 1.139784 0.252303 1.240177
v 1.150910 0.254214 1.247285
v 1.131546 0.255111 1.222994
v 1.143646 0.253567 1.228197
v 1.153760 0.255482 1.235246
v 1.135245 0.259554 1.214613
v 1.146676 0.257926 1.220397
v 1.154950 0.258909 1.227548
v 1.172741 0.278211 1.258801
v 1.170292 0.279206 1.245075
v 1.167591 0.267895 1.264347
v 1.168539 0.267568 1.249776
v 1.166221 0.268892 1.237413
v 1.160500 0.259592 1.255621
v 1.161747 0.259962 1.242152
v 1.160765 0.262170 1.232602
v 0.000000 0.278151 -1.232363
v 0.000000 0.253930 -1.181242
v 0.000000 0.267168 -1.226363
v 0.000000 0.258577 -1.217262
v 0.000000 0.253219 -1.205953
v 0.000000 0.251617 -1.193541
v 0.366161 0.219152 2.803618
v 0.374725 0.216092 2.862787
v 0.399575 0.243494 2.816718
v 0.369821 0.211560 2.813030
v 0.372739 0.207215 2.824852
v 0.377501 0.220029 2.798791
v 0.381556 0.212372 2.808589
v 0.383827 0.208510 2.819768
v 0.387343 0.223319 2.797778
v 0.390493 0.215827 2.807491
v 0.391183 0.211974 2.817234
v 0.385646 0.217119 2.855063
v 0.394272 0.220843 2.845651
v 0.375319 0.209595 2.851015
v 0.386532 0.210659 2.842575
v 0.394339 0.214449 2.834209
v 0.374635 0.206537 2.837952
v 0.385433 0.207950 2.830657
v 0.392332 0.211563 2.825177
v 0.398952 0.235656 2.807201
v 0.394741 0.228709 2.800678
v 0.401599 0.234710 2.825488
v 0.400780 0.226393 2.816025
v 0.396645 0.220333 2.809880
v 0.399774 0.226910 2.835451
v 0.398917 0.219481 2.825691
v 0.395669 0.215242 2.818992
v 1.143225 0.264964 1.136850
v 1.150284 0.298340 1.197736
v 1.190636 0.295822 1.154438
v 1.143413 0.265849 1.150665
v 1.144331 0.270193 1.164999
v 1.155885 0.265071 1.137282
v 1.156460 0.266210 1.151673
v 1.156922 0.270390 1.164892
v 1.168046 0.268713 1.139554
v 1.167730 0.269737 1.153368
v 1.166513 0.272789 1.164490
v 1.162598 0.296812 1.195187
v 1.173757 0.295717 1.188815
v 1.147944 0.287275 1.189751
v 1.160597 0.285423 1.186652
v 1.170896 0.284807 1.180849
v 1.145894 0.277583 1.178479
v 1.158255 0.276540 1.176109
v 1.167461 0.277270 1.172665
v 1.186321 0.284880 1.148573
v 1.178543 0.275545 1.143448
v 1.188502 0.295196 1.167391
v 1.183746 0.283918 1.161691
v 1.176471 0.275423 1.156574
v 1.182691 0.295160 1.179229
v 1.178323 0.284315 1.172851
v 1.172879 0.276932 1.166852
v 1.143225 0.264964 -1.060906
v 1.190636 0.295822 -1.072509
v 1.151039 0.301909 -1.114097
v 1.155786 0.264606 -1.061268
v 1.167896 0.268005 -1.062806
v 1.143548 0.266488 -1.074122
v 1.156572 0.266393 -1.074921
v 1.167695 0.269670 -1.075958
v 1.144625 0.271582 -1.087247
v 1.157150 0.271317 -1.087100
v 1.166640 0.273389 -1.086244
v 1.188637 0.295835 -1.085156
v 1.182985 0.296549 -1.096635
v 1.186222 0.284416 -1.068716
v 1.183800 0.284172 -1.081676
v 1.178549 0.285248 -1.092317
v 1.178393 0.274837 -1.065375
v 1.176429 0.275360 -1.078130
v 1.173006 0.277532 -1.087802
v 1.148564 0.290205 -1.108268
v 1.146355 0.279762 -1.099024
v 1.163217 0.299743 -1.111855
v 1.160986 0.287610 -1.105527
v 1.158558 0.278128 -1.096907
v 1.174218 0.297897 -1.105843
v 1.171241 0.286341 -1.099968
v 1.167689 0.278350 -1.093385
v 0.897776 0.236782 2.060163
v 0.926271 0.249026 2.117613
v 0.923168 0.265301 2.054463
v 0.906090 0.232470 2.069224
v 0.913770 0.231627 2.080662
v 0.905131 0.237500 2.049706
v 0.913921 0.233258 2.058987
v 0.920717 0.232640 2.069999
v 0.911947 0.241191 2.043549
v 0.919922 0.236994 2.053147
v 0.924921 0.235888 2.063421
v 0.932231 0.249145 2.104343
v 0.935001 0.251098 2.090031
v 0.924383 0.240330 2.106105
v 0.930322 0.240338 2.091953
v 0.932771 0.242525 2.079098
v 0.920079 0.234338 2.093381
v 0.925985 0.234899 2.080557
v 0.928747 0.237532 2.071134
v 0.921432 0.255808 2.046047
v 0.917569 0.247505 2.042287
v 0.930239 0.259592 2.063803
v 0.928490 0.249657 2.055603
v 0.924583 0.242262 2.052070
v 0.934314 0.254701 2.076050
v 0.932192 0.245501 2.067435
v 0.928330 0.239717 2.062656
v -0.402127 0.485673 3.013472
v -0.385135 0.473428 2.938357
v -0.382386 0.461305 3.015340
v -0.395137 0.489445 3.001747
v -0.389489 0.490004 2.986857
v -0.394287 0.485698 3.025540
v -0.386905 0.489414 3.013486
v -0.382034 0.489760 2.999198
v -0.387874 0.482879 3.032099
v -0.381272 0.486516 3.019737
v -0.377868 0.487265 3.006596
v -0.378127 0.474053 2.954103
v -0.374126 0.472972 2.971324
v -0.384228 0.481585 2.953526
v -0.377116 0.482342 2.970373
v -0.373617 0.480985 2.985808
v -0.385727 0.487293 2.970226
v -0.378885 0.487503 2.985390
v -0.375587 0.485621 2.996511
v -0.381614 0.470055 3.026740
v -0.383503 0.477484 3.032512
v -0.376362 0.466270 3.003524
v -0.375568 0.475405 3.014696
v -0.377649 0.482015 3.020115
v -0.373517 0.470288 2.988368
v -0.373110 0.478771 3.000029
v -0.375218 0.483993 3.006846
v -1.134242 0.493764 1.365245
v -1.136786 0.460388 1.305529
v -1.088444 0.469475 1.337630
v -1.137144 0.492691 1.351919
v -1.138965 0.488248 1.337978
v -1.122203 0.495500 1.361841
v -1.124830 0.494220 1.347873
v -1.126854 0.489892 1.335111
v -1.110555 0.493589 1.356843
v -1.113919 0.492302 1.343639
v -1.117226 0.488893 1.333271
v -1.124623 0.463758 1.305049
v -1.112614 0.466584 1.308527
v -1.138778 0.471265 1.313584
v -1.126209 0.475018 1.313547
v -1.115086 0.477230 1.316690
v -1.139529 0.480859 1.324756
v -1.127291 0.483746 1.324101
v -1.117568 0.484412 1.325254
v -1.092802 0.479907 1.344113
v -1.100415 0.488211 1.350729
v -1.093589 0.469591 1.325656
v -1.098456 0.480294 1.332080
v -1.105467 0.487829 1.338583
v -1.101910 0.468596 1.315634
v -1.106186 0.478932 1.322626
v -1.111077 0.485632 1.329564
v -0.933571 0.493764 2.176652
v -0.895362 0.469475 2.118353
v -0.920403 0.465246 2.187662
v -0.922436 0.494868 2.168657
v -0.912145 0.492625 2.157681
v -0.930176 0.493561 2.190079
v -0.918576 0.494491 2.181945
v -0.909252 0.492256 2.171227
v -0.926862 0.490139 2.198413
v -0.915908 0.491112 2.189730
v -0.908258 0.489711 2.179438
v -0.893837 0.470461 2.134634
v -0.895947 0.470487 2.151243
v -0.897907 0.479275 2.131231
v -0.896620 0.480498 2.148501
v -0.898669 0.480144 2.163389
v -0.903686 0.487247 2.144773
v -0.902205 0.487779 2.160520
v -0.903128 0.486450 2.171611
v -0.921723 0.475253 2.197147
v -0.923947 0.483825 2.200850
v -0.909913 0.467746 2.179128
v -0.911062 0.478114 2.188388
v -0.913509 0.485853 2.191783
v -0.901491 0.469551 2.166589
v -0.903290 0.479390 2.176190
v -0.906491 0.485882 2.180917
v -1.067259 0.493714 -1.218752
v -1.058506 0.469493 -1.167631
v -1.099445 0.456769 -1.205561
v -1.066708 0.495932 -1.206417
v -1.065401 0.494283 -1.193995
v -1.079361 0.491999 -1.218140
v -1.079063 0.494015 -1.205308
v -1.077414 0.492350 -1.193880
v -1.089461 0.486805 -1.216285
v -1.088368 0.488934 -1.203976
v -1.085635 0.488272 -1.194336
v -1.071037 0.468965 -1.169522
v -1.082379 0.467208 -1.174924
v -1.061089 0.480383 -1.173599
v -1.074096 0.480046 -1.175941
v -1.084397 0.477999 -1.180902
v -1.063463 0.488920 -1.182676
v -1.075833 0.487882 -1.184461
v -1.084460 0.485020 -1.187473
v -1.100024 0.468282 -1.209672
v -1.096587 0.478625 -1.213365
v -1.097319 0.460796 -1.193872
v -1.097611 0.472785 -1.197805
v -1.094305 0.482118 -1.201576
v -1.091443 0.464391 -1.183322
v -1.091944 0.475682 -1.187907
v -1.089956 0.483312 -1.192565
v -1.098903 0.274337 1.136850
v -1.105962 0.307713 1.197736
v -1.068045 0.321748 1.154438
v -1.099091 0.275222 1.150665
v -1.100009 0.279567 1.164999
v -1.087372 0.279560 1.137282
v -1.087306 0.280835 1.151673
v -1.088577 0.284844 1.164892
v -1.077726 0.287815 1.139554
v -1.078430 0.288623 1.153368
v -1.080778 0.290921 1.164490
v -1.094085 0.311302 1.195187
v -1.083437 0.314819 1.188815
v -1.103622 0.296649 1.189751
v -1.091303 0.300078 1.186652
v -1.081636 0.303684 1.180849
v -1.101572 0.286956 1.178479
v -1.089848 0.291008 1.176109
v -1.081725 0.295402 1.172665
v -1.067562 0.309996 1.148573
v -1.070894 0.298311 1.143448
v -1.069744 0.320312 1.167391
v -1.069526 0.308074 1.161691
v -1.072739 0.297361 1.156574
v -1.075043 0.317926 1.179229
v -1.074646 0.306241 1.172851
v -1.076635 0.297286 1.166852
v -0.865758 0.261122 2.039314
v -0.837711 0.316350 2.059946
v -0.891149 0.289641 2.033614
v -0.856597 0.270095 2.036995
v -0.848523 0.281228 2.038175
v -0.873113 0.261840 2.028857
v -0.863862 0.271313 2.026391
v -0.856236 0.281659 2.028011
v -0.879929 0.265532 2.022700
v -0.870505 0.274561 2.020968
v -0.862986 0.282972 2.023091
v -0.846439 0.314363 2.048479
v -0.857236 0.310216 2.039393
v -0.838592 0.305549 2.050241
v -0.847809 0.303064 2.038224
v -0.857835 0.299491 2.030303
v -0.842314 0.293455 2.042743
v -0.851089 0.291835 2.031787
v -0.859221 0.290387 2.025861
v -0.889413 0.280148 2.025198
v -0.885550 0.271846 2.021438
v -0.880745 0.297217 2.031574
v -0.878533 0.287635 2.023072
v -0.875210 0.279795 2.019921
v -0.869068 0.304302 2.033563
v -0.867682 0.294542 2.025429
v -0.866395 0.286801 2.022326
v -0.351010 0.252828 2.779748
v -0.330388 0.309832 2.794881
v -0.383431 0.277201 2.791161
v -0.345734 0.263736 2.775402
v -0.340565 0.276093 2.774877
v -0.362129 0.253651 2.774252
v -0.356951 0.265092 2.769833
v -0.351823 0.276525 2.769733
v -0.371738 0.256916 2.772691
v -0.365999 0.267848 2.768736
v -0.360299 0.277271 2.768760
v -0.342516 0.307864 2.788644
v -0.355053 0.303038 2.784935
v -0.332495 0.300331 2.785117
v -0.345172 0.297856 2.778539
v -0.356673 0.293578 2.775581
v -0.336000 0.288714 2.778228
v -0.348052 0.287029 2.772509
v -0.357530 0.284925 2.770792
v -0.382941 0.269298 2.781578
v -0.378916 0.262313 2.775217
v -0.376567 0.286917 2.786256
v -0.375655 0.279024 2.776377
v -0.371991 0.272312 2.770849
v -0.366796 0.295813 2.784111
v -0.366450 0.287541 2.774872
v -0.364651 0.280544 2.770293
v -1.098903 0.274337 -1.060906
v -1.068045 0.321748 -1.072509
v -1.106717 0.311282 -1.114097
v -1.087273 0.279096 -1.061268
v -1.077577 0.287107 -1.062806
v -1.099226 0.275861 -1.074122
v -1.087278 0.281048 -1.074921
v -1.078435 0.288547 -1.075958
v -1.100303 0.280956 -1.087247
v -1.088743 0.285784 -1.087100
v -1.080905 0.291521 -1.086244
v -1.069879 0.320951 -1.085156
v -1.075336 0.319316 -1.096635
v -1.067464 0.309532 -1.068716
v -1.069580 0.308328 -1.081676
v -1.074817 0.307186 -1.092317
v -1.070745 0.297603 -1.065375
v -1.072752 0.297287 -1.078130
v -1.076762 0.297887 -1.087802
v -1.104242 0.299579 -1.108268
v -1.102033 0.289136 -1.099024
v -1.094704 0.314232 -1.111855
v -1.091832 0.302236 -1.105527
v -1.090213 0.292582 -1.096907
v -1.083898 0.316998 -1.105843
v -1.081941 0.305226 -1.099968
v -1.081954 0.296482 -1.093385
v -0.899465 0.297733 2.024253
v -0.876716 0.320302 1.972835
v -0.905504 0.269214 1.957603
v -0.889386 0.303516 2.018922
v -0.881446 0.309177 2.010145
v -0.898283 0.287726 2.014214
v -0.887918 0.293458 2.008195
v -0.880755 0.299003 2.000264
v -0.898364 0.279153 2.001193
v -0.888426 0.285352 1.996143
v -0.882166 0.291276 1.991079
v -0.876648 0.309190 1.965313
v -0.879957 0.297414 1.959591
v -0.874781 0.318005 1.985913
v -0.874871 0.306362 1.978562
v -0.878162 0.295555 1.972947
v -0.876409 0.314174 1.998761
v -0.876562 0.303135 1.990764
v -0.879112 0.294306 1.984176
v -0.902160 0.269418 1.971427
v -0.899701 0.272839 1.986437
v -0.895128 0.276393 1.955535
v -0.891436 0.276997 1.969911
v -0.889564 0.280078 1.983870
v -0.886331 0.286103 1.956219
v -0.883462 0.286138 1.970175
v -0.882977 0.287447 1.982131
v -0.893825 0.485673 2.258363
v -0.912088 0.457154 2.197023
v -0.857345 0.473428 2.213176
v -0.901001 0.484955 2.246505
v -0.906894 0.481263 2.233145
v -0.884082 0.489985 2.251498
v -0.891195 0.489167 2.238907
v -0.896882 0.485466 2.226750
v -0.874722 0.490827 2.242639
v -0.882254 0.489804 2.231011
v -0.888434 0.486566 2.221697
v -0.901450 0.462862 2.193161
v -0.889498 0.467753 2.193009
v -0.912725 0.466647 2.207127
v -0.901612 0.472775 2.203617
v -0.890511 0.476921 2.203334
v -0.910937 0.474949 2.219565
v -0.900221 0.480222 2.215432
v -0.890886 0.482737 2.213461
v -0.860663 0.482124 2.222490
v -0.866646 0.488116 2.232635
v -0.866307 0.473310 2.203531
v -0.870157 0.482168 2.212999
v -0.875509 0.487551 2.222712
v -0.877378 0.471356 2.196586
v -0.880427 0.479942 2.206337
v -0.883536 0.484922 2.215630
v -0.397435 0.285490 2.786973
v -0.398580 0.316350 2.734326
v -0.421348 0.261122 2.721801
v -0.391124 0.293810 2.779514
v -0.387942 0.301767 2.769475
v -0.398161 0.276740 2.775642
v -0.391824 0.285125 2.767434
v -0.389031 0.292730 2.758430
v -0.401322 0.269311 2.762115
v -0.395113 0.277982 2.755028
v -0.392205 0.285545 2.749080
v -0.399250 0.306089 2.725573
v -0.402249 0.294279 2.719519
v -0.391860 0.313620 2.745716
v -0.392524 0.302795 2.737098
v -0.395633 0.291925 2.731280
v -0.388196 0.308600 2.757819
v -0.389246 0.298392 2.748701
v -0.392359 0.289688 2.742012
v -0.413512 0.261097 2.733804
v -0.406616 0.263916 2.747685
v -0.413866 0.270635 2.717533
v -0.405590 0.271039 2.730003
v -0.399536 0.273467 2.743032
v -0.407290 0.282051 2.716746
v -0.399811 0.281743 2.729003
v -0.395415 0.282273 2.740331
v -0.333193 0.477378 3.073640
v -0.368383 0.453000 3.019507
v -0.316513 0.479253 3.018063
v -0.344112 0.476644 3.065318
v -0.353938 0.473425 3.054653
v -0.328080 0.484758 3.064872
v -0.339215 0.484035 3.055849
v -0.348382 0.480693 3.046195
v -0.323455 0.488854 3.053805
v -0.334541 0.487705 3.045757
v -0.343105 0.484338 3.038918
v -0.361547 0.461573 3.013389
v -0.351927 0.469129 3.010006
v -0.366702 0.460994 3.030566
v -0.359384 0.470046 3.024677
v -0.350431 0.476686 3.021334
v -0.361730 0.468027 3.042668
v -0.354851 0.476219 3.036199
v -0.347829 0.481065 3.031650
v -0.317372 0.485962 3.029193
v -0.319762 0.489269 3.041500
v -0.328248 0.478427 3.012462
v -0.329548 0.485159 3.023946
v -0.331437 0.488055 3.035533
v -0.340442 0.474942 3.009687
v -0.340870 0.481542 3.021098
v -0.340865 0.484589 3.031456
v -1.067582 0.306108 -1.151768
v -1.026950 0.320284 -1.114357
v -1.019769 0.269163 -1.138577
v -1.065511 0.310395 -1.140171
v -1.059700 0.314295 -1.129730
v -1.063291 0.294595 -1.147657
v -1.060791 0.298718 -1.135578
v -1.055386 0.302676 -1.126157
v -1.055480 0.284252 -1.143964
v -1.053434 0.289007 -1.132592
v -1.049877 0.293799 -1.124900
v -1.024649 0.308077 -1.112077
v -1.022605 0.295722 -1.113695
v -1.039427 0.319496 -1.116154
v -1.037383 0.306789 -1.114080
v -1.035096 0.295424 -1.115714
v -1.050704 0.317434 -1.121447
v -1.047888 0.305257 -1.119255
v -1.044422 0.295702 -1.119877
v -1.032597 0.270878 -1.139189
v -1.044894 0.276073 -1.141044
v -1.020038 0.275259 -1.127626
v -1.033334 0.277420 -1.128050
v -1.044626 0.282184 -1.130190
v -1.021015 0.284404 -1.119058
v -1.033805 0.286005 -1.120183
v -1.043458 0.288839 -1.123129
v -1.146393 0.498888 -1.141081
v -1.138579 0.461943 -1.167890
v -1.098982 0.468030 -1.124738
v -1.146070 0.497364 -1.153209
v -1.144993 0.492269 -1.162696
v -1.133832 0.499245 -1.139871
v -1.133117 0.497447 -1.152267
v -1.132505 0.492555 -1.160910
v -1.121722 0.495846 -1.137336
v -1.121898 0.494159 -1.149401
v -1.122978 0.490462 -1.157275
v -1.126401 0.464109 -1.165368
v -1.115400 0.465954 -1.159027
v -1.141055 0.473646 -1.170419
v -1.128547 0.476186 -1.167626
v -1.118391 0.477478 -1.161500
v -1.143263 0.484089 -1.168631
v -1.131033 0.485748 -1.165844
v -1.121929 0.485502 -1.160874
v -1.103396 0.479435 -1.129380
v -1.111225 0.489014 -1.133718
v -1.100981 0.468016 -1.137666
v -1.105832 0.479746 -1.142809
v -1.113157 0.488476 -1.146357
v -1.106634 0.467302 -1.149473
v -1.111104 0.478629 -1.153555
v -1.116613 0.486319 -1.155081
v -1.146393 0.498888 1.277367
v -1.098982 0.468030 1.245976
v -1.139334 0.465512 1.296481
v -1.133734 0.498781 1.274463
v -1.121572 0.495138 1.269290
v -1.146206 0.498002 1.290073
v -1.133086 0.497646 1.287252
v -1.121914 0.494134 1.281942
v -1.145287 0.493658 1.298971
v -1.132660 0.493442 1.295438
v -1.123105 0.491063 1.289733
v -1.101116 0.468655 1.260220
v -1.106927 0.468691 1.273573
v -1.103298 0.478971 1.254312
v -1.105859 0.479874 1.269269
v -1.111261 0.479510 1.281246
v -1.111076 0.488306 1.262340
v -1.113180 0.488446 1.276191
v -1.116740 0.486920 1.285518
v -1.141674 0.476576 1.302344
v -1.143724 0.486269 1.303202
v -1.127021 0.467039 1.292642
v -1.129106 0.478484 1.298314
v -1.131392 0.487290 1.298972
v -1.115861 0.468134 1.284755
v -1.118708 0.479074 1.290570
v -1.122157 0.486582 1.292299
v -1.103414 0.302590 1.206784
v -1.086752 0.269214 1.224729
v -1.056896 0.320302 1.244282
v -1.100805 0.291713 1.201227
v -1.097498 0.282120 1.200392
v -1.091577 0.307503 1.207270
v -1.088510 0.296419 1.201808
v -1.085822 0.287483 1.201270
v -1.079951 0.312144 1.211884
v -1.077813 0.301116 1.206504
v -1.077033 0.292746 1.205315
v -1.075731 0.275762 1.224336
v -1.066471 0.285139 1.226402
v -1.090109 0.270287 1.212746
v -1.078863 0.277293 1.212175
v -1.070311 0.286045 1.214609
v -1.093809 0.274730 1.204365
v -1.082722 0.281348 1.204580
v -1.074796 0.288265 1.207725
v -1.061714 0.318874 1.231342
v -1.069652 0.316065 1.220186
v -1.056564 0.308558 1.236889
v -1.061755 0.306677 1.223367
v -1.069243 0.304410 1.213429
v -1.059860 0.296451 1.230731
v -1.064821 0.295461 1.218181
v -1.070787 0.295124 1.210350
v -0.348177 0.443662 3.097375
v -0.360615 0.386547 3.086962
v -0.384527 0.419293 3.045064
v -0.351988 0.432734 3.102566
v -0.355436 0.420354 3.104083
v -0.359379 0.442855 3.089616
v -0.363610 0.431393 3.094571
v -0.366393 0.419938 3.096036
v -0.369489 0.439598 3.079460
v -0.372811 0.428646 3.084825
v -0.373899 0.419202 3.087517
v -0.371207 0.388536 3.079714
v -0.379552 0.393387 3.071036
v -0.359973 0.396068 3.095881
v -0.370814 0.398565 3.088500
v -0.378406 0.402865 3.080132
v -0.358190 0.407708 3.101778
v -0.368713 0.409414 3.094096
v -0.375569 0.411534 3.086119
v -0.382714 0.427210 3.056035
v -0.377536 0.434202 3.067879
v -0.386558 0.409557 3.052816
v -0.384517 0.417463 3.064470
v -0.379504 0.424182 3.075168
v -0.384846 0.400637 3.061759
v -0.382808 0.408924 3.072436
v -0.378779 0.415930 3.080494
v -0.434145 0.461332 3.034321
v -0.414404 0.436964 3.036189
v -0.473694 0.406105 2.996024
v -0.426305 0.461358 3.046390
v -0.419892 0.458539 3.052948
v -0.444630 0.451820 3.033976
v -0.436857 0.451415 3.046154
v -0.430672 0.448988 3.051919
v -0.454736 0.440403 3.029344
v -0.446516 0.440711 3.041195
v -0.439804 0.440181 3.046926
v -0.425856 0.428645 3.035753
v -0.438764 0.420687 3.030855
v -0.413632 0.445714 3.047589
v -0.425596 0.437329 3.047158
v -0.437590 0.429724 3.042031
v -0.415521 0.453144 3.053362
v -0.427063 0.444473 3.052259
v -0.437153 0.436910 3.047177
v -0.470020 0.416366 3.009391
v -0.463492 0.428176 3.020865
v -0.463918 0.408834 3.009968
v -0.459664 0.419660 3.024100
v -0.453828 0.430530 3.034105
v -0.451891 0.413855 3.021962
v -0.448511 0.424062 3.034659
v -0.445114 0.432767 3.041784
v -0.925844 0.461332 2.279212
v -0.945905 0.406105 2.270843
v -0.944106 0.432813 2.217872
v -0.933575 0.452360 2.283726
v -0.939969 0.441227 2.285125
v -0.933019 0.460615 2.267354
v -0.941155 0.451142 2.271532
v -0.946735 0.440796 2.273055
v -0.938912 0.456923 2.253995
v -0.946283 0.447893 2.258878
v -0.950369 0.439483 2.262027
v -0.952098 0.408091 2.259395
v -0.955143 0.412239 2.247224
v -0.946454 0.416906 2.278354
v -0.952702 0.419390 2.266619
v -0.955325 0.422963 2.255116
v -0.944411 0.428999 2.283272
v -0.950448 0.430619 2.271481
v -0.953063 0.432068 2.260903
v -0.944743 0.442306 2.227976
v -0.942955 0.450609 2.240414
v -0.950943 0.425237 2.225389
v -0.951634 0.434820 2.236228
v -0.949631 0.442660 2.247558
v -0.954745 0.418152 2.235496
v -0.954993 0.427912 2.245377
v -0.952821 0.435654 2.253792
v -1.190715 0.489514 1.277367
v -1.183656 0.456138 1.296481
v -1.221573 0.442103 1.245976
v -1.190528 0.488629 1.290073
v -1.189609 0.484285 1.298971
v -1.202247 0.484291 1.274463
v -1.202312 0.483016 1.287343
v -1.201042 0.479008 1.295438
v -1.211892 0.476037 1.269290
v -1.211188 0.475228 1.281957
v -1.208841 0.472931 1.289733
v -1.195534 0.452549 1.292642
v -1.206181 0.449032 1.284755
v -1.185996 0.467203 1.302344
v -1.198316 0.463774 1.298258
v -1.207982 0.460167 1.290584
v -1.188046 0.476895 1.303202
v -1.199770 0.472844 1.298949
v -1.207893 0.468450 1.292299
v -1.222056 0.453855 1.254312
v -1.218724 0.465540 1.262340
v -1.219875 0.443539 1.260220
v -1.220092 0.455777 1.269235
v -1.216879 0.466491 1.276138
v -1.214576 0.445925 1.273573
v -1.214972 0.457610 1.281293
v -1.212983 0.466565 1.285518
v -1.190715 0.489514 -1.141081
v -1.221573 0.442103 -1.124738
v -1.182902 0.452569 -1.167890
v -1.202345 0.484755 -1.139871
v -1.212042 0.476745 -1.137336
v -1.190392 0.487990 -1.153209
v -1.202340 0.482803 -1.152190
v -1.211183 0.475304 -1.149379
v -1.189315 0.482895 -1.162696
v -1.200875 0.478067 -1.160920
v -1.208713 0.472330 -1.157275
v -1.219740 0.442901 -1.137666
v -1.214282 0.444536 -1.149473
v -1.222154 0.454319 -1.129380
v -1.220039 0.455524 -1.142857
v -1.214801 0.456665 -1.153521
v -1.218874 0.466248 -1.133718
v -1.216866 0.466565 -1.146399
v -1.212856 0.465965 -1.155081
v -1.185377 0.464273 -1.170419
v -1.187585 0.474716 -1.168631
v -1.194914 0.449619 -1.165368
v -1.197786 0.461616 -1.167655
v -1.199405 0.471269 -1.165867
v -1.205720 0.446853 -1.159027
v -1.207677 0.458625 -1.161482
v -1.207664 0.467370 -1.160874
v -0.975008 0.478589 2.186900
v -0.961840 0.450070 2.197910
v -1.009971 0.427500 2.146698
v -0.971613 0.478385 2.200327
v -0.968298 0.474963 2.208661
v -0.986489 0.471409 2.184498
v -0.983272 0.470805 2.198058
v -0.979839 0.467725 2.205549
v -0.996584 0.461699 2.178564
v -0.992710 0.461665 2.191876
v -0.988412 0.460355 2.199262
v -0.973966 0.444287 2.194969
v -0.985931 0.438625 2.187472
v -0.963159 0.460077 2.207395
v -0.975777 0.454344 2.204306
v -0.986747 0.448800 2.196842
v -0.965383 0.468649 2.211098
v -0.977443 0.462451 2.207569
v -0.986644 0.456526 2.200740
v -1.008934 0.438612 2.158689
v -1.004325 0.450388 2.169663
v -1.004864 0.429798 2.162092
v -1.003427 0.441440 2.174890
v -0.999165 0.452247 2.184431
v -0.996587 0.433628 2.176133
v -0.995617 0.444668 2.187430
v -0.993106 0.453496 2.193864
v -1.175678 0.478589 1.375493
v -1.203053 0.427500 1.365974
v -1.178223 0.445212 1.315777
v -1.186255 0.472041 1.377682
v -1.194994 0.462663 1.377725
v -1.178581 0.477515 1.362167
v -1.189526 0.470509 1.363952
v -1.197384 0.461757 1.364326
v -1.180402 0.473072 1.348225
v -1.190777 0.466454 1.350886
v -1.197380 0.459537 1.353094
v -1.204616 0.428928 1.353114
v -1.202550 0.431737 1.340524
v -1.203829 0.439244 1.371571
v -1.205244 0.441125 1.358382
v -1.203126 0.443392 1.346609
v -1.201055 0.451352 1.375618
v -1.202433 0.452342 1.362537
v -1.201055 0.452678 1.351816
v -1.180215 0.456089 1.323832
v -1.180965 0.465683 1.335004
v -1.188675 0.440299 1.320890
v -1.190943 0.451383 1.329586
v -1.191219 0.460319 1.339871
v -1.197053 0.435659 1.329410
v -1.198552 0.446686 1.337377
v -1.197721 0.455056 1.345077
v -1.067259 0.478481 -1.261417
v -1.099445 0.441536 -1.248226
v -1.058506 0.427360 -1.285637
v -1.079361 0.476766 -1.260805
v -1.089461 0.471571 -1.258950
v -1.066708 0.472385 -1.272367
v -1.079136 0.470224 -1.271944
v -1.088354 0.465460 -1.269804
v -1.065401 0.463240 -1.280936
v -1.077440 0.461639 -1.279811
v -1.085635 0.458805 -1.276865
v -1.097318 0.437249 -1.259822
v -1.091443 0.433349 -1.270263
v -1.100024 0.453049 -1.252336
v -1.097595 0.448926 -1.264416
v -1.091967 0.444968 -1.273837
v -1.096587 0.463392 -1.256029
v -1.094281 0.458637 -1.267401
v -1.089956 0.453845 -1.275094
v -1.061089 0.439567 -1.287916
v -1.063463 0.451922 -1.286299
v -1.071037 0.428148 -1.283839
v -1.074039 0.440855 -1.285913
v -1.075796 0.452219 -1.284279
v -1.082379 0.430210 -1.278546
v -1.084424 0.442387 -1.280739
v -1.084460 0.451942 -1.280117
v -0.940902 0.282557 2.034501
v -0.946940 0.254038 1.967851
v -0.991325 0.278327 2.001179
v -0.939720 0.272550 2.024462
v -0.939800 0.263977 2.011441
v -0.953438 0.280057 2.034763
v -0.952622 0.269688 2.024157
v -0.952343 0.261950 2.011996
v -0.965885 0.278252 2.031028
v -0.964227 0.268413 2.020856
v -0.962320 0.261920 2.010902
v -0.959181 0.252934 1.971376
v -0.970770 0.255177 1.977101
v -0.943596 0.254242 1.981675
v -0.956178 0.253311 1.985840
v -0.966933 0.255546 1.990768
v -0.941137 0.257663 1.996684
v -0.953488 0.256690 1.999717
v -0.963130 0.258091 2.001953
v -0.985808 0.277341 2.013371
v -0.977049 0.277315 2.023650
v -0.987674 0.268527 1.992772
v -0.981644 0.267304 2.005090
v -0.973527 0.267658 2.014740
v -0.980597 0.260555 1.984481
v -0.975101 0.260023 1.996944
v -0.969089 0.261352 2.006428
v -0.429453 0.261150 2.807822
v -0.453366 0.236782 2.742650
v -0.487140 0.249026 2.791993
v -0.430179 0.252400 2.796492
v -0.433340 0.244971 2.782964
v -0.440618 0.256184 2.811742
v -0.441821 0.247049 2.799941
v -0.444487 0.240440 2.787232
v -0.453189 0.252166 2.811962
v -0.453545 0.243683 2.800378
v -0.454140 0.238461 2.789411
v -0.463360 0.233009 2.749761
v -0.472536 0.232450 2.759232
v -0.445531 0.236756 2.754654
v -0.455650 0.233040 2.762505
v -0.464324 0.232694 2.770952
v -0.438635 0.239575 2.768535
v -0.448922 0.235939 2.775236
v -0.457351 0.235190 2.780661
v -0.477651 0.248401 2.801580
v -0.465961 0.249482 2.808457
v -0.485042 0.240870 2.781437
v -0.474994 0.240112 2.790944
v -0.464179 0.241470 2.797491
v -0.480014 0.235161 2.770157
v -0.470525 0.234952 2.780074
v -0.461885 0.236834 2.787285
v -1.067582 0.290875 -1.194433
v -1.019769 0.253930 -1.181242
v -1.026950 0.278151 -1.232363
v -1.063291 0.279362 -1.190322
v -1.055480 0.269019 -1.186629
v -1.065511 0.286848 -1.206122
v -1.060778 0.274859 -1.202189
v -1.053467 0.265526 -1.198418
v -1.059700 0.283253 -1.216672
v -1.055351 0.271962 -1.212087
v -1.049877 0.264332 -1.207429
v -1.020038 0.251712 -1.193577
v -1.021015 0.253361 -1.205999
v -1.032597 0.255645 -1.181854
v -1.033261 0.253629 -1.194686
v -1.033768 0.255294 -1.206114
v -1.044894 0.260839 -1.183709
v -1.044652 0.258710 -1.196018
v -1.043458 0.259372 -1.205658
v -1.039427 0.278679 -1.230472
v -1.050704 0.280436 -1.225070
v -1.024649 0.267260 -1.226395
v -1.037469 0.267598 -1.224053
v -1.047873 0.269645 -1.219092
v -1.022605 0.258724 -1.217318
v -1.035124 0.259762 -1.215533
v -1.044422 0.262624 -1.212521
v -1.144851 0.287414 1.217032
v -1.171505 0.278327 1.272626
v -1.128189 0.254038 1.234976
v -1.155630 0.284045 1.223111
v -1.164391 0.281218 1.232766
v -1.142242 0.276537 1.211474
v -1.153239 0.272784 1.217865
v -1.161293 0.270572 1.227133
v -1.138934 0.266944 1.210640
v -1.149736 0.264056 1.217100
v -1.157186 0.263390 1.225138
v -1.167591 0.267895 1.264347
v -1.160500 0.259592 1.255621
v -1.172741 0.278211 1.258801
v -1.168509 0.267508 1.249808
v -1.161769 0.259973 1.242208
v -1.170292 0.279206 1.245075
v -1.166195 0.268871 1.237362
v -1.160765 0.262170 1.232602
v -1.131545 0.255111 1.222994
v -1.135245 0.259554 1.214613
v -1.139784 0.252303 1.240177
v -1.143598 0.253583 1.228097
v -1.146637 0.257911 1.220391
v -1.150910 0.254214 1.247285
v -1.153791 0.255500 1.235237
v -1.154949 0.258909 1.227548
v -0.366161 0.219152 2.803618
v -0.399575 0.243494 2.816718
v -0.374725 0.216092 2.862787
v -0.377502 0.220029 2.798791
v -0.387343 0.223319 2.797778
v -0.369821 0.211560 2.813030
v -0.381601 0.212421 2.808506
v -0.390467 0.215832 2.807457
v -0.372739 0.207215 2.824852
v -0.383860 0.208512 2.819788
v -0.391183 0.211974 2.817234
v -0.401599 0.234710 2.825488
v -0.399774 0.226910 2.835451
v -0.398952 0.235656 2.807201
v -0.400796 0.226388 2.816131
v -0.398934 0.219515 2.825691
v -0.394741 0.228709 2.800678
v -0.396631 0.220298 2.809897
v -0.395669 0.215242 2.818992
v -0.375319 0.209595 2.851015
v -0.374635 0.206537 2.837952
v -0.385646 0.217119 2.855063
v -0.386472 0.210615 2.842552
v -0.385410 0.207944 2.830709
v -0.394272 0.220843 2.845651
v -0.394352 0.214448 2.834153
v -0.392333 0.211563 2.825177
v -1.143225 0.264964 1.136850
v -1.190636 0.295822 1.154438
v -1.150284 0.298340 1.197736
v -1.155885 0.265071 1.137282
v -1.168046 0.268713 1.139554
v -1.143413 0.265849 1.150665
v -1.156533 0.266205 1.151595
v -1.167704 0.269717 1.153322
v -1.144331 0.270193 1.164999
v -1.156958 0.270410 1.164925
v -1.166513 0.272789 1.164490
v -1.188502 0.295196 1.167391
v -1.182691 0.295160 1.179229
v -1.186321 0.284880 1.148573
v -1.183759 0.283978 1.161799
v -1.178357 0.284341 1.172843
v -1.178543 0.275545 1.143448
v -1.176438 0.275406 1.156598
v -1.172879 0.276932 1.166852
v -1.147944 0.287275 1.189751
v -1.145894 0.277583 1.178479
v -1.162598 0.296812 1.195187
v -1.160512 0.285368 1.186621
v -1.158227 0.276561 1.176150
v -1.173757 0.295717 1.188815
v -1.170910 0.284777 1.180804
v -1.167461 0.277270 1.172665
v -1.143225 0.264964 -1.060906
v -1.151039 0.301909 -1.114097
v -1.190636 0.295822 -1.072509
v -1.143548 0.266488 -1.074122
v -1.144625 0.271583 -1.087247
v -1.155786 0.264606 -1.061268
v -1.156502 0.266404 -1.074996
v -1.157113 0.271297 -1.087071
v -1.167896 0.268005 -1.062806
v -1.167720 0.269692 -1.075999
v -1.166640 0.273389 -1.086244
v -1.163217 0.299743 -1.111854
v -1.174218 0.297897 -1.105842
v -1.148564 0.290205 -1.108268
v -1.161071 0.287666 -1.105548
v -1.171227 0.286374 -1.100007
v -1.146355 0.279762 -1.099024
v -1.158585 0.278104 -1.096871
v -1.167689 0.278350 -1.093385
v -1.186222 0.284416 -1.068716
v -1.178393 0.274837 -1.065375
v -1.188637 0.295835 -1.085156
v -1.183786 0.284106 -1.081581
v -1.176461 0.275376 -1.078103
v -1.182985 0.296549 -1.096635
v -1.178514 0.285222 -1.092329
v -1.173006 0.277532 -1.087802
v -0.897776 0.236782 2.060163
v -0.923168 0.265301 2.054463
v -0.926271 0.249026 2.117613
v -0.905131 0.237500 2.049706
v -0.911947 0.241191 2.043549
v -0.906090 0.232470 2.069223
v -0.913915 0.233287 2.058874
v -0.919888 0.236989 2.053124
v -0.913770 0.231627 2.080661
v -0.920750 0.232650 2.070003
v -0.924921 0.235888 2.063421
v -0.930239 0.259592 2.063803
v -0.934314 0.254701 2.076049
v -0.921432 0.255808 2.046046
v -0.928541 0.249679 2.055705
v -0.932197 0.245534 2.067421
v -0.917569 0.247505 2.042287
v -0.924586 0.242233 2.052099
v -0.928330 0.239717 2.062656
v -0.924383 0.240330 2.106104
v -0.920079 0.234338 2.093381
v -0.932231 0.249145 2.104343
v -0.930276 0.240287 2.091963
v -0.925986 0.234904 2.080621
v -0.935001 0.251098 2.090031
v -0.932762 0.242512 2.079035
v -0.928747 0.237532 2.071134
vn -0.3518 -0.9073 -0.2304
vn 0.7958 0.5035 -0.3365
vn 0.7276 -0.5564 0.4012
vn -0.1976 -0.9108 -0.3626
vn 0.2367 -0.7139 -0.6590
vn -0.1430 -0.9848 -0.0989
vn 0.0499 -0.9839 -0.1716
vn 0.4689 -0.8130 -0.3451
vn 0.0861 -0.9954 0.0427
vn 0.2728 -0.9620 -0.0082
vn 0.5838 -0.8015 -0.1298
vn 0.9259 0.3243 -0.1940
vn 0.9920 0.1196 -0.0402
vn 0.8194 0.3439 -0.4586
vn 0.9570 0.1356 -0.2566
vn 0.9946 -0.0702 -0.0766
vn 0.6967 -0.1463 -0.7023
vn 0.8655 -0.3243 -0.3818
vn 0.8942 -0.4185 -0.1592
vn 0.5908 -0.7410 0.3192
vn 0.3401 -0.9219 0.1857
vn 0.8721 -0.3934 0.2911
vn 0.7636 -0.6022 0.2329
vn 0.5237 -0.8427 0.1248
vn 0.9841 -0.1269 0.1245
vn 0.9409 -0.3277 0.0852
vn 0.7775 -0.6289 0.0079
vn -0.2333 -0.9723 -0.0137
vn 0.8516 -0.4416 0.2826
vn -0.2751 -0.5050 0.8181
vn 0.0035 -0.9990 0.0442
vn 0.2702 -0.9565 0.1100
vn -0.2727 -0.9519 0.1398
vn -0.0472 -0.9799 0.1936
vn 0.2021 -0.9475 0.2478
vn -0.3069 -0.8831 0.3548
vn -0.1019 -0.9138 0.3931
vn 0.1107 -0.9039 0.4131
vn 0.7253 -0.5138 0.4582
vn 0.5021 -0.5707 0.6497
vn 0.7324 -0.6354 0.2446
vn 0.6077 -0.6817 0.4074
vn 0.4112 -0.7007 0.5830
vn 0.5208 -0.8348 0.1785
vn 0.4220 -0.8487 0.3188
vn 0.2878 -0.8307 0.4765
vn -0.2976 -0.6280 0.7191
vn -0.3153 -0.7762 0.5459
vn -0.0396 -0.5604 0.8273
vn -0.0710 -0.6809 0.7289
vn -0.1096 -0.8173 0.5657
vn 0.2387 -0.5861 0.7743
vn 0.1833 -0.7007 0.6895
vn 0.1045 -0.8216 0.5604
vn -0.2032 -0.9772 -0.0616
vn 0.5109 0.5584 -0.6536
vn 0.9189 -0.3596 0.1623
vn -0.1022 -0.9629 -0.2498
vn 0.1459 -0.7283 -0.6695
vn 0.0467 -0.9989 -0.0026
vn 0.1996 -0.9681 -0.1518
vn 0.4717 -0.7467 -0.4689
vn 0.3118 -0.9484 0.0578
vn 0.4577 -0.8865 -0.0679
vn 0.6544 -0.6926 -0.3035
vn 0.7152 0.4299 -0.5511
vn 0.8742 0.2633 -0.4080
vn 0.5175 0.3782 -0.7675
vn 0.7541 0.2322 -0.6143
vn 0.8975 0.0672 -0.4360
vn 0.4191 -0.1372 -0.8975
vn 0.7080 -0.2364 -0.6654
vn 0.8396 -0.2917 -0.4583
vn 0.8073 -0.5733 0.1400
vn 0.5768 -0.8100 0.1060
vn 0.9804 -0.1971 -0.0067
vn 0.9048 -0.4255 -0.0169
vn 0.7038 -0.7098 -0.0285
vn 0.9730 0.0486 -0.2257
vn 0.9572 -0.1610 -0.2406
vn 0.8414 -0.4823 -0.2437
vn -0.0775 -0.9641 0.2540
vn -0.9893 0.0823 -0.1206
vn -0.0786 -0.3951 -0.9153
vn -0.3200 -0.9186 0.2317
vn -0.6355 -0.7525 0.1729
vn -0.0781 -0.9968 0.0181
vn -0.3177 -0.9481 -0.0145
vn -0.6113 -0.7890 -0.0610
vn -0.0732 -0.9542 -0.2902
vn -0.2907 -0.9041 -0.3133
vn -0.5419 -0.7789 -0.3158
vn -0.9414 -0.0054 -0.3371
vn -0.7994 -0.1199 -0.5887
vn -0.9874 -0.1528 -0.0420
vn -0.9328 -0.2413 -0.2678
vn -0.7888 -0.3321 -0.5172
vn -0.8763 -0.4761 0.0739
vn -0.8277 -0.5406 -0.1503
vn -0.7211 -0.5732 -0.3892
vn -0.0791 -0.5975 -0.7980
vn -0.0738 -0.8161 -0.5732
vn -0.3047 -0.3393 -0.8900
vn -0.3069 -0.5466 -0.7791
vn -0.2881 -0.7679 -0.5721
vn -0.5791 -0.2364 -0.7802
vn -0.5771 -0.4367 -0.6901
vn -0.5328 -0.6553 -0.5354
vn -0.3519 -0.6817 -0.6414
vn 0.3525 -0.6811 -0.6417
vn -0.2916 -0.8190 0.4942
vn 0.2895 -0.8184 0.4965
vn -0.2374 -0.7143 -0.6583
vn -0.0837 -0.7413 -0.6660
vn -0.2620 -0.8314 -0.4900
vn -0.1835 -0.8572 -0.4811
vn -0.0733 -0.8822 -0.4651
vn -0.1214 -0.9632 -0.2398
vn -0.0818 -0.9696 -0.2307
vn -0.0397 -0.9771 -0.2092
vn 0.2648 -0.8301 -0.4907
vn 0.1221 -0.9637 -0.2375
vn 0.2369 -0.7139 -0.6589
vn 0.1820 -0.8565 -0.4830
vn 0.0814 -0.9702 -0.2284
vn 0.0836 -0.7412 -0.6660
vn 0.0718 -0.8819 -0.4659
vn 0.0380 -0.9773 -0.2085
vn -0.1976 -0.8428 0.5007
vn -0.0638 -0.8612 0.5042
vn -0.2137 -0.9246 0.3153
vn -0.1694 -0.9253 0.3391
vn -0.0552 -0.9319 0.3586
vn -0.0589 -0.9963 0.0626
vn -0.0589 -0.9928 0.1044
vn -0.0175 -0.9899 0.1408
vn 0.2083 -0.9253 0.3169
vn 0.0536 -0.9968 0.0593
vn 0.1971 -0.8403 0.5050
vn 0.1678 -0.9250 0.3408
vn 0.0578 -0.9936 0.0971
vn 0.0667 -0.8597 0.5065
vn 0.0615 -0.9313 0.3590
vn 0.0202 -0.9904 0.1368
vn -0.0000 -0.4094 -0.9124
vn -0.0000 -0.9658 0.2594
vn -0.0000 -0.6115 -0.7913
vn -0.0000 -0.8259 -0.5639
vn -0.0000 -0.9593 -0.2824
vn -0.0000 -0.9997 0.0259
vn 0.3080 0.9508 -0.0339
vn 0.9938 -0.0886 -0.0670
vn 0.2202 0.5132 -0.8296
vn 0.5288 0.8480 -0.0340
vn 0.7459 0.6652 -0.0349
vn 0.3079 0.9342 -0.1801
vn 0.5231 0.8334 -0.1782
vn 0.7179 0.6743 -0.1731
vn 0.2895 0.8735 -0.3913
vn 0.4862 0.7873 -0.3792
vn 0.6556 0.6692 -0.3499
vn 0.9649 0.0275 -0.2611
vn 0.8525 0.1777 -0.4916
vn 0.9888 0.1377 -0.0572
vn 0.9435 0.2316 -0.2369
vn 0.8300 0.3336 -0.4469
vn 0.9053 0.4227 -0.0424
vn 0.8594 0.4739 -0.1919
vn 0.7738 0.5134 -0.3711
vn 0.2428 0.6273 -0.7400
vn 0.2679 0.7727 -0.5755
vn 0.4482 0.4349 -0.7810
vn 0.4626 0.5512 -0.6944
vn 0.4667 0.6965 -0.5450
vn 0.6737 0.3172 -0.6675
vn 0.6686 0.4410 -0.5987
vn 0.6393 0.5915 -0.4914
vn 0.5122 0.7709 0.3786
vn -0.6105 -0.4829 0.6278
vn 0.6848 -0.5022 0.5280
vn 0.3825 0.7264 0.5710
vn 0.0649 0.5048 0.8608
vn 0.6611 0.5798 0.4762
vn 0.5543 0.5002 0.6652
vn 0.2877 0.2692 0.9191
vn 0.7694 0.3292 0.5474
vn 0.6690 0.2292 0.7071
vn 0.4446 0.0546 0.8940
vn -0.3904 -0.5883 0.7081
vn -0.1131 -0.6576 0.7448
vn -0.5429 -0.3135 0.7791
vn -0.2816 -0.4401 0.8526
vn 0.0042 -0.5171 0.8559
vn -0.3145 0.0781 0.9460
vn -0.0434 -0.1038 0.9936
vn 0.1808 -0.2418 0.9533
vn 0.7665 -0.2810 0.5775
vn 0.8092 0.0353 0.5864
vn 0.4913 -0.5921 0.6388
vn 0.5953 -0.3882 0.7035
vn 0.6829 -0.0709 0.7270
vn 0.1906 -0.6609 0.7259
vn 0.3022 -0.4983 0.8126
vn 0.4413 -0.2192 0.8701
vn 0.3623 0.5533 0.7500
vn -0.8907 -0.3553 0.2836
vn 0.3053 -0.7077 0.6371
vn 0.1397 0.5250 0.8396
vn -0.2663 0.3606 0.8939
vn 0.4246 0.3365 0.8405
vn 0.2208 0.2843 0.9330
vn -0.1413 0.1136 0.9834
vn 0.4574 0.0513 0.8878
vn 0.2728 -0.0071 0.9620
vn -0.0239 -0.1233 0.9921
vn -0.7486 -0.5169 0.4153
vn -0.5218 -0.6614 0.5388
vn -0.8523 -0.2097 0.4792
vn -0.6846 -0.3938 0.6133
vn -0.4476 -0.5457 0.7084
vn -0.6537 0.0730 0.7533
vn -0.4854 -0.1443 0.8623
vn -0.3000 -0.3298 0.8951
vn 0.3684 -0.5306 0.7633
vn 0.4383 -0.2483 0.8639
vn 0.0754 -0.7441 0.6638
vn 0.1489 -0.5739 0.8052
vn 0.2458 -0.2967 0.9228
vn -0.2390 -0.7410 0.6275
vn -0.1670 -0.6056 0.7780
vn -0.0429 -0.3768 0.9253
vn -0.0000 0.9117 -0.4109
vn -0.0000 -0.2610 -0.9653
vn -0.0000 0.7900 -0.6131
vn -0.0000 0.5635 -0.8261
vn -0.0000 0.2820 -0.9594
vn -0.0000 -0.0280 -0.9996
vn 0.2989 0.9524 0.0597
vn 0.1682 0.3571 0.9188
vn 0.9920 -0.1010 0.0751
vn 0.2866 0.9267 0.2432
vn 0.2621 0.8402 0.4747
vn 0.5159 0.8546 0.0591
vn 0.4939 0.8350 0.2424
vn 0.4512 0.7632 0.4625
vn 0.7404 0.6697 0.0573
vn 0.7068 0.6689 0.2302
vn 0.6380 0.6418 0.4255
vn 0.3902 0.2929 0.8729
vn 0.6381 0.1930 0.7454
vn 0.2004 0.5180 0.8316
vn 0.4145 0.4552 0.7880
vn 0.6406 0.3562 0.6803
vn 0.2335 0.7039 0.6708
vn 0.4255 0.6396 0.6403
vn 0.6157 0.5366 0.5771
vn 0.9890 0.1302 0.0701
vn 0.9048 0.4215 0.0605
vn 0.9572 -0.0231 0.2886
vn 0.9417 0.1957 0.2736
vn 0.8580 0.4542 0.2398
vn 0.8344 0.0839 0.5448
vn 0.8184 0.2684 0.5081
vn 0.7650 0.4708 0.4394
vn -0.3203 -0.7106 0.6265
vn -0.3656 0.5313 0.7642
vn 0.3636 0.5332 0.7639
vn 0.3221 -0.7091 0.6273
vn -0.3407 -0.5382 0.7708
vn -0.3678 -0.2768 0.8878
vn -0.1933 -0.7130 0.6740
vn -0.1866 -0.5237 0.8312
vn -0.1938 -0.2908 0.9369
vn -0.0655 -0.7024 0.7087
vn -0.0675 -0.5062 0.8598
vn -0.0734 -0.2893 0.9544
vn -0.2407 0.4902 0.8377
vn -0.0790 0.4757 0.8761
vn -0.3912 0.3012 0.8696
vn -0.2312 0.2493 0.9404
vn -0.0775 0.2369 0.9684
vn -0.3878 0.0252 0.9214
vn -0.2107 0.0052 0.9775
vn -0.0762 0.0105 0.9970
vn 0.3855 0.3026 0.8717
vn 0.3837 0.0210 0.9232
vn 0.2392 0.4958 0.8348
vn 0.2293 0.2514 0.9403
vn 0.2101 -0.0031 0.9777
vn 0.0821 0.4795 0.8737
vn 0.0841 0.2379 0.9676
vn 0.0801 0.0060 0.9968
vn 0.1947 -0.7089 0.6780
vn 0.0629 -0.6996 0.7117
vn 0.3461 -0.5367 0.7696
vn 0.1882 -0.5218 0.8320
vn 0.0617 -0.5052 0.8608
vn 0.3714 -0.2803 0.8852
vn 0.1940 -0.2982 0.9346
vn 0.0697 -0.2933 0.9535
vn 0.5096 0.5742 -0.6408
vn 0.4368 0.8941 0.0985
vn 0.9611 -0.2118 0.1773
vn 0.5158 0.6512 -0.5567
vn 0.5112 0.7670 -0.3879
vn 0.7112 0.4520 -0.5384
vn 0.7124 0.5310 -0.4589
vn 0.6930 0.6508 -0.3104
vn 0.8685 0.2980 -0.3960
vn 0.8582 0.3904 -0.3333
vn 0.8198 0.5241 -0.2307
vn 0.6419 0.7526 0.1471
vn 0.8145 0.5495 0.1863
vn 0.4666 0.8844 -0.0115
vn 0.6678 0.7433 0.0393
vn 0.8210 0.5658 0.0767
vn 0.4952 0.8431 -0.2097
vn 0.6788 0.7185 -0.1515
vn 0.8075 0.5821 -0.0953
vn 0.9976 -0.0686 0.0058
vn 0.9695 0.1214 -0.2131
vn 0.9804 0.0106 0.1967
vn 0.9917 0.1229 0.0368
vn 0.9521 0.2543 -0.1697
vn 0.9324 0.2981 0.2045
vn 0.9296 0.3604 0.0770
vn 0.9005 0.4234 -0.0996
vn -0.3815 -0.9001 -0.2105
vn 0.6093 -0.6343 0.4758
vn -0.6216 -0.5298 0.5769
vn -0.1832 -0.9797 -0.0814
vn 0.0430 -0.9968 0.0669
vn -0.4588 -0.8840 -0.0895
vn -0.2690 -0.9626 0.0319
vn -0.0575 -0.9848 0.1641
vn -0.5496 -0.8292 0.1022
vn -0.3736 -0.9053 0.2022
vn -0.1881 -0.9388 0.2886
vn 0.4184 -0.6978 0.5814
vn 0.1372 -0.7287 0.6710
vn 0.4767 -0.7940 0.3773
vn 0.2999 -0.8276 0.4745
vn 0.0579 -0.8226 0.5657
vn 0.2688 -0.9369 0.2234
vn 0.1331 -0.9409 0.3113
vn -0.0388 -0.9105 0.4117
vn -0.6250 -0.6245 0.4683
vn -0.6044 -0.7438 0.2854
vn -0.4118 -0.6331 0.6554
vn -0.4229 -0.7237 0.5454
vn -0.4230 -0.8285 0.3670
vn -0.1469 -0.7051 0.6937
vn -0.1837 -0.7878 0.5879
vn -0.2299 -0.8733 0.4295
vn 0.7949 0.5054 -0.3358
vn 0.5384 0.7667 0.3497
vn 0.7884 -0.4227 0.4470
vn 0.7850 0.5657 -0.2524
vn 0.7430 0.6642 -0.0829
vn 0.9241 0.3316 -0.1900
vn 0.9120 0.3946 -0.1118
vn 0.8645 0.5014 0.0344
vn 0.9896 0.1397 -0.0328
vn 0.9752 0.2195 0.0297
vn 0.9287 0.3473 0.1297
vn 0.6864 0.5769 0.4427
vn 0.7912 0.3436 0.5059
vn 0.5958 0.7586 0.2638
vn 0.7399 0.5694 0.3581
vn 0.8333 0.3640 0.4161
vn 0.6814 0.7269 0.0855
vn 0.8098 0.5571 0.1840
vn 0.8820 0.3950 0.2571
vn 0.9058 -0.2755 0.3220
vn 0.9879 -0.0663 0.1401
vn 0.8402 -0.2115 0.4993
vn 0.9230 -0.0938 0.3733
vn 0.9802 0.0569 0.1898
vn 0.8460 0.0765 0.5276
vn 0.8947 0.1445 0.4226
vn 0.9390 0.2243 0.2607
vn -0.4179 -0.7081 -0.5692
vn 0.2619 -0.8058 0.5311
vn -0.8887 -0.4099 0.2053
vn -0.3134 -0.8607 -0.4013
vn -0.1586 -0.9734 -0.1652
vn -0.5310 -0.7182 -0.4497
vn -0.4209 -0.8644 -0.2752
vn -0.2782 -0.9576 -0.0742
vn -0.6845 -0.6690 -0.2896
vn -0.5801 -0.8022 -0.1414
vn -0.4463 -0.8949 0.0048
vn 0.0408 -0.8277 0.5597
vn -0.2616 -0.8012 0.5383
vn 0.1666 -0.9186 0.3584
vn -0.0367 -0.9197 0.3909
vn -0.3032 -0.8698 0.3892
vn 0.0101 -0.9949 0.1005
vn -0.1484 -0.9776 0.1493
vn -0.3488 -0.9184 0.1868
vn -0.8655 -0.4952 0.0756
vn -0.7949 -0.5954 -0.1164
vn -0.7519 -0.5671 0.3363
vn -0.7331 -0.6484 0.2053
vn -0.6806 -0.7326 0.0133
vn -0.5335 -0.7102 0.4594
vn -0.5370 -0.7783 0.3253
vn -0.5324 -0.8352 0.1380
vn -0.9608 0.2209 -0.1673
vn -0.0716 0.9085 -0.4117
vn -0.0784 -0.2438 -0.9667
vn -0.8853 0.4038 -0.2307
vn -0.7296 0.6147 -0.2996
vn -0.9155 0.1355 -0.3788
vn -0.8411 0.3208 -0.4354
vn -0.6983 0.5291 -0.4822
vn -0.7813 0.0161 -0.6240
vn -0.7246 0.1983 -0.6600
vn -0.6268 0.4010 -0.6681
vn -0.0711 0.7889 -0.6104
vn -0.0678 0.5674 -0.8206
vn -0.2762 0.8744 -0.3990
vn -0.2747 0.7574 -0.5923
vn -0.2589 0.5581 -0.7883
vn -0.5239 0.7735 -0.3566
vn -0.5115 0.6732 -0.5340
vn -0.4683 0.5236 -0.7118
vn -0.3005 -0.1880 -0.9351
vn -0.5690 -0.0963 -0.8167
vn -0.0764 -0.0147 -0.9970
vn -0.2928 0.0368 -0.9555
vn -0.5398 0.1018 -0.8356
vn -0.0695 0.2895 -0.9547
vn -0.2646 0.3151 -0.9114
vn -0.4768 0.3255 -0.8166
vn -0.1080 -0.9918 0.0677
vn 0.9627 -0.2596 0.0758
vn 0.1476 0.2382 0.9599
vn 0.1395 -0.9879 0.0678
vn 0.4282 -0.9014 0.0640
vn -0.0914 -0.9453 0.3133
vn 0.1742 -0.9357 0.3068
vn 0.4621 -0.8422 0.2779
vn -0.0436 -0.7482 0.6620
vn 0.2198 -0.7476 0.6267
vn 0.4704 -0.6951 0.5436
vn 0.9394 -0.1752 0.2948
vn 0.8268 -0.0480 0.5604
vn 0.8744 -0.4792 0.0757
vn 0.8672 -0.3988 0.2982
vn 0.7814 -0.2635 0.5657
vn 0.6828 -0.7274 0.0680
vn 0.6971 -0.6610 0.2776
vn 0.6671 -0.5248 0.5287
vn 0.1067 -0.0066 0.9943
vn 0.0305 -0.3958 0.9178
vn 0.3782 0.1710 0.9098
vn 0.3552 -0.0757 0.9317
vn 0.2856 -0.4336 0.8546
vn 0.6319 0.0722 0.7717
vn 0.6084 -0.1519 0.7790
vn 0.5246 -0.4389 0.7295
vn -0.0964 -0.9945 -0.0402
vn 0.2130 0.4496 -0.8675
vn 0.9675 -0.2431 -0.0693
vn -0.0597 -0.9599 -0.2738
vn 0.0159 -0.7281 -0.6853
vn 0.1571 -0.9867 -0.0410
vn 0.2361 -0.9364 -0.2597
vn 0.3329 -0.7141 -0.6158
vn 0.4369 -0.8985 -0.0414
vn 0.5122 -0.8270 -0.2317
vn 0.5691 -0.6446 -0.5105
vn 0.4495 0.3662 -0.8147
vn 0.6801 0.2404 -0.6926
vn 0.1920 0.2284 -0.9544
vn 0.4643 0.1390 -0.8747
vn 0.6925 0.0275 -0.7209
vn 0.1187 -0.2437 -0.9626
vn 0.4232 -0.2905 -0.8582
vn 0.6405 -0.3070 -0.7039
vn 0.8825 -0.4656 -0.0666
vn 0.6893 -0.7227 -0.0516
vn 0.9563 -0.1136 -0.2694
vn 0.8999 -0.3445 -0.2673
vn 0.7390 -0.6296 -0.2399
vn 0.8577 0.0746 -0.5086
vn 0.8423 -0.1404 -0.5204
vn 0.7508 -0.4405 -0.4922
vn -0.2529 -0.4289 0.8672
vn 0.9088 -0.2915 0.2984
vn 0.4151 0.8966 0.1544
vn -0.0064 -0.4853 0.8743
vn 0.2819 -0.5094 0.8131
vn -0.1760 -0.2160 0.9604
vn 0.1031 -0.2847 0.9531
vn 0.3874 -0.3234 0.8633
vn -0.0068 0.2044 0.9789
vn 0.2751 0.0914 0.9570
vn 0.5038 -0.0166 0.8637
vn 0.9502 -0.0559 0.3066
vn 0.9224 0.2589 0.2867
vn 0.7875 -0.3843 0.4818
vn 0.8530 -0.1570 0.4978
vn 0.8642 0.1645 0.4755
vn 0.5572 -0.4749 0.6812
vn 0.6433 -0.2777 0.7135
vn 0.7143 0.0194 0.6996
vn 0.3561 0.8507 0.3868
vn 0.2038 0.6273 0.7517
vn 0.6230 0.7546 0.2060
vn 0.5862 0.6851 0.4326
vn 0.4602 0.4636 0.7571
vn 0.8067 0.5355 0.2500
vn 0.7731 0.4485 0.4485
vn 0.6528 0.2819 0.7032
vn -0.3729 -0.4945 -0.7851
vn -0.2855 0.6985 -0.6562
vn 0.2862 0.6989 -0.6554
vn 0.3724 -0.4940 -0.7857
vn -0.3935 -0.2816 -0.8751
vn -0.4129 -0.0131 -0.9107
vn -0.2401 -0.4816 -0.8429
vn -0.2353 -0.2470 -0.9400
vn -0.2561 0.0131 -0.9666
vn -0.0857 -0.4921 -0.8663
vn -0.0951 -0.2683 -0.9586
vn -0.1088 0.0004 -0.9941
vn -0.1693 0.7208 -0.6722
vn -0.0605 0.7330 -0.6776
vn -0.3369 0.5273 -0.7800
vn -0.1893 0.5642 -0.8037
vn -0.0781 0.5908 -0.8030
vn -0.3911 0.2829 -0.8758
vn -0.2371 0.3441 -0.9085
vn -0.1012 0.3688 -0.9240
vn 0.3387 0.5279 -0.7789
vn 0.3925 0.2812 -0.8757
vn 0.1688 0.7214 -0.6716
vn 0.1883 0.5658 -0.8027
vn 0.2368 0.3419 -0.9094
vn 0.0603 0.7331 -0.6775
vn 0.0765 0.5915 -0.8027
vn 0.1005 0.3676 -0.9245
vn 0.2408 -0.4812 -0.8429
vn 0.0856 -0.4922 -0.8662
vn 0.3920 -0.2805 -0.8762
vn 0.2366 -0.2450 -0.9402
vn 0.0962 -0.2675 -0.9587
vn 0.4118 -0.0147 -0.9111
vn 0.2564 0.0113 -0.9665
vn 0.1095 -0.0005 -0.9940
vn -0.4767 -0.5563 -0.6806
vn -0.9615 -0.2617 0.0835
vn -0.4366 0.6615 -0.6098
vn -0.5923 -0.5668 -0.5727
vn -0.7450 -0.5284 -0.4071
vn -0.5252 -0.3527 -0.7744
vn -0.6402 -0.3785 -0.6685
vn -0.7838 -0.3592 -0.5067
vn -0.5541 -0.0804 -0.8286
vn -0.6684 -0.1325 -0.7319
vn -0.7939 -0.1617 -0.5862
vn -0.9952 -0.0734 -0.0647
vn -0.9585 0.1564 -0.2385
vn -0.9360 -0.3486 -0.0483
vn -0.9671 -0.1688 -0.1901
vn -0.9399 0.0402 -0.3392
vn -0.8585 -0.4563 -0.2339
vn -0.8893 -0.2916 -0.3523
vn -0.8844 -0.1043 -0.4549
vn -0.5049 0.4741 -0.7213
vn -0.5470 0.2044 -0.8118
vn -0.6342 0.5512 -0.5421
vn -0.6778 0.3623 -0.6398
vn -0.6806 0.1150 -0.7235
vn -0.8360 0.3723 -0.4031
vn -0.8440 0.2189 -0.4897
vn -0.8128 0.0369 -0.5814
vn -0.5395 -0.7646 -0.3526
vn -0.6829 0.5159 -0.5173
vn 0.6020 0.6508 -0.4627
vn -0.6838 -0.5740 -0.4506
vn -0.7837 -0.3341 -0.5236
vn -0.4563 -0.7140 -0.5311
vn -0.6362 -0.4625 -0.6175
vn -0.7252 -0.2042 -0.6575
vn -0.1136 -0.4479 -0.8868
vn -0.3929 -0.1572 -0.9060
vn -0.5235 0.0408 -0.8511
vn -0.4873 0.6400 -0.5940
vn -0.1757 0.7558 -0.6308
vn -0.7698 0.2933 -0.5669
vn -0.6067 0.4423 -0.6605
vn -0.3035 0.6183 -0.7250
vn -0.8204 -0.0387 -0.5705
vn -0.7206 0.1032 -0.6856
vn -0.4824 0.3282 -0.8122
vn 0.5607 0.5407 -0.6271
vn 0.3465 0.1196 -0.9304
vn 0.3731 0.7442 -0.5541
vn 0.2713 0.6566 -0.7038
vn 0.0039 0.3312 -0.9436
vn 0.1180 0.7840 -0.6095
vn -0.0034 0.6874 -0.7262
vn -0.2131 0.4238 -0.8803
vn -0.5470 -0.7743 -0.3182
vn -0.7783 -0.4107 0.4749
vn -0.7907 0.4299 -0.4358
vn -0.6134 -0.7665 -0.1903
vn -0.6966 -0.7174 0.0066
vn -0.6914 -0.5934 -0.4121
vn -0.7520 -0.5959 -0.2817
vn -0.8192 -0.5667 -0.0881
vn -0.8006 -0.3558 -0.4820
vn -0.8549 -0.3786 -0.3547
vn -0.9009 -0.3968 -0.1756
vn -0.9076 -0.2561 0.3328
vn -0.9870 -0.0661 0.1467
vn -0.7797 -0.5070 0.3675
vn -0.9052 -0.3563 0.2317
vn -0.9809 -0.1816 0.0690
vn -0.7514 -0.6320 0.1899
vn -0.8684 -0.4898 0.0766
vn -0.9428 -0.3314 -0.0348
vn -0.8478 0.2133 -0.4856
vn -0.8565 -0.0815 -0.5096
vn -0.9079 0.3100 -0.2821
vn -0.9367 0.1123 -0.3316
vn -0.9169 -0.1422 -0.3728
vn -0.9898 0.1280 -0.0631
vn -0.9927 -0.0245 -0.1184
vn -0.9594 -0.2106 -0.1877
vn -0.3145 -0.9484 -0.0402
vn -0.9831 0.1694 -0.0693
vn -0.0128 0.4973 -0.8675
vn -0.5429 -0.8388 -0.0406
vn -0.7634 -0.6446 -0.0411
vn -0.3344 -0.9017 -0.2739
vn -0.5957 -0.7604 -0.2588
vn -0.8029 -0.5494 -0.2313
vn -0.3097 -0.6594 -0.6850
vn -0.5941 -0.5176 -0.6158
vn -0.7814 -0.3588 -0.5107
vn -0.9204 0.2834 -0.2693
vn -0.7537 0.4161 -0.5088
vn -0.9954 -0.0685 -0.0667
vn -0.9620 0.0510 -0.2682
vn -0.8271 0.2129 -0.5202
vn -0.9230 -0.3812 -0.0521
vn -0.9305 -0.2765 -0.2402
vn -0.8649 -0.0990 -0.4920
vn -0.0827 0.2866 -0.9545
vn -0.2069 -0.1752 -0.9625
vn -0.2631 0.5165 -0.8148
vn -0.3677 0.3142 -0.8753
vn -0.5038 -0.0942 -0.8587
vn -0.5244 0.4950 -0.6928
vn -0.6226 0.3049 -0.7207
vn -0.7099 -0.0212 -0.7040
vn -0.3028 -0.9507 0.0677
vn -0.0386 0.2776 0.9599
vn -0.9854 0.1524 0.0758
vn -0.2987 -0.9015 0.3131
vn -0.2627 -0.7017 0.6623
vn -0.5277 -0.8467 0.0681
vn -0.5373 -0.7852 0.3078
vn -0.5032 -0.5952 0.6266
vn -0.7563 -0.6510 0.0643
vn -0.7637 -0.5825 0.2783
vn -0.7116 -0.4452 0.5435
vn -0.2763 0.3098 0.9098
vn -0.5487 0.3221 0.7715
vn -0.1006 0.0371 0.9942
vn -0.3561 0.0756 0.9314
vn -0.6173 0.1079 0.7793
vn -0.1885 -0.3492 0.9179
vn -0.4373 -0.2810 0.8543
vn -0.6574 -0.1891 0.7294
vn -0.9936 -0.0841 0.0755
vn -0.9187 -0.3891 0.0676
vn -0.9298 0.2199 0.2950
vn -0.9547 -0.0148 0.2973
vn -0.9052 -0.3221 0.2773
vn -0.7758 0.2904 0.5602
vn -0.8210 0.0751 0.5659
vn -0.8225 -0.2096 0.5288
vn -0.4365 -0.8917 -0.1193
vn -0.9061 0.3089 -0.2890
vn 0.2687 0.6470 -0.7135
vn -0.6424 -0.7467 -0.1726
vn -0.8151 -0.5356 -0.2207
vn -0.4182 -0.8470 -0.3280
vn -0.6654 -0.6512 -0.3649
vn -0.8232 -0.4181 -0.3842
vn -0.2678 -0.5770 -0.7716
vn -0.5817 -0.3603 -0.7293
vn -0.7393 -0.1818 -0.6484
vn -0.7780 0.4470 -0.4415
vn -0.5312 0.6003 -0.5978
vn -0.9527 0.0713 -0.2953
vn -0.8621 0.2237 -0.4547
vn -0.6436 0.4254 -0.6363
vn -0.9286 -0.2580 -0.2667
vn -0.8969 -0.1236 -0.4246
vn -0.7614 0.1042 -0.6399
vn 0.2015 0.4941 -0.8457
vn 0.0054 0.0140 -0.9999
vn 0.0096 0.6879 -0.7257
vn -0.1108 0.5485 -0.8288
vn -0.3453 0.1497 -0.9265
vn -0.2583 0.6780 -0.6882
vn -0.3833 0.5355 -0.7525
vn -0.5541 0.2191 -0.8031
vn -0.4331 -0.8991 -0.0631
vn -0.4628 -0.4363 0.7717
vn -0.9608 0.2222 -0.1657
vn -0.4574 -0.8843 0.0940
vn -0.4812 -0.8193 0.3119
vn -0.6329 -0.7659 -0.1130
vn -0.6483 -0.7600 0.0458
vn -0.6538 -0.7119 0.2565
vn -0.8135 -0.5598 -0.1577
vn -0.8193 -0.5733 -0.0045
vn -0.7995 -0.5705 0.1880
vn -0.6590 -0.3334 0.6742
vn -0.8404 -0.1906 0.5074
vn -0.4823 -0.5604 0.6733
vn -0.6717 -0.4601 0.5806
vn -0.8381 -0.3264 0.4371
vn -0.4895 -0.7123 0.5030
vn -0.6614 -0.6152 0.4289
vn -0.8057 -0.4882 0.3354
vn -0.9836 -0.0066 -0.1801
vn -0.9360 -0.3014 -0.1820
vn -0.9928 0.1151 0.0334
vn -0.9954 -0.0950 0.0101
vn -0.9362 -0.3509 -0.0176
vn -0.9567 -0.0366 0.2887
vn -0.9474 -0.2036 0.2470
vn -0.9000 -0.3956 0.1828
vn -0.0775 -0.9069 0.4141
vn -0.0786 0.2739 0.9585
vn -0.9893 0.1401 0.0412
vn -0.0778 -0.7830 0.6171
vn -0.0729 -0.5544 0.8290
vn -0.3201 -0.8575 0.4028
vn -0.3168 -0.7242 0.6125
vn -0.2903 -0.5016 0.8149
vn -0.6353 -0.6919 0.3431
vn -0.6115 -0.5715 0.5473
vn -0.5419 -0.4027 0.7376
vn -0.3045 0.3014 0.9036
vn -0.5793 0.3116 0.7532
vn -0.0794 0.0429 0.9959
vn -0.3079 0.0716 0.9487
vn -0.5769 0.0995 0.8107
vn -0.0742 -0.2682 0.9605
vn -0.2885 -0.2321 0.9289
vn -0.5327 -0.1681 0.8294
vn -0.9874 -0.0916 0.1289
vn -0.8762 -0.4156 0.2441
vn -0.9414 0.2091 0.2646
vn -0.9329 -0.0183 0.3596
vn -0.8280 -0.3232 0.4581
vn -0.7996 0.2797 0.5314
vn -0.7885 0.0702 0.6110
vn -0.7211 -0.1970 0.6642
vn -0.0000 -0.9117 0.4109
vn -0.0000 0.2610 0.9653
vn -0.0000 -0.7900 0.6131
vn -0.0000 -0.5635 0.8261
vn -0.0000 -0.2820 0.9594
vn -0.0000 0.0280 0.9996
vn 0.2740 0.6605 -0.6990
vn -0.8502 0.4516 -0.2706
vn 0.2131 0.9761 0.0432
vn 0.0210 0.7046 -0.7093
vn -0.2385 0.7031 -0.6699
vn 0.2820 0.7369 -0.6144
vn 0.0348 0.7784 -0.6268
vn -0.2005 0.7780 -0.5954
vn 0.2861 0.8493 -0.4436
vn 0.0604 0.8824 -0.4666
vn -0.1352 0.8739 -0.4669
vn -0.7351 0.6387 -0.2273
vn -0.5296 0.8336 -0.1569
vn -0.7158 0.5594 -0.4180
vn -0.6076 0.7090 -0.3580
vn -0.4373 0.8607 -0.2607
vn -0.4902 0.6561 -0.5738
vn -0.4145 0.7553 -0.5077
vn -0.3055 0.8651 -0.3979
vn 0.2328 0.9701 -0.0692
vn 0.2703 0.9254 -0.2655
vn -0.0318 0.9993 -0.0198
vn -0.0094 0.9916 -0.1289
vn 0.0463 0.9503 -0.3077
vn -0.2884 0.9536 -0.0867
vn -0.2377 0.9535 -0.1855
vn -0.1476 0.9319 -0.3314
vn 0.6030 0.6512 -0.4608
vn -0.6111 0.6411 -0.4643
vn 0.3553 0.9059 0.2304
vn 0.3764 0.7479 -0.5468
vn 0.1282 0.7943 -0.5939
vn 0.5944 0.7107 -0.3764
vn 0.3726 0.8040 -0.4634
vn 0.1485 0.8479 -0.5090
vn 0.5589 0.8040 -0.2029
vn 0.3589 0.8856 -0.2946
vn 0.1804 0.9163 -0.3576
vn -0.4850 0.7955 -0.3633
vn -0.2844 0.9358 -0.2082
vn -0.4176 0.7309 -0.5397
vn -0.3134 0.8462 -0.4310
vn -0.1649 0.9495 -0.2669
vn -0.1407 0.7917 -0.5945
vn -0.0789 0.8625 -0.4998
vn 0.0016 0.9369 -0.3497
vn 0.4052 0.9035 0.1398
vn 0.4974 0.8669 -0.0345
vn 0.1509 0.9841 0.0937
vn 0.2012 0.9795 0.0065
vn 0.3043 0.9415 -0.1450
vn -0.0671 0.9963 -0.0532
vn 0.0066 0.9924 -0.1226
vn 0.1335 0.9639 -0.2302
vn -0.9608 0.2769 -0.0104
vn -0.0784 0.4236 0.9025
vn -0.0716 0.9638 -0.2568
vn -0.9156 0.3445 0.2073
vn -0.7812 0.4074 0.4730
vn -0.8852 0.4588 -0.0770
vn -0.8413 0.5235 0.1349
vn -0.7249 0.5711 0.3851
vn -0.7297 0.6654 -0.1571
vn -0.6980 0.7151 0.0383
vn -0.6268 0.7334 0.2629
vn -0.0761 0.6199 0.7810
vn -0.0692 0.8288 0.5553
vn -0.3007 0.4471 0.8425
vn -0.2919 0.6343 0.7159
vn -0.2641 0.8210 0.5061
vn -0.5688 0.4430 0.6930
vn -0.5399 0.6083 0.5817
vn -0.4768 0.7690 0.4258
vn -0.2761 0.9293 -0.2453
vn -0.5241 0.8243 -0.2142
vn -0.0713 0.9971 -0.0271
vn -0.2756 0.9610 -0.0222
vn -0.5113 0.8593 -0.0136
vn -0.0681 0.9589 0.2754
vn -0.2593 0.9310 0.2568
vn -0.4682 0.8560 0.2193
vn 0.2398 0.8289 -0.5055
vn -0.2407 0.8282 -0.5062
vn 0.3198 0.6813 0.6584
vn -0.3177 0.6801 0.6607
vn 0.1442 0.8719 -0.4680
vn 0.0511 0.8893 -0.4546
vn 0.1436 0.9373 -0.3177
vn 0.0864 0.9633 -0.2540
vn 0.0376 0.9724 -0.2303
vn 0.0221 0.9989 -0.0415
vn 0.0087 0.9999 0.0133
vn 0.0100 0.9993 0.0369
vn -0.1467 0.9365 -0.3184
vn -0.0233 0.9990 -0.0388
vn -0.1441 0.8710 -0.4696
vn -0.0857 0.9629 -0.2559
vn -0.0081 0.9998 0.0170
vn -0.0504 0.8889 -0.4553
vn -0.0353 0.9722 -0.2316
vn -0.0079 0.9992 0.0385
vn 0.2215 0.6780 0.7009
vn 0.0720 0.6969 0.7135
vn 0.2516 0.8229 0.5094
vn 0.1872 0.8002 0.5698
vn 0.0614 0.8062 0.5884
vn 0.1260 0.9552 0.2679
vn 0.1002 0.9319 0.3486
vn 0.0334 0.9234 0.3823
vn -0.2460 0.8234 0.5113
vn -0.1210 0.9567 0.2647
vn -0.2208 0.6741 0.7049
vn -0.1856 0.7993 0.5715
vn -0.0992 0.9348 0.3411
vn -0.0751 0.6945 0.7156
vn -0.0678 0.8055 0.5887
vn -0.0364 0.9250 0.3782
vn -0.4515 -0.3562 0.8181
vn 0.2061 0.9731 0.1027
vn -0.9140 0.3761 -0.1524
vn -0.4110 -0.1302 0.9023
vn -0.2748 0.3029 0.9126
vn -0.6550 -0.2474 0.7140
vn -0.6374 -0.0127 0.7704
vn -0.5248 0.3841 0.7596
vn -0.8382 -0.0989 0.5363
vn -0.8163 0.1182 0.5654
vn -0.7068 0.4266 0.5643
vn -0.0419 0.9983 0.0412
vn -0.3185 0.9475 -0.0285
vn 0.1211 0.9366 0.3288
vn -0.1543 0.9563 0.2485
vn -0.4306 0.8899 0.1503
vn -0.0641 0.7256 0.6851
vn -0.3398 0.7561 0.5593
vn -0.5578 0.7251 0.4039
vn -0.9651 0.2575 0.0482
vn -0.9480 0.0758 0.3091
vn -0.8008 0.5855 -0.1262
vn -0.8772 0.4749 0.0709
vn -0.8986 0.2868 0.3320
vn -0.5815 0.8091 -0.0847
vn -0.6777 0.7292 0.0944
vn -0.7584 0.5590 0.3352
vn -0.0000 0.4094 0.9124
vn -0.0000 0.9658 -0.2594
vn -0.0000 0.6115 0.7913
vn -0.0000 0.8259 0.5639
vn -0.0000 0.9593 0.2824
vn -0.0000 0.9997 -0.0259
vn 0.2868 0.7094 0.6438
vn -0.3641 0.7789 -0.5107
vn -0.9665 -0.1992 0.1620
vn 0.1852 0.8632 0.4698
vn 0.0514 0.9752 0.2151
vn 0.0425 0.7050 0.7079
vn -0.0732 0.8657 0.4951
vn -0.1833 0.9574 0.2233
vn -0.3696 0.5607 0.7410
vn -0.4508 0.7307 0.5127
vn -0.4818 0.8377 0.2570
vn -0.5792 0.6725 -0.4607
vn -0.8101 0.4778 -0.3397
vn -0.2598 0.9055 -0.3356
vn -0.4862 0.8219 -0.2968
vn -0.7415 0.6409 -0.1987
vn -0.1051 0.9923 -0.0653
vn -0.3264 0.9442 -0.0432
vn -0.5926 0.8054 0.0104
vn -0.9398 -0.0281 0.3407
vn -0.7524 0.2750 0.5986
vn -1.0000 0.0015 0.0086
vn -0.9669 0.1941 0.1654
vn -0.7876 0.4779 0.3889
vn -0.9537 0.2435 -0.1768
vn -0.9045 0.4242 -0.0437
vn -0.7571 0.6345 0.1557
vn 0.1033 0.9941 -0.0339
vn 0.0064 0.5584 -0.8296
vn -0.9446 0.3214 -0.0670
vn 0.0969 0.9789 -0.1799
vn 0.0892 0.9158 -0.3915
vn -0.1403 0.9895 -0.0342
vn -0.1401 0.9738 -0.1790
vn -0.1255 0.9168 -0.3790
vn -0.4125 0.9103 -0.0352
vn -0.3835 0.9071 -0.1734
vn -0.3286 0.8773 -0.3498
vn -0.2337 0.5789 -0.7812
vn -0.4878 0.5625 -0.6675
vn 0.0318 0.6720 -0.7398
vn -0.2007 0.6907 -0.6947
vn -0.4328 0.6738 -0.5990
vn 0.0676 0.8149 -0.5756
vn -0.1450 0.8260 -0.5447
vn -0.3449 0.7997 -0.4914
vn -0.8485 0.5261 -0.0569
vn -0.6566 0.7531 -0.0421
vn -0.8710 0.4161 -0.2612
vn -0.7689 0.5942 -0.2361
vn -0.5943 0.7811 -0.1915
vn -0.7076 0.5078 -0.4914
vn -0.6235 0.6415 -0.4469
vn -0.4997 0.7827 -0.3711
vn 0.1123 0.9919 0.0597
vn -0.9480 0.3093 0.0751
vn -0.0092 0.3946 0.9188
vn -0.1256 0.9903 0.0588
vn -0.4061 0.9121 0.0570
vn 0.1129 0.9634 0.2433
vn -0.1144 0.9636 0.2416
vn -0.3753 0.8980 0.2298
vn 0.1003 0.8745 0.4745
vn -0.1040 0.8804 0.4627
vn -0.3235 0.8452 0.4255
vn -0.8847 0.3660 0.2885
vn -0.7289 0.4143 0.5450
vn -0.8515 0.5196 0.0704
vn -0.7820 0.5596 0.2745
vn -0.6401 0.5764 0.5080
vn -0.6568 0.7516 0.0607
vn -0.6003 0.7628 0.2402
vn -0.5088 0.7403 0.4394
vn 0.0267 0.5546 0.8317
vn 0.0718 0.7382 0.6707
vn -0.2383 0.4261 0.8727
vn -0.1937 0.5847 0.7878
vn -0.1298 0.7569 0.6405
vn -0.5050 0.4351 0.7454
vn -0.4415 0.5854 0.6800
vn -0.3458 0.7399 0.5771
vn 0.3396 0.9021 0.2663
vn -0.7243 0.5690 -0.3896
vn -0.7757 -0.3573 0.5202
vn 0.1317 0.9826 0.1310
vn -0.1053 0.9942 -0.0224
vn 0.1801 0.8800 0.4394
vn -0.0523 0.9617 0.2692
vn -0.2845 0.9548 0.0856
vn -0.1765 0.6887 0.7033
vn -0.3939 0.7868 0.4752
vn -0.5399 0.8028 0.2531
vn -0.8648 0.4387 -0.2443
vn -0.9741 0.2237 -0.0323
vn -0.5884 0.7490 -0.3046
vn -0.7531 0.6346 -0.1735
vn -0.9069 0.4207 0.0252
vn -0.3546 0.9193 -0.1709
vn -0.5262 0.8482 -0.0600
vn -0.7319 0.6731 0.1060
vn -0.7452 -0.1599 0.6474
vn -0.5560 0.2621 0.7888
vn -0.9079 -0.1945 0.3713
vn -0.8887 0.0220 0.4580
vn -0.7252 0.4140 0.5502
vn -0.9840 0.0046 0.1779
vn -0.9494 0.2087 0.2348
vn -0.8038 0.5063 0.3123
vn 0.3518 -0.9073 -0.2304
vn -0.7276 -0.5564 0.4012
vn -0.7958 0.5034 -0.3365
vn 0.1435 -0.9847 -0.0988
vn -0.0861 -0.9954 0.0429
vn 0.1972 -0.9109 -0.3624
vn -0.0499 -0.9840 -0.1708
vn -0.2719 -0.9623 -0.0082
vn -0.2366 -0.7142 -0.6588
vn -0.4696 -0.8129 -0.3444
vn -0.5841 -0.8012 -0.1298
vn -0.8721 -0.3934 0.2911
vn -0.9842 -0.1260 0.1244
vn -0.5908 -0.7410 0.3191
vn -0.7650 -0.6005 0.2328
vn -0.9409 -0.3276 0.0853
vn -0.3409 -0.9216 0.1857
vn -0.5237 -0.8427 0.1247
vn -0.7771 -0.6293 0.0080
vn -0.8191 0.3443 -0.4588
vn -0.6964 -0.1464 -0.7025
vn -0.9260 0.3238 -0.1941
vn -0.9568 0.1355 -0.2574
vn -0.8653 -0.3237 -0.3826
vn -0.9920 0.1196 -0.0404
vn -0.9945 -0.0712 -0.0764
vn -0.8943 -0.4181 -0.1592
vn 0.2333 -0.9723 -0.0137
vn 0.2751 -0.5050 0.8181
vn -0.8516 -0.4416 0.2826
vn 0.2729 -0.9519 0.1396
vn 0.3072 -0.8830 0.3549
vn -0.0035 -0.9990 0.0444
vn 0.0482 -0.9798 0.1942
vn 0.1022 -0.9139 0.3929
vn -0.2698 -0.9566 0.1102
vn -0.2021 -0.9474 0.2481
vn -0.1108 -0.9039 0.4131
vn 0.0396 -0.5602 0.8274
vn -0.2390 -0.5859 0.7744
vn 0.2974 -0.6282 0.7190
vn 0.0701 -0.6805 0.7294
vn -0.1833 -0.7005 0.6897
vn 0.3151 -0.7762 0.5462
vn 0.1092 -0.8175 0.5655
vn -0.1044 -0.8216 0.5605
vn -0.7327 -0.6352 0.2444
vn -0.5207 -0.8349 0.1783
vn -0.7250 -0.5141 0.4583
vn -0.6078 -0.6821 0.4066
vn -0.4225 -0.8486 0.3185
vn -0.5022 -0.5709 0.6495
vn -0.4108 -0.7011 0.5829
vn -0.2878 -0.8307 0.4766
vn 0.2032 -0.9772 -0.0616
vn -0.9189 -0.3596 0.1623
vn -0.5109 0.5584 -0.6536
vn -0.0463 -0.9989 -0.0023
vn -0.3119 -0.9484 0.0580
vn 0.1018 -0.9629 -0.2498
vn -0.1999 -0.9681 -0.1509
vn -0.4569 -0.8869 -0.0676
vn -0.1460 -0.7285 -0.6693
vn -0.4725 -0.7464 -0.4685
vn -0.6546 -0.6923 -0.3036
vn -0.9804 -0.1970 -0.0066
vn -0.9729 0.0494 -0.2259
vn -0.8073 -0.5733 0.1399
vn -0.9056 -0.4237 -0.0176
vn -0.9572 -0.1609 -0.2404
vn -0.5774 -0.8096 0.1057
vn -0.7038 -0.7098 -0.0287
vn -0.8412 -0.4827 -0.2435
vn -0.5171 0.3785 -0.7677
vn -0.4187 -0.1374 -0.8977
vn -0.7154 0.4294 -0.5512
vn -0.7536 0.2319 -0.6150
vn -0.7075 -0.2359 -0.6661
vn -0.8741 0.2632 -0.4081
vn -0.8976 0.0663 -0.4357
vn -0.8396 -0.2914 -0.4584
vn 0.0775 -0.9641 0.2540
vn 0.0786 -0.3951 -0.9153
vn 0.9893 0.0823 -0.1206
vn 0.0778 -0.9968 0.0183
vn 0.0729 -0.9541 -0.2904
vn 0.3201 -0.9187 0.2314
vn 0.3168 -0.9484 -0.0154
vn 0.2903 -0.9043 -0.3129
vn 0.6353 -0.7527 0.1726
vn 0.6115 -0.7889 -0.0616
vn 0.5419 -0.7788 -0.3158
vn 0.3045 -0.3391 -0.8901
vn 0.5793 -0.2359 -0.7802
vn 0.0794 -0.5976 -0.7979
vn 0.3079 -0.5455 -0.7795
vn 0.5769 -0.4365 -0.6904
vn 0.0742 -0.8159 -0.5734
vn 0.2885 -0.7680 -0.5718
vn 0.5327 -0.6554 -0.5354
vn 0.9874 -0.1525 -0.0418
vn 0.8762 -0.4762 0.0743
vn 0.9414 -0.0058 -0.3372
vn 0.9329 -0.2419 -0.2666
vn 0.8280 -0.5403 -0.1499
vn 0.7996 -0.1202 -0.5884
vn 0.7885 -0.3327 -0.5173
vn 0.7211 -0.5731 -0.3892
vn -0.3080 0.9508 -0.0339
vn -0.2202 0.5132 -0.8296
vn -0.9938 -0.0886 -0.0670
vn -0.3077 0.9343 -0.1799
vn -0.2892 0.8735 -0.3915
vn -0.5289 0.8480 -0.0342
vn -0.5223 0.8337 -0.1790
vn -0.4860 0.7875 -0.3790
vn -0.7457 0.6653 -0.0352
vn -0.7179 0.6742 -0.1734
vn -0.6557 0.6691 -0.3498
vn -0.4481 0.4347 -0.7812
vn -0.6738 0.3169 -0.6675
vn -0.2430 0.6274 -0.7398
vn -0.4632 0.5503 -0.6947
vn -0.6685 0.4409 -0.5990
vn -0.2681 0.7725 -0.5756
vn -0.4670 0.6965 -0.5447
vn -0.6392 0.5916 -0.4914
vn -0.9889 0.1375 -0.0569
vn -0.9052 0.4228 -0.0421
vn -0.9649 0.0279 -0.2612
vn -0.9436 0.2320 -0.2361
vn -0.8596 0.4736 -0.1915
vn -0.8526 0.1779 -0.4914
vn -0.8298 0.3341 -0.4469
vn -0.7738 0.5134 -0.3711
vn -0.5122 0.7709 0.3787
vn -0.6848 -0.5022 0.5280
vn 0.6105 -0.4829 0.6278
vn -0.6611 0.5801 0.4758
vn -0.7695 0.3291 0.5473
vn -0.3827 0.7261 0.5713
vn -0.5552 0.4998 0.6648
vn -0.6692 0.2298 0.7066
vn -0.0654 0.5048 0.8607
vn -0.2880 0.2684 0.9193
vn -0.4445 0.0544 0.8941
vn -0.4913 -0.5921 0.6387
vn -0.1900 -0.6613 0.7257
vn -0.7664 -0.2809 0.5776
vn -0.5941 -0.3896 0.7038
vn -0.3022 -0.4985 0.8125
vn -0.8090 0.0347 0.5868
vn -0.6827 -0.0708 0.7272
vn -0.4415 -0.2190 0.8701
vn 0.5433 -0.3134 0.7789
vn 0.3146 0.0786 0.9460
vn 0.3901 -0.5881 0.7085
vn 0.2821 -0.4391 0.8530
vn 0.0442 -0.1037 0.9936
vn 0.1131 -0.6574 0.7450
vn -0.0049 -0.5167 0.8561
vn -0.1806 -0.2420 0.9533
vn -0.3623 0.5533 0.7500
vn -0.3053 -0.7077 0.6371
vn 0.8907 -0.3553 0.2836
vn -0.4249 0.3368 0.8402
vn -0.4576 0.0512 0.8877
vn -0.1397 0.5246 0.8398
vn -0.2219 0.2837 0.9329
vn -0.2733 -0.0065 0.9619
vn 0.2659 0.3605 0.8941
vn 0.1413 0.1129 0.9835
vn 0.0241 -0.1235 0.9921
vn -0.0755 -0.7442 0.6636
vn 0.2395 -0.7412 0.6271
vn -0.3683 -0.5306 0.7634
vn -0.1475 -0.5750 0.8048
vn 0.1669 -0.6059 0.7779
vn -0.4379 -0.2487 0.8640
vn -0.2456 -0.2966 0.9229
vn 0.0427 -0.3767 0.9254
vn 0.8525 -0.2095 0.4789
vn 0.6536 0.0735 0.7532
vn 0.7484 -0.5168 0.4157
vn 0.6850 -0.3927 0.6136
vn 0.4860 -0.1440 0.8620
vn 0.5219 -0.6612 0.5389
vn 0.4470 -0.5456 0.7089
vn 0.3002 -0.3299 0.8950
vn -0.2989 0.9524 0.0597
vn -0.9920 -0.1010 0.0751
vn -0.1682 0.3571 0.9188
vn -0.5158 0.8547 0.0588
vn -0.7406 0.6696 0.0570
vn -0.2868 0.9266 0.2433
vn -0.4948 0.8348 0.2416
vn -0.7067 0.6691 0.2298
vn -0.2624 0.8402 0.4745
vn -0.4515 0.7629 0.4627
vn -0.6380 0.6418 0.4255
vn -0.9572 -0.0235 0.2885
vn -0.8342 0.0837 0.5450
vn -0.9890 0.1304 0.0704
vn -0.9416 0.1951 0.2745
vn -0.8186 0.2679 0.5080
vn -0.9049 0.4213 0.0607
vn -0.8578 0.4544 0.2402
vn -0.7650 0.4709 0.4394
vn -0.2001 0.5179 0.8317
vn -0.2333 0.7041 0.6707
vn -0.3904 0.2931 0.8727
vn -0.4138 0.4562 0.7878
vn -0.4251 0.6395 0.6405
vn -0.6380 0.1934 0.7454
vn -0.6407 0.3565 0.6800
vn -0.6158 0.5365 0.5771
vn -0.5096 0.5742 -0.6408
vn -0.9611 -0.2118 0.1773
vn -0.4368 0.8941 0.0985
vn -0.7112 0.4519 -0.5386
vn -0.8686 0.2976 -0.3961
vn -0.5160 0.6512 -0.5565
vn -0.7129 0.5301 -0.4591
vn -0.8581 0.3902 -0.3336
vn -0.5114 0.7668 -0.3879
vn -0.6932 0.6507 -0.3101
vn -0.8198 0.5242 -0.2307
vn -0.9804 0.0104 0.1969
vn -0.9323 0.2982 0.2047
vn -0.9977 -0.0682 0.0058
vn -0.9917 0.1232 0.0376
vn -0.9297 0.3600 0.0774
vn -0.9695 0.1215 -0.2128
vn -0.9520 0.2548 -0.1698
vn -0.9005 0.4234 -0.0996
vn -0.4664 0.8845 -0.0114
vn -0.4950 0.8431 -0.2099
vn -0.6420 0.7525 0.1469
vn -0.6673 0.7438 0.0385
vn -0.6785 0.7188 -0.1514
vn -0.8144 0.5497 0.1860
vn -0.8211 0.5657 0.0764
vn -0.8076 0.5821 -0.0952
vn 0.3815 -0.9001 -0.2105
vn 0.6216 -0.5298 0.5769
vn -0.6093 -0.6343 0.4758
vn 0.4589 -0.8840 -0.0897
vn 0.5498 -0.8290 0.1022
vn 0.1832 -0.9797 -0.0812
vn 0.2701 -0.9623 0.0322
vn 0.3738 -0.9053 0.2018
vn -0.0426 -0.9968 0.0670
vn 0.0576 -0.9847 0.1644
vn 0.1880 -0.9388 0.2886
vn 0.4119 -0.6329 0.6556
vn 0.1466 -0.7050 0.6939
vn 0.6248 -0.6247 0.4683
vn 0.4221 -0.7235 0.5462
vn 0.1838 -0.7876 0.5881
vn 0.6042 -0.7439 0.2857
vn 0.4227 -0.8287 0.3669
vn 0.2300 -0.8733 0.4294
vn -0.4771 -0.7938 0.3771
vn -0.2688 -0.9370 0.2232
vn -0.4181 -0.6980 0.5813
vn -0.3001 -0.8279 0.4738
vn -0.1336 -0.9409 0.3113
vn -0.1373 -0.7288 0.6708
vn -0.0575 -0.8228 0.5654
vn 0.0388 -0.9105 0.4118
vn -0.7949 0.5054 -0.3358
vn -0.7884 -0.4227 0.4470
vn -0.5384 0.7667 0.3497
vn -0.9241 0.3315 -0.1902
vn -0.9897 0.1394 -0.0328
vn -0.7851 0.5656 -0.2522
vn -0.9124 0.3936 -0.1119
vn -0.9752 0.2194 0.0294
vn -0.7432 0.6639 -0.0829
vn -0.8646 0.5012 0.0347
vn -0.9287 0.3474 0.1297
vn -0.8400 -0.2118 0.4995
vn -0.8459 0.0766 0.5278
vn -0.9059 -0.2752 0.3221
vn -0.9227 -0.0935 0.3740
vn -0.8946 0.1441 0.4230
vn -0.9879 -0.0663 0.1404
vn -0.9801 0.0574 0.1898
vn -0.9390 0.2243 0.2607
vn -0.5956 0.7587 0.2638
vn -0.6813 0.7270 0.0853
vn -0.6866 0.5768 0.4425
vn -0.7399 0.5700 0.3573
vn -0.8096 0.5574 0.1841
vn -0.7912 0.3438 0.5057
vn -0.8335 0.3639 0.4158
vn -0.8820 0.3949 0.2571
vn 0.4179 -0.7081 -0.5692
vn 0.8887 -0.4099 0.2053
vn -0.2619 -0.8058 0.5311
vn 0.5309 -0.7181 -0.4500
vn 0.6848 -0.6688 -0.2896
vn 0.3135 -0.8607 -0.4011
vn 0.4219 -0.8638 -0.2753
vn 0.5801 -0.8021 -0.1418
vn 0.1590 -0.9733 -0.1653
vn 0.2784 -0.9576 -0.0739
vn 0.4462 -0.8949 0.0049
vn 0.7520 -0.5669 0.3364
vn 0.5332 -0.7101 0.4597
vn 0.8653 -0.4955 0.0756
vn 0.7327 -0.6485 0.2064
vn 0.5372 -0.7781 0.3256
vn 0.7949 -0.5956 -0.1161
vn 0.6803 -0.7329 0.0133
vn 0.5325 -0.8351 0.1379
vn -0.1670 -0.9185 0.3585
vn -0.0103 -0.9949 0.1002
vn -0.0405 -0.8279 0.5595
vn 0.0362 -0.9200 0.3901
vn 0.1478 -0.9777 0.1494
vn 0.2615 -0.8013 0.5381
vn 0.3035 -0.8699 0.3888
vn 0.3488 -0.9184 0.1868
vn 0.9608 0.2209 -0.1673
vn 0.0784 -0.2438 -0.9667
vn 0.0716 0.9085 -0.4117
vn 0.9156 0.1353 -0.3786
vn 0.7812 0.0157 -0.6241
vn 0.8852 0.4038 -0.2310
vn 0.8413 0.3197 -0.4360
vn 0.7249 0.1981 -0.6598
vn 0.7297 0.6145 -0.2998
vn 0.6980 0.5291 -0.4825
vn 0.6268 0.4010 -0.6680
vn 0.0761 -0.0149 -0.9970
vn 0.0692 0.2896 -0.9546
vn 0.3007 -0.1876 -0.9351
vn 0.2919 0.0375 -0.9557
vn 0.2641 0.3148 -0.9117
vn 0.5688 -0.0961 -0.8168
vn 0.5399 0.1023 -0.8355
vn 0.4768 0.3255 -0.8165
vn 0.2761 0.8745 -0.3987
vn 0.5241 0.7736 -0.3563
vn 0.0713 0.7888 -0.6105
vn 0.2756 0.7578 -0.5915
vn 0.5113 0.6736 -0.5337
vn 0.0681 0.5676 -0.8205
vn 0.2593 0.5579 -0.7884
vn 0.4682 0.5235 -0.7118
vn 0.1081 -0.9918 0.0677
vn -0.1476 0.2382 0.9599
vn -0.9627 -0.2596 0.0758
vn 0.0918 -0.9453 0.3131
vn 0.0439 -0.7480 0.6623
vn -0.1397 -0.9878 0.0681
vn -0.1734 -0.9355 0.3078
vn -0.2192 -0.7479 0.6266
vn -0.4280 -0.9015 0.0643
vn -0.4624 -0.8418 0.2783
vn -0.4704 -0.6952 0.5435
vn -0.3780 0.1714 0.9098
vn -0.6321 0.0724 0.7715
vn -0.1070 -0.0068 0.9942
vn -0.3563 -0.0750 0.9314
vn -0.6082 -0.1512 0.7793
vn -0.0310 -0.3956 0.9179
vn -0.2861 -0.4340 0.8543
vn -0.5246 -0.4391 0.7294
vn -0.8745 -0.4792 0.0755
vn -0.6826 -0.7277 0.0676
vn -0.9393 -0.1754 0.2950
vn -0.8669 -0.4001 0.2973
vn -0.6973 -0.6610 0.2773
vn -0.8269 -0.0486 0.5602
vn -0.7811 -0.2637 0.5659
vn -0.6672 -0.5247 0.5288
vn 0.0964 -0.9945 -0.0402
vn -0.9675 -0.2431 -0.0693
vn -0.2130 0.4496 -0.8675
vn -0.1568 -0.9868 -0.0406
vn -0.4370 -0.8985 -0.0411
vn 0.0593 -0.9599 -0.2739
vn -0.2368 -0.9364 -0.2588
vn -0.5117 -0.8274 -0.2313
vn -0.0162 -0.7284 -0.6850
vn -0.3337 -0.7138 -0.6158
vn -0.5692 -0.6444 -0.5106
vn -0.9564 -0.1135 -0.2693
vn -0.8576 0.0753 -0.5088
vn -0.8825 -0.4656 -0.0667
vn -0.9003 -0.3429 -0.2682
vn -0.8425 -0.1402 -0.5202
vn -0.6897 -0.7223 -0.0521
vn -0.7389 -0.6296 -0.2402
vn -0.7508 -0.4407 -0.4920
vn -0.1916 0.2286 -0.9545
vn -0.1183 -0.2439 -0.9626
vn -0.4497 0.3658 -0.8148
vn -0.4634 0.1384 -0.8753
vn -0.4226 -0.2901 -0.8587
vn -0.6800 0.2403 -0.6928
vn -0.6928 0.0267 -0.7207
vn -0.6405 -0.3068 -0.7040
vn 0.2529 -0.4289 0.8672
vn -0.4151 0.8966 0.1544
vn -0.9088 -0.2915 0.2984
vn 0.1765 -0.2161 0.9603
vn 0.0070 0.2049 0.9788
vn 0.0061 -0.4851 0.8745
vn -0.1025 -0.2837 0.9534
vn -0.2744 0.0914 0.9573
vn -0.2818 -0.5091 0.8132
vn -0.3880 -0.3229 0.8632
vn -0.5037 -0.0168 0.8637
vn -0.6229 0.7548 0.2056
vn -0.8068 0.5354 0.2498
vn -0.3564 0.8504 0.3870
vn -0.5871 0.6848 0.4318
vn -0.7731 0.4491 0.4480
vn -0.2043 0.6273 0.7515
vn -0.4606 0.4630 0.7573
vn -0.6527 0.2817 0.7033
vn -0.7875 -0.3844 0.4817
vn -0.5568 -0.4754 0.6812
vn -0.9501 -0.0558 0.3068
vn -0.8522 -0.1585 0.4986
vn -0.6434 -0.2779 0.7133
vn -0.9224 0.2584 0.2872
vn -0.8641 0.1646 0.4757
vn -0.7144 0.0196 0.6995
vn 0.4767 -0.5563 -0.6806
vn 0.4366 0.6615 -0.6098
vn 0.9615 -0.2617 0.0835
vn 0.5250 -0.3528 -0.7745
vn 0.5538 -0.0802 -0.8288
vn 0.5924 -0.5666 -0.5727
vn 0.6397 -0.3778 -0.6693
vn 0.6682 -0.1327 -0.7321
vn 0.7450 -0.5282 -0.4074
vn 0.7839 -0.3588 -0.5066
vn 0.7939 -0.1618 -0.5861
vn 0.6340 0.5516 -0.5420
vn 0.8361 0.3724 -0.4029
vn 0.5052 0.4739 -0.7213
vn 0.6783 0.3626 -0.6391
vn 0.8439 0.2195 -0.4896
vn 0.5472 0.2045 -0.8117
vn 0.6809 0.1146 -0.7233
vn 0.8128 0.0369 -0.5814
vn 0.9360 -0.3487 -0.0481
vn 0.8584 -0.4566 -0.2339
vn 0.9952 -0.0734 -0.0649
vn 0.9669 -0.1699 -0.1902
vn 0.8894 -0.2918 -0.3519
vn 0.9585 0.1560 -0.2386
vn 0.9398 0.0401 -0.3395
vn 0.8844 -0.1042 -0.4549
vn 0.5395 -0.7646 -0.3526
vn -0.6020 0.6508 -0.4627
vn 0.6829 0.5159 -0.5173
vn 0.4560 -0.7143 -0.5309
vn 0.1132 -0.4479 -0.8869
vn 0.6837 -0.5737 -0.4510
vn 0.6356 -0.4628 -0.6180
vn 0.3925 -0.1582 -0.9060
vn 0.7837 -0.3341 -0.5237
vn 0.7251 -0.2034 -0.6579
vn 0.5237 0.0404 -0.8510
vn -0.3734 0.7443 -0.5538
vn -0.1179 0.7841 -0.6094
vn -0.5603 0.5409 -0.6273
vn -0.2709 0.6572 -0.7034
vn 0.0026 0.6878 -0.7259
vn -0.3465 0.1200 -0.9304
vn -0.0029 0.3314 -0.9435
vn 0.2134 0.4235 -0.8804
vn 0.7699 0.2933 -0.5668
vn 0.8206 -0.0395 -0.5701
vn 0.4873 0.6400 -0.5941
vn 0.6081 0.4406 -0.6603
vn 0.7207 0.1032 -0.6855
vn 0.1764 0.7553 -0.6311
vn 0.3034 0.6182 -0.7251
vn 0.4820 0.3286 -0.8122
vn 0.5470 -0.7743 -0.3182
vn 0.7907 0.4300 -0.4358
vn 0.7783 -0.4107 0.4749
vn 0.6913 -0.5935 -0.4123
vn 0.8006 -0.3556 -0.4823
vn 0.6136 -0.7663 -0.1903
vn 0.7521 -0.5954 -0.2826
vn 0.8547 -0.3788 -0.3550
vn 0.6967 -0.7173 0.0063
vn 0.8194 -0.5664 -0.0881
vn 0.9009 -0.3969 -0.1756
vn 0.9078 0.3104 -0.2821
vn 0.9898 0.1281 -0.0629
vn 0.8480 0.2131 -0.4853
vn 0.9369 0.1127 -0.3308
vn 0.9927 -0.0240 -0.1184
vn 0.8567 -0.0814 -0.5094
vn 0.9170 -0.1426 -0.3724
vn 0.9594 -0.2106 -0.1877
vn 0.7796 -0.5070 0.3677
vn 0.7512 -0.6322 0.1898
vn 0.9076 -0.2562 0.3326
vn 0.9048 -0.3573 0.2316
vn 0.8684 -0.4899 0.0770
vn 0.9869 -0.0665 0.1467
vn 0.9809 -0.1818 0.0687
vn 0.9429 -0.3313 -0.0348
vn 0.3145 -0.9484 -0.0402
vn 0.0128 0.4973 -0.8675
vn 0.9831 0.1694 -0.0693
vn 0.3340 -0.9019 -0.2738
vn 0.3093 -0.6593 -0.6853
vn 0.5432 -0.8386 -0.0410
vn 0.5950 -0.7606 -0.2597
vn 0.5935 -0.5182 -0.6158
vn 0.7633 -0.6447 -0.0413
vn 0.8032 -0.5488 -0.2317
vn 0.7814 -0.3590 -0.5105
vn 0.2628 0.5169 -0.8147
vn 0.5245 0.4952 -0.6926
vn 0.0831 0.2866 -0.9544
vn 0.3682 0.3151 -0.8747
vn 0.6221 0.3055 -0.7209
vn 0.2072 -0.1748 -0.9626
vn 0.5045 -0.0943 -0.8582
vn 0.7100 -0.0214 -0.7039
vn 0.9954 -0.0684 -0.0666
vn 0.9228 -0.3817 -0.0516
vn 0.9204 0.2833 -0.2694
vn 0.9624 0.0493 -0.2673
vn 0.9306 -0.2765 -0.2399
vn 0.7541 0.4155 -0.5086
vn 0.8270 0.2127 -0.5204
vn 0.8649 -0.0988 -0.4922
vn 0.3028 -0.9507 0.0677
vn 0.9854 0.1524 0.0758
vn 0.0386 0.2776 0.9599
vn 0.5275 -0.8468 0.0678
vn 0.7565 -0.6509 0.0640
vn 0.2991 -0.9013 0.3133
vn 0.5381 -0.7850 0.3069
vn 0.7635 -0.5830 0.2779
vn 0.2630 -0.7018 0.6620
vn 0.5036 -0.5946 0.6267
vn 0.7116 -0.4451 0.5436
vn 0.9299 0.2201 0.2948
vn 0.7755 0.2908 0.5604
vn 0.9936 -0.0842 0.0757
vn 0.9544 -0.0135 0.2982
vn 0.8211 0.0754 0.5657
vn 0.9189 -0.3887 0.0680
vn 0.9050 -0.3222 0.2776
vn 0.8225 -0.2098 0.5287
vn 0.1002 0.0372 0.9943
vn 0.1882 -0.3495 0.9178
vn 0.2766 0.3094 0.9098
vn 0.3555 0.0746 0.9317
vn 0.4367 -0.2809 0.8546
vn 0.5486 0.3218 0.7717
vn 0.6178 0.1074 0.7790
vn 0.6574 -0.1890 0.7295
vn 0.4365 -0.8917 -0.1193
vn -0.2687 0.6470 -0.7135
vn 0.9061 0.3089 -0.2890
vn 0.4179 -0.8473 -0.3279
vn 0.2675 -0.5769 -0.7718
vn 0.6425 -0.7465 -0.1730
vn 0.6648 -0.6515 -0.3655
vn 0.5811 -0.3611 -0.7293
vn 0.8150 -0.5357 -0.2209
vn 0.8233 -0.4174 -0.3847
vn 0.7394 -0.1821 -0.6482
vn -0.0100 0.6881 -0.7255
vn 0.2584 0.6781 -0.6881
vn -0.2010 0.4942 -0.8458
vn 0.1112 0.5491 -0.8283
vn 0.3826 0.5360 -0.7525
vn -0.0052 0.0143 -0.9999
vn 0.3462 0.1497 -0.9261
vn 0.5543 0.2188 -0.8030
vn 0.9528 0.0713 -0.2952
vn 0.9285 -0.2587 -0.2662
vn 0.7780 0.4469 -0.4416
vn 0.8629 0.2219 -0.4540
vn 0.8970 -0.1235 -0.4244
vn 0.5319 0.5997 -0.5979
vn 0.6435 0.4252 -0.6364
vn 0.7612 0.1046 -0.6400
vn 0.4331 -0.8991 -0.0631
vn 0.9608 0.2222 -0.1656
vn 0.4628 -0.4363 0.7717
vn 0.6328 -0.7660 -0.1132
vn 0.8135 -0.5596 -0.1580
vn 0.4576 -0.8842 0.0941
vn 0.6488 -0.7596 0.0448
vn 0.8192 -0.5735 -0.0048
vn 0.4814 -0.8192 0.3116
vn 0.6541 -0.7116 0.2566
vn 0.7994 -0.5706 0.1880
vn 0.9928 0.1154 0.0333
vn 0.9567 -0.0364 0.2889
vn 0.9837 -0.0068 -0.1798
vn 0.9955 -0.0945 0.0109
vn 0.9475 -0.2031 0.2469
vn 0.9361 -0.3013 -0.1818
vn 0.9361 -0.3513 -0.0171
vn 0.9000 -0.3956 0.1828
vn 0.4821 -0.5604 0.6735
vn 0.4893 -0.7125 0.5029
vn 0.6591 -0.3335 0.6741
vn 0.6711 -0.4611 0.5805
vn 0.6612 -0.6153 0.4293
vn 0.8403 -0.1910 0.5074
vn 0.8381 -0.3266 0.4368
vn 0.8057 -0.4882 0.3353
vn 0.0775 -0.9069 0.4141
vn 0.9893 0.1401 0.0413
vn 0.0786 0.2739 0.9585
vn 0.3200 -0.8577 0.4025
vn 0.6355 -0.6918 0.3428
vn 0.0781 -0.7829 0.6173
vn 0.3177 -0.7245 0.6117
vn 0.6113 -0.5719 0.5470
vn 0.0732 -0.5546 0.8289
vn 0.2907 -0.5012 0.8150
vn 0.5419 -0.4028 0.7377
vn 0.9415 0.2093 0.2643
vn 0.7994 0.2800 0.5315
vn 0.9874 -0.0916 0.1293
vn 0.9328 -0.0171 0.3601
vn 0.7888 0.0706 0.6106
vn 0.8763 -0.4152 0.2444
vn 0.8277 -0.3232 0.4587
vn 0.7211 -0.1971 0.6642
vn 0.0791 0.0430 0.9959
vn 0.0738 -0.2685 0.9604
vn 0.3047 0.3011 0.9036
vn 0.3069 0.0705 0.9491
vn 0.2881 -0.2319 0.9291
vn 0.5791 0.3112 0.7535
vn 0.5771 0.0991 0.8106
vn 0.5328 -0.1680 0.8294
vn -0.2740 0.6605 -0.6990
vn -0.2131 0.9761 0.0432
vn 0.8502 0.4516 -0.2706
vn -0.2822 0.7367 -0.6145
vn -0.2864 0.8493 -0.4434
vn -0.0209 0.7048 -0.7091
vn -0.0357 0.7788 -0.6263
vn -0.0607 0.8823 -0.4667
vn 0.2382 0.7033 -0.6697
vn 0.2006 0.7782 -0.5952
vn 0.1353 0.8739 -0.4669
vn 0.0318 0.9993 -0.0195
vn 0.2887 0.9535 -0.0865
vn -0.2326 0.9701 -0.0694
vn 0.0103 0.9917 -0.1284
vn 0.2377 0.9535 -0.1852
vn -0.2700 0.9256 -0.2654
vn -0.0460 0.9503 -0.3080
vn 0.1475 0.9319 -0.3314
vn 0.7160 0.5591 -0.4180
vn 0.4901 0.6560 -0.5740
vn 0.7349 0.6389 -0.2275
vn 0.6076 0.7087 -0.3587
vn 0.4149 0.7550 -0.5078
vn 0.5297 0.8335 -0.1571
vn 0.4369 0.8609 -0.2609
vn 0.3055 0.8651 -0.3978
vn -0.6030 0.6512 -0.4608
vn -0.3553 0.9059 0.2304
vn 0.6111 0.6411 -0.4643
vn -0.5946 0.7105 -0.3764
vn -0.5590 0.8040 -0.2026
vn -0.3763 0.7480 -0.5467
vn -0.3733 0.8041 -0.4626
vn -0.3593 0.8855 -0.2947
vn -0.1284 0.7944 -0.5936
vn -0.1483 0.8480 -0.5087
vn -0.1803 0.9163 -0.3577
vn -0.1508 0.9841 0.0939
vn 0.0674 0.9963 -0.0532
vn -0.4051 0.9036 0.1396
vn -0.2002 0.9797 0.0067
vn -0.0066 0.9925 -0.1223
vn -0.4971 0.8670 -0.0345
vn -0.3042 0.9415 -0.1453
vn -0.1336 0.9639 -0.2302
vn 0.4179 0.7307 -0.5399
vn 0.1406 0.7916 -0.5947
vn 0.4846 0.7957 -0.3634
vn 0.3132 0.8459 -0.4316
vn 0.0793 0.8623 -0.5001
vn 0.2843 0.9358 -0.2084
vn 0.1644 0.9496 -0.2670
vn -0.0016 0.9369 -0.3497
vn 0.9608 0.2769 -0.0104
vn 0.0716 0.9638 -0.2568
vn 0.0784 0.4236 0.9025
vn 0.8853 0.4586 -0.0772
vn 0.7296 0.6655 -0.1575
vn 0.9155 0.3448 0.2073
vn 0.8411 0.5240 0.1338
vn 0.6983 0.7148 0.0380
vn 0.7813 0.4077 0.4726
vn 0.7246 0.5715 0.3851
vn 0.6268 0.7334 0.2630
vn 0.0711 0.9971 -0.0272
vn 0.0678 0.9589 0.2757
vn 0.2762 0.9293 -0.2450
vn 0.2747 0.9613 -0.0214
vn 0.2589 0.9312 0.2566
vn 0.5239 0.8245 -0.2139
vn 0.5115 0.8592 -0.0131
vn 0.4683 0.8560 0.2192
vn 0.3005 0.4468 0.8427
vn 0.5690 0.4427 0.6930
vn 0.0764 0.6201 0.7808
vn 0.2928 0.6336 0.7161
vn 0.5398 0.6080 0.5821
vn 0.0695 0.8286 0.5554
vn 0.2646 0.8211 0.5057
vn 0.4768 0.7691 0.4257
vn 0.4515 -0.3562 0.8181
vn 0.9140 0.3761 -0.1524
vn -0.2061 0.9731 0.1027
vn 0.6549 -0.2478 0.7139
vn 0.8384 -0.0991 0.5360
vn 0.4113 -0.1299 0.9022
vn 0.6383 -0.0132 0.7697
vn 0.8163 0.1174 0.5656
vn 0.2752 0.3027 0.9125
vn 0.5252 0.3846 0.7591
vn 0.7067 0.4268 0.5643
vn 0.8008 0.5854 -0.1264
vn 0.5810 0.8095 -0.0851
vn 0.9650 0.2576 0.0484
vn 0.8765 0.4763 0.0701
vn 0.6778 0.7292 0.0941
vn 0.9480 0.0764 0.3089
vn 0.8985 0.2870 0.3322
vn 0.7585 0.5588 0.3354
vn -0.1215 0.9365 0.3288
vn 0.0639 0.7253 0.6854
vn 0.0423 0.9982 0.0415
vn 0.1538 0.9561 0.2496
vn 0.3390 0.7563 0.5595
vn 0.3184 0.9475 -0.0283
vn 0.4312 0.8896 0.1506
vn 0.5577 0.7252 0.4038
vn -0.2868 0.7095 0.6438
vn 0.9665 -0.1992 0.1620
vn 0.3641 0.7789 -0.5107
vn -0.0428 0.7048 0.7081
vn 0.3698 0.5602 0.7412
vn -0.1848 0.8633 0.4697
vn 0.0738 0.8651 0.4961
vn 0.4504 0.7305 0.5133
vn -0.0513 0.9752 0.2154
vn 0.1839 0.9573 0.2230
vn 0.4817 0.8378 0.2570
vn 1.0000 0.0011 0.0085
vn 0.9536 0.2434 -0.1771
vn 0.9398 -0.0277 0.3406
vn 0.9671 0.1941 0.1641
vn 0.9048 0.4235 -0.0438
vn 0.7527 0.2750 0.5982
vn 0.7874 0.4785 0.3886
vn 0.7570 0.6346 0.1558
vn 0.2597 0.9054 -0.3357
vn 0.1045 0.9924 -0.0651
vn 0.5793 0.6726 -0.4605
vn 0.4848 0.8229 -0.2963
vn 0.3262 0.9443 -0.0435
vn 0.8098 0.4784 -0.3395
vn 0.7415 0.6409 -0.1983
vn 0.5928 0.8053 0.0103
vn -0.1033 0.9941 -0.0339
vn 0.9446 0.3214 -0.0670
vn -0.0064 0.5584 -0.8296
vn 0.1402 0.9895 -0.0340
vn 0.4127 0.9102 -0.0349
vn -0.0967 0.9789 -0.1801
vn 0.1409 0.9739 -0.1782
vn 0.3834 0.9072 -0.1731
vn -0.0890 0.9159 -0.3913
vn 0.1258 0.9167 -0.3792
vn 0.3285 0.8773 -0.3499
vn 0.8712 0.4158 -0.2611
vn 0.7075 0.5076 -0.4916
vn 0.8484 0.5263 -0.0572
vn 0.7690 0.5938 -0.2369
vn 0.6239 0.6411 -0.4469
vn 0.6566 0.7530 -0.0424
vn 0.5939 0.7813 -0.1919
vn 0.4997 0.7827 -0.3711
vn -0.0320 0.6719 -0.7400
vn -0.0679 0.8150 -0.5755
vn 0.2338 0.5791 -0.7810
vn 0.1998 0.6913 -0.6944
vn 0.1448 0.8259 -0.5450
vn 0.4875 0.5628 -0.6675
vn 0.4328 0.6740 -0.5987
vn 0.3450 0.7997 -0.4914
vn -0.1123 0.9919 0.0597
vn 0.0092 0.3946 0.9188
vn 0.9480 0.3093 0.0751
vn -0.1132 0.9634 0.2432
vn -0.1006 0.8744 0.4747
vn 0.1257 0.9903 0.0591
vn 0.1136 0.9635 0.2424
vn 0.1036 0.8805 0.4625
vn 0.4058 0.9121 0.0573
vn 0.3755 0.8978 0.2302
vn 0.3236 0.8451 0.4255
vn 0.2382 0.4259 0.8729
vn 0.5053 0.4348 0.7454
vn -0.0265 0.5547 0.8316
vn 0.1947 0.5841 0.7880
vn 0.4415 0.5851 0.6803
vn -0.0714 0.7382 0.6708
vn 0.1301 0.7571 0.6403
vn 0.3457 0.7399 0.5771
vn 0.8516 0.5194 0.0701
vn 0.6567 0.7517 0.0605
vn 0.8846 0.3664 0.2886
vn 0.7818 0.5602 0.2736
vn 0.6007 0.7627 0.2398
vn 0.7289 0.4145 0.5448
vn 0.6397 0.5768 0.5081
vn 0.5089 0.7402 0.4394
vn -0.3396 0.9021 0.2663
vn 0.7757 -0.3573 0.5202
vn 0.7243 0.5690 -0.3896
vn -0.1805 0.8799 0.4395
vn 0.1765 0.6883 0.7036
vn -0.1312 0.9826 0.1312
vn 0.0523 0.9614 0.2702
vn 0.3932 0.7868 0.4757
vn 0.1053 0.9942 -0.0222
vn 0.2853 0.9546 0.0857
vn 0.5397 0.8029 0.2531
vn 0.9079 -0.1950 0.3712
vn 0.9841 0.0046 0.1777
vn 0.7455 -0.1595 0.6472
vn 0.8892 0.0218 0.4570
vn 0.9495 0.2079 0.2349
vn 0.5564 0.2620 0.7885
vn 0.7253 0.4145 0.5496
vn 0.8037 0.5065 0.3123
vn 0.5884 0.7490 -0.3047
vn 0.3539 0.9195 -0.1710
vn 0.8648 0.4388 -0.2442
vn 0.7519 0.6360 -0.1738
vn 0.5262 0.8482 -0.0603
vn 0.9740 0.2244 -0.0324
vn 0.9068 0.4208 0.0254
vn 0.7322 0.6728 0.1060
vt 0.000000 0.000000
s 1
f 676/2/676 679/2/679 682/2/682 681/2/681
f 679/2/679 680/2/680 683/2/683 682/2/682
f 680/2/680 692/2/692 693/2/693 683/2/683
f 681/2/681 682/2/682 685/2/685 684/2/684
f 682/2/682 683/2/683 686/2/686 685/2/685
f 683/2/683 693/2/693 694/2/694 686/2/686
f 677/2/677 687/2/687 690/2/690 689/2/689
f 687/2/687 688/2/688 691/2/691 690/2/690
f 688/2/688 700/2/700 701/2/701 691/2/691
f 689/2/689 690/2/690 693/2/693 692/2/692
f 690/2/690 691/2/691 694/2/694 693/2/693
f 691/2/691 701/2/701 702/2/702 694/2/694
f 678/2/678 695/2/695 698/2/698 697/2/697
f 695/2/695 696/2/696 699/2/699 698/2/698
f 696/2/696 684/2/684 685/2/685 699/2/699
f 697/2/697 698/2/698 701/2/701 700/2/700
f 698/2/698 699/2/699 702/2/702 701/2/701
f 699/2/699 685/2/685 686/2/686 702/2/702
f 686/2/686 694/2/694 702/2/702
f 703/2/703 706/2/706 709/2/709 708/2/708
f 706/2/706 707/2/707 710/2/710 709/2/709
f 707/2/707 719/2/719 720/2/720 710/2/710
f 708/2/708 709/2/709 712/2/712 711/2/711
f 709/2/709 710/2/710 713/2/713 712/2/712
f 710/2/710 720/2/720 721/2/721 713/2/713
f 704/2/704 714/2/714 717/2/717 716/2/716
f 714/2/714 715/2/715 718/2/718 717/2/717
f 715/2/715 727/2/727 728/2/728 718/2/718
f 716/2/716 717/2/717 720/2/720 719/2/719
f 717/2/717 718/2/718 721/2/721 720/2/720
f 718/2/718 728/2/728 729/2/729 721/2/721
f 705/2/705 722/2/722 725/2/725 724/2/724
f 722/2/722 723/2/723 726/2/726 725/2/725
f 723/2/723 711/2/711 712/2/712 726/2/726
f 724/2/724 725/2/725 728/2/728 727/2/727
f 725/2/725 726/2/726 729/2/729 728/2/728
f 726/2/726 712/2/712 713/2/713 729/2/729
f 713/2/713 721/2/721 729/2/729
f 730/2/730 733/2/733 736/2/736 735/2/735
f 733/2/733 734/2/734 737/2/737 736/2/736
f 734/2/734 746/2/746 747/2/747 737/2/737
f 735/2/735 736/2/736 739/2/739 738/2/738
f 736/2/736 737/2/737 740/2/740 739/2/739
f 737/2/737 747/2/747 748/2/748 740/2/740
f 731/2/731 741/2/741 744/2/744 743/2/743
f 741/2/741 742/2/742 745/2/745 744/2/744
f 742/2/742 754/2/754 755/2/755 745/2/745
f 743/2/743 744/2/744 747/2/747 746/2/746
f 744/2/744 745/2/745 748/2/748 747/2/747
f 745/2/745 755/2/755 756/2/756 748/2/748
f 732/2/732 749/2/749 752/2/752 751/2/751
f 749/2/749 750/2/750 753/2/753 752/2/752
f 750/2/750 738/2/738 739/2/739 753/2/753
f 751/2/751 752/2/752 755/2/755 754/2/754
f 752/2/752 753/2/753 756/2/756 755/2/755
f 753/2/753 739/2/739 740/2/740 756/2/756
f 740/2/740 748/2/748 756/2/756
f 757/2/757 760/2/760 763/2/763 762/2/762
f 760/2/760 761/2/761 764/2/764 763/2/763
f 761/2/761 773/2/773 774/2/774 764/2/764
f 762/2/762 763/2/763 766/2/766 765/2/765
f 763/2/763 764/2/764 767/2/767 766/2/766
f 764/2/764 774/2/774 775/2/775 767/2/767
f 758/2/758 768/2/768 771/2/771 770/2/770
f 768/2/768 769/2/769 772/2/772 771/2/771
f 769/2/769 781/2/781 782/2/782 772/2/772
f 770/2/770 771/2/771 774/2/774 773/2/773
f 771/2/771 772/2/772 775/2/775 774/2/774
f 772/2/772 782/2/782 783/2/783 775/2/775
f 759/2/759 776/2/776 779/2/779 778/2/778
f 776/2/776 777/2/777 780/2/780 779/2/779
f 777/2/777 765/2/765 766/2/766 780/2/780
f 778/2/778 779/2/779 782/2/782 781/2/781
f 779/2/779 780/2/780 783/2/783 782/2/782
f 780/2/780 766/2/766 767/2/767 783/2/783
f 767/2/767 775/2/775 783/2/783
f 784/2/784 788/2/788 791/2/791 790/2/790
f 788/2/788 789/2/789 792/2/792 791/2/791
f 789/2/789 801/2/801 802/2/802 792/2/792
f 790/2/790 791/2/791 794/2/794 793/2/793
f 791/2/791 792/2/792 795/2/795 794/2/794
f 792/2/792 802/2/802 803/2/803 795/2/795
f 785/2/785 796/2/796 799/2/799 798/2/798
f 796/2/796 797/2/797 800/2/800 799/2/799
f 797/2/797 809/2/809 810/2/810 800/2/800
f 798/2/798 799/2/799 802/2/802 801/2/801
f 799/2/799 800/2/800 803/2/803 802/2/802
f 800/2/800 810/2/810 811/2/811 803/2/803
f 786/2/786 804/2/804 807/2/807 806/2/806
f 804/2/804 805/2/805 808/2/808 807/2/807
f 805/2/805 817/2/817 818/2/818 808/2/808
f 806/2/806 807/2/807 810/2/810 809/2/809
f 807/2/807 808/2/808 811/2/811 810/2/810
f 808/2/808 818/2/818 819/2/819 811/2/811
f 787/2/787 812/2/812 815/2/815 814/2/814
f 812/2/812 813/2/813 816/2/816 815/2/815
f 813/2/813 793/2/793 794/2/794 816/2/816
f 814/2/814 815/2/815 818/2/818 817/2/817
f 815/2/815 816/2/816 819/2/819 818/2/818
f 816/2/816 794/2/794 795/2/795 819/2/819
f 795/2/795 803/2/803 811/2/811 819/2/819
f 826/2/826 829/2/829 832/2/832 831/2/831
f 829/2/829 830/2/830 833/2/833 832/2/832
f 830/2/830 842/2/842 843/2/843 833/2/833
f 831/2/831 832/2/832 835/2/835 834/2/834
f 832/2/832 833/2/833 836/2/836 835/2/835
f 833/2/833 843/2/843 844/2/844 836/2/836
f 827/2/827 837/2/837 840/2/840 839/2/839
f 837/2/837 838/2/838 841/2/841 840/2/840
f 838/2/838 850/2/850 851/2/851 841/2/841
f 839/2/839 840/2/840 843/2/843 842/2/842
f 840/2/840 841/2/841 844/2/844 843/2/843
f 841/2/841 851/2/851 852/2/852 844/2/844
f 828/2/828 845/2/845 848/2/848 847/2/847
f 845/2/845 846/2/846 849/2/849 848/2/848
f 846/2/846 834/2/834 835/2/835 849/2/849
f 847/2/847 848/2/848 851/2/851 850/2/850
f 848/2/848 849/2/849 852/2/852 851/2/851
f 849/2/849 835/2/835 836/2/836 852/2/852
f 836/2/836 844/2/844 852/2/852
f 853/2/853 856/2/856 859/2/859 858/2/858
f 856/2/856 857/2/857 860/2/860 859/2/859
f 857/2/857 869/2/869 870/2/870 860/2/860
f 858/2/858 859/2/859 862/2/862 861/2/861
f 859/2/859 860/2/860 863/2/863 862/2/862
f 860/2/860 870/2/870 871/2/871 863/2/863
f 854/2/854 864/2/864 867/2/867 866/2/866
f 864/2/864 865/2/865 868/2/868 867/2/867
f 865/2/865 877/2/877 878/2/878 868/2/868
f 866/2/866 867/2/867 870/2/870 869/2/869
f 867/2/867 868/2/868 871/2/871 870/2/870
f 868/2/868 878/2/878 879/2/879 871/2/871
f 855/2/855 872/2/872 875/2/875 874/2/874
f 872/2/872 873/2/873 876/2/876 875/2/875
f 873/2/873 861/2/861 862/2/862 876/2/876
f 874/2/874 875/2/875 878/2/878 877/2/877
f 875/2/875 876/2/876 879/2/879 878/2/878
f 876/2/876 862/2/862 863/2/863 879/2/879
f 863/2/863 871/2/871 879/2/879
f 880/2/880 883/2/883 886/2/886 885/2/885
f 883/2/883 884/2/884 887/2/887 886/2/886
f 884/2/884 896/2/896 897/2/897 887/2/887
f 885/2/885 886/2/886 889/2/889 888/2/888
f 886/2/886 887/2/887 890/2/890 889/2/889
f 887/2/887 897/2/897 898/2/898 890/2/890
f 881/2/881 891/2/891 894/2/894 893/2/893
f 891/2/891 892/2/892 895/2/895 894/2/894
f 892/2/892 904/2/904 905/2/905 895/2/895
f 893/2/893 894/2/894 897/2/897 896/2/896
f 894/2/894 895/2/895 898/2/898 897/2/897
f 895/2/895 905/2/905 906/2/906 898/2/898
f 882/2/882 899/2/899 902/2/902 901/2/901
f 899/2/899 900/2/900 903/2/903 902/2/902
f 900/2/900 888/2/888 889/2/889 903/2/903
f 901/2/901 902/2/902 905/2/905 904/2/904
f 902/2/902 903/2/903 906/2/906 905/2/905
f 903/2/903 889/2/889 890/2/890 906/2/906
f 890/2/890 898/2/898 906/2/906
f 913/2/913 916/2/916 919/2/919 918/2/918
f 916/2/916 917/2/917 920/2/920 919/2/919
f 917/2/917 929/2/929 930/2/930 920/2/920
f 918/2/918 919/2/919 922/2/922 921/2/921
f 919/2/919 920/2/920 923/2/923 922/2/922
f 920/2/920 930/2/930 931/2/931 923/2/923
f 914/2/914 924/2/924 927/2/927 926/2/926
f 924/2/924 925/2/925 928/2/928 927/2/927
f 925/2/925 937/2/937 938/2/938 928/2/928
f 926/2/926 927/2/927 930/2/930 929/2/929
f 927/2/927 928/2/928 931/2/931 930/2/930
f 928/2/928 938/2/938 939/2/939 931/2/931
f 915/2/915 932/2/932 935/2/935 934/2/934
f 932/2/932 933/2/933 936/2/936 935/2/935
f 933/2/933 921/2/921 922/2/922 936/2/936
f 934/2/934 935/2/935 938/2/938 937/2/937
f 935/2/935 936/2/936 939/2/939 938/2/938
f 936/2/936 922/2/922 923/2/923 939/2/939
f 923/2/923 931/2/931 939/2/939
f 940/2/940 944/2/944 947/2/947 946/2/946
f 944/2/944 945/2/945 948/2/948 947/2/947
f 945/2/945 957/2/957 958/2/958 948/2/948
f 946/2/946 947/2/947 950/2/950 949/2/949
f 947/2/947 948/2/948 951/2/951 950/2/950
f 948/2/948 958/2/958 959/2/959 951/2/951
f 941/2/941 952/2/952 955/2/955 954/2/954
f 952/2/952 953/2/953 956/2/956 955/2/955
f 953/2/953 965/2/965 966/2/966 956/2/956
f 954/2/954 955/2/955 958/2/958 957/2/957
f 955/2/955 956/2/956 959/2/959 958/2/958
f 956/2/956 966/2/966 967/2/967 959/2/959
f 942/2/942 960/2/960 963/2/963 962/2/962
f 960/2/960 961/2/961 964/2/964 963/2/963
f 961/2/961 973/2/973 974/2/974 964/2/964
f 962/2/962 963/2/963 966/2/966 965/2/965
f 963/2/963 964/2/964 967/2/967 966/2/966
f 964/2/964 974/2/974 975/2/975 967/2/967
f 943/2/943 968/2/968 971/2/971 970/2/970
f 968/2/968 969/2/969 972/2/972 971/2/971
f 969/2/969 949/2/949 950/2/950 972/2/972
f 970/2/970 971/2/971 974/2/974 973/2/973
f 971/2/971 972/2/972 975/2/975 974/2/974
f 972/2/972 950/2/950 951/2/951 975/2/975
f 951/2/951 959/2/959 967/2/967 975/2/975
f 976/2/976 979/2/979 982/2/982 981/2/981
f 979/2/979 980/2/980 983/2/983 982/2/982
f 980/2/980 992/2/992 993/2/993 983/2/983
f 981/2/981 982/2/982 985/2/985 984/2/984
f 982/2/982 983/2/983 986/2/986 985/2/985
f 983/2/983 993/2/993 994/2/994 986/2/986
f 977/2/977 987/2/987 990/2/990 989/2/989
f 987/2/987 988/2/988 991/2/991 990/2/990
f 988/2/988 1000/2/1000 1001/2/1001 991/2/991
f 989/2/989 990/2/990 993/2/993 992/2/992
f 990/2/990 991/2/991 994/2/994 993/2/993
f 991/2/991 1001/2/1001 1002/2/1002 994/2/994
f 978/2/978 995/2/995 998/2/998 997/2/997
f 995/2/995 996/2/996 999/2/999 998/2/998
f 996/2/996 984/2/984 985/2/985 999/2/999
f 997/2/997 998/2/998 1001/2/1001 1000/2/1000
f 998/2/998 999/2/999 1002/2/1002 1001/2/1001
f 999/2/999 985/2/985 986/2/986 1002/2/1002
f 986/2/986 994/2/994 1002/2/1002
f 1003/2/1003 1006/2/1006 1009/2/1009 1008/2/1008
f 1006/2/1006 1007/2/1007 1010/2/1010 1009/2/1009
f 1007/2/1007 1019/2/1019 1020/2/1020 1010/2/1010
f 1008/2/1008 1009/2/1009 1012/2/1012 1011/2/1011
f 1009/2/1009 1010/2/1010 1013/2/1013 1012/2/1012
f 1010/2/1010 1020/2/1020 1021/2/1021 1013/2/1013
f 1004/2/1004 1014/2/1014 1017/2/1017 1016/2/1016
f 1014/2/1014 1015/2/1015 1018/2/1018 1017/2/1017
f 1015/2/1015 1027/2/1027 1028/2/1028 1018/2/1018
f 1016/2/1016 1017/2/1017 1020/2/1020 1019/2/1019
f 1017/2/1017 1018/2/1018 1021/2/1021 1020/2/1020
f 1018/2/1018 1028/2/1028 1029/2/1029 1021/2/1021
f 1005/2/1005 1022/2/1022 1025/2/1025 1024/2/1024
f 1022/2/1022 1023/2/1023 1026/2/1026 1025/2/1025
f 1023/2/1023 1011/2/1011 1012/2/1012 1026/2/1026
f 1024/2/1024 1025/2/1025 1028/2/1028 1027/2/1027
f 1025/2/1025 1026/2/1026 1029/2/1029 1028/2/1028
f 1026/2/1026 1012/2/1012 1013/2/1013 1029/2/1029
f 1013/2/1013 1021/2/1021 1029/2/1029
f 1030/2/1030 1033/2/1033 1036/2/1036 1035/2/1035
f 1033/2/1033 1034/2/1034 1037/2/1037 1036/2/1036
f 1034/2/1034 1046/2/1046 1047/2/1047 1037/2/1037
f 1035/2/1035 1036/2/1036 1039/2/1039 1038/2/1038
f 1036/2/1036 1037/2/1037 1040/2/1040 1039/2/1039
f 1037/2/1037 1047/2/1047 1048/2/1048 1040/2/1040
f 1031/2/1031 1041/2/1041 1044/2/1044 1043/2/1043
f 1041/2/1041 1042/2/1042 1045/2/1045 1044/2/1044
f 1042/2/1042 1054/2/1054 1055/2/1055 1045/2/1045
f 1043/2/1043 1044/2/1044 1047/2/1047 1046/2/1046
f 1044/2/1044 1045/2/1045 1048/2/1048 1047/2/1047
f 1045/2/1045 1055/2/1055 1056/2/1056 1048/2/1048
f 1032/2/1032 1049/2/1049 1052/2/1052 1051/2/1051
f 1049/2/1049 1050/2/1050 1053/2/1053 1052/2/1052
f 1050/2/1050 1038/2/1038 1039/2/1039 1053/2/1053
f 1051/2/1051 1052/2/1052 1055/2/1055 1054/2/1054
f 1052/2/1052 1053/2/1053 1056/2/1056 1055/2/1055
f 1053/2/1053 1039/2/1039 1040/2/1040 1056/2/1056
f 1040/2/1040 1048/2/1048 1056/2/1056
f 1057/2/1057 1060/2/1060 1063/2/1063 1062/2/1062
f 1060/2/1060 1061/2/1061 1064/2/1064 1063/2/1063
f 1061/2/1061 1073/2/1073 1074/2/1074 1064/2/1064
f 1062/2/1062 1063/2/1063 1066/2/1066 1065/2/1065
f 1063/2/1063 1064/2/1064 1067/2/1067 1066/2/1066
f 1064/2/1064 1074/2/1074 1075/2/1075 1067/2/1067
f 1058/2/1058 1068/2/1068 1071/2/1071 1070/2/1070
f 1068/2/1068 1069/2/1069 1072/2/1072 1071/2/1071
f 1069/2/1069 1081/2/1081 1082/2/1082 1072/2/1072
f 1070/2/1070 1071/2/1071 1074/2/1074 1073/2/1073
f 1071/2/1071 1072/2/1072 1075/2/1075 1074/2/1074
f 1072/2/1072 1082/2/1082 1083/2/1083 1075/2/1075
f 1059/2/1059 1076/2/1076 1079/2/1079 1078/2/1078
f 1076/2/1076 1077/2/1077 1080/2/1080 1079/2/1079
f 1077/2/1077 1065/2/1065 1066/2/1066 1080/2/1080
f 1078/2/1078 1079/2/1079 1082/2/1082 1081/2/1081
f 1079/2/1079 1080/2/1080 1083/2/1083 1082/2/1082
f 1080/2/1080 1066/2/1066 1067/2/1067 1083/2/1083
f 1067/2/1067 1075/2/1075 1083/2/1083
f 1084/2/1084 1087/2/1087 1090/2/1090 1089/2/1089
f 1087/2/1087 1088/2/1088 1091/2/1091 1090/2/1090
f 1088/2/1088 1100/2/1100 1101/2/1101 1091/2/1091
f 1089/2/1089 1090/2/1090 1093/2/1093 1092/2/1092
f 1090/2/1090 1091/2/1091 1094/2/1094 1093/2/1093
f 1091/2/1091 1101/2/1101 1102/2/1102 1094/2/1094
f 1085/2/1085 1095/2/1095 1098/2/1098 1097/2/1097
f 1095/2/1095 1096/2/1096 1099/2/1099 1098/2/1098
f 1096/2/1096 1108/2/1108 1109/2/1109 1099/2/1099
f 1097/2/1097 1098/2/1098 1101/2/1101 1100/2/1100
f 1098/2/1098 1099/2/1099 1102/2/1102 1101/2/1101
f 1099/2/1099 1109/2/1109 1110/2/1110 1102/2/1102
f 1086/2/1086 1103/2/1103 1106/2/1106 1105/2/1105
f 1103/2/1103 1104/2/1104 1107/2/1107 1106/2/1106
f 1104/2/1104 1092/2/1092 1093/2/1093 1107/2/1107
f 1105/2/1105 1106/2/1106 1109/2/1109 1108/2/1108
f 1106/2/1106 1107/2/1107 1110/2/1110 1109/2/1109
f 1107/2/1107 1093/2/1093 1094/2/1094 1110/2/1110
f 1094/2/1094 1102/2/1102 1110/2/1110
f 1111/2/1111 1114/2/1114 1117/2/1117 1116/2/1116
f 1114/2/1114 1115/2/1115 1118/2/1118 1117/2/1117
f 1115/2/1115 1127/2/1127 1128/2/1128 1118/2/1118
f 1116/2/1116 1117/2/1117 1120/2/1120 1119/2/1119
f 1117/2/1117 1118/2/1118 1121/2/1121 1120/2/1120
f 1118/2/1118 1128/2/1128 1129/2/1129 1121/2/1121
f 1112/2/1112 1122/2/1122 1125/2/1125 1124/2/1124
f 1122/2/1122 1123/2/1123 1126/2/1126 1125/2/1125
f 1123/2/1123 1135/2/1135 1136/2/1136 1126/2/1126
f 1124/2/1124 1125/2/1125 1128/2/1128 1127/2/1127
f 1125/2/1125 1126/2/1126 1129/2/1129 1128/2/1128
f 1126/2/1126 1136/2/1136 1137/2/1137 1129/2/1129
f 1113/2/1113 1130/2/1130 1133/2/1133 1132/2/1132
f 1130/2/1130 1131/2/1131 1134/2/1134 1133/2/1133
f 1131/2/1131 1119/2/1119 1120/2/1120 1134/2/1134
f 1132/2/1132 1133/2/1133 1136/2/1136 1135/2/1135
f 1133/2/1133 1134/2/1134 1137/2/1137 1136/2/1136
f 1134/2/1134 1120/2/1120 1121/2/1121 1137/2/1137
f 1121/2/1121 1129/2/1129 1137/2/1137
f 1138/2/1138 1141/2/1141 1144/2/1144 1143/2/1143
f 1141/2/1141 1142/2/1142 1145/2/1145 1144/2/1144
f 1142/2/1142 1154/2/1154 1155/2/1155 1145/2/1145
f 1143/2/1143 1144/2/1144 1147/2/1147 1146/2/1146
f 1144/2/1144 1145/2/1145 1148/2/1148 1147/2/1147
f 1145/2/1145 1155/2/1155 1156/2/1156 1148/2/1148
f 1139/2/1139 1149/2/1149 1152/2/1152 1151/2/1151
f 1149/2/1149 1150/2/1150 1153/2/1153 1152/2/1152
f 1150/2/1150 1162/2/1162 1163/2/1163 1153/2/1153
f 1151/2/1151 1152/2/1152 1155/2/1155 1154/2/1154
f 1152/2/1152 1153/2/1153 1156/2/1156 1155/2/1155
f 1153/2/1153 1163/2/1163 1164/2/1164 1156/2/1156
f 1140/2/1140 1157/2/1157 1160/2/1160 1159/2/1159
f 1157/2/1157 1158/2/1158 1161/2/1161 1160/2/1160
f 1158/2/1158 1146/2/1146 1147/2/1147 1161/2/1161
f 1159/2/1159 1160/2/1160 1163/2/1163 1162/2/1162
f 1160/2/1160 1161/2/1161 1164/2/1164 1163/2/1163
f 1161/2/1161 1147/2/1147 1148/2/1148 1164/2/1164
f 1148/2/1148 1156/2/1156 1164/2/1164
f 1165/2/1165 1168/2/1168 1171/2/1171 1170/2/1170
f 1168/2/1168 1169/2/1169 1172/2/1172 1171/2/1171
f 1169/2/1169 1181/2/1181 1182/2/1182 1172/2/1172
f 1170/2/1170 1171/2/1171 1174/2/1174 1173/2/1173
f 1171/2/1171 1172/2/1172 1175/2/1175 1174/2/1174
f 1172/2/1172 1182/2/1182 1183/2/1183 1175/2/1175
f 1166/2/1166 1176/2/1176 1179/2/1179 1178/2/1178
f 1176/2/1176 1177/2/1177 1180/2/1180 1179/2/1179
f 1177/2/1177 1189/2/1189 1190/2/1190 1180/2/1180
f 1178/2/1178 1179/2/1179 1182/2/1182 1181/2/1181
f 1179/2/1179 1180/2/1180 1183/2/1183 1182/2/1182
f 1180/2/1180 1190/2/1190 1191/2/1191 1183/2/1183
f 1167/2/1167 1184/2/1184 1187/2/1187 1186/2/1186
f 1184/2/1184 1185/2/1185 1188/2/1188 1187/2/1187
f 1185/2/1185 1173/2/1173 1174/2/1174 1188/2/1188
f 1186/2/1186 1187/2/1187 1190/2/1190 1189/2/1189
f 1187/2/1187 1188/2/1188 1191/2/1191 1190/2/1190
f 1188/2/1188 1174/2/1174 1175/2/1175 1191/2/1191
f 1175/2/1175 1183/2/1183 1191/2/1191
f 1192/2/1192 1196/2/1196 1199/2/1199 1198/2/1198
f 1196/2/1196 1197/2/1197 1200/2/1200 1199/2/1199
f 1197/2/1197 1209/2/1209 1210/2/1210 1200/2/1200
f 1198/2/1198 1199/2/1199 1202/2/1202 1201/2/1201
f 1199/2/1199 1200/2/1200 1203/2/1203 1202/2/1202
f 1200/2/1200 1210/2/1210 1211/2/1211 1203/2/1203
f 1193/2/1193 1204/2/1204 1207/2/1207 1206/2/1206
f 1204/2/1204 1205/2/1205 1208/2/1208 1207/2/1207
f 1205/2/1205 1217/2/1217 1218/2/1218 1208/2/1208
f 1206/2/1206 1207/2/1207 1210/2/1210 1209/2/1209
f 1207/2/1207 1208/2/1208 1211/2/1211 1210/2/1210
f 1208/2/1208 1218/2/1218 1219/2/1219 1211/2/1211
f 1194/2/1194 1212/2/1212 1215/2/1215 1214/2/1214
f 1212/2/1212 1213/2/1213 1216/2/1216 1215/2/1215
f 1213/2/1213 1225/2/1225 1226/2/1226 1216/2/1216
f 1214/2/1214 1215/2/1215 1218/2/1218 1217/2/1217
f 1215/2/1215 1216/2/1216 1219/2/1219 1218/2/1218
f 1216/2/1216 1226/2/1226 1227/2/1227 1219/2/1219
f 1195/2/1195 1220/2/1220 1223/2/1223 1222/2/1222
f 1220/2/1220 1221/2/1221 1224/2/1224 1223/2/1223
f 1221/2/1221 1201/2/1201 1202/2/1202 1224/2/1224
f 1222/2/1222 1223/2/1223 1226/2/1226 1225/2/1225
f 1223/2/1223 1224/2/1224 1227/2/1227 1226/2/1226
f 1224/2/1224 1202/2/1202 1203/2/1203 1227/2/1227
f 1203/2/1203 1211/2/1211 1219/2/1219 1227/2/1227
f 1228/2/1228 1231/2/1231 1234/2/1234 1233/2/1233
f 1231/2/1231 1232/2/1232 1235/2/1235 1234/2/1234
f 1232/2/1232 1244/2/1244 1245/2/1245 1235/2/1235
f 1233/2/1233 1234/2/1234 1237/2/1237 1236/2/1236
f 1234/2/1234 1235/2/1235 1238/2/1238 1237/2/1237
f 1235/2/1235 1245/2/1245 1246/2/1246 1238/2/1238
f 1229/2/1229 1239/2/1239 1242/2/1242 1241/2/1241
f 1239/2/1239 1240/2/1240 1243/2/1243 1242/2/1242
f 1240/2/1240 1252/2/1252 1253/2/1253 1243/2/1243
f 1241/2/1241 1242/2/1242 1245/2/1245 1244/2/1244
f 1242/2/1242 1243/2/1243 1246/2/1246 1245/2/1245
f 1243/2/1243 1253/2/1253 1254/2/1254 1246/2/1246
f 1230/2/1230 1247/2/1247 1250/2/1250 1249/2/1249
f 1247/2/1247 1248/2/1248 1251/2/1251 1250/2/1250
f 1248/2/1248 1236/2/1236 1237/2/1237 1251/2/1251
f 1249/2/1249 1250/2/1250 1253/2/1253 1252/2/1252
f 1250/2/1250 1251/2/1251 1254/2/1254 1253/2/1253
f 1251/2/1251 1237/2/1237 1238/2/1238 1254/2/1254
f 1238/2/1238 1246/2/1246 1254/2/1254
f 1255/2/1255 1258/2/1258 1261/2/1261 1260/2/1260
f 1258/2/1258 1259/2/1259 1262/2/1262 1261/2/1261
f 1259/2/1259 1271/2/1271 1272/2/1272 1262/2/1262
f 1260/2/1260 1261/2/1261 1264/2/1264 1263/2/1263
f 1261/2/1261 1262/2/1262 1265/2/1265 1264/2/1264
f 1262/2/1262 1272/2/1272 1273/2/1273 1265/2/1265
f 1256/2/1256 1266/2/1266 1269/2/1269 1268/2/1268
f 1266/2/1266 1267/2/1267 1270/2/1270 1269/2/1269
f 1267/2/1267 1279/2/1279 1280/2/1280 1270/2/1270
f 1268/2/1268 1269/2/1269 1272/2/1272 1271/2/1271
f 1269/2/1269 1270/2/1270 1273/2/1273 1272/2/1272
f 1270/2/1270 1280/2/1280 1281/2/1281 1273/2/1273
f 1257/2/1257 1274/2/1274 1277/2/1277 1276/2/1276
f 1274/2/1274 1275/2/1275 1278/2/1278 1277/2/1277
f 1275/2/1275 1263/2/1263 1264/2/1264 1278/2/1278
f 1276/2/1276 1277/2/1277 1280/2/1280 1279/2/1279
f 1277/2/1277 1278/2/1278 1281/2/1281 1280/2/1280
f 1278/2/1278 1264/2/1264 1265/2/1265 1281/2/1281
f 1265/2/1265 1273/2/1273 1281/2/1281
f 1282/2/1282 1285/2/1285 1288/2/1288 1287/2/1287
f 1285/2/1285 1286/2/1286 1289/2/1289 1288/2/1288
f 1286/2/1286 1298/2/1298 1299/2/1299 1289/2/1289
f 1287/2/1287 1288/2/1288 1291/2/1291 1290/2/1290
f 1288/2/1288 1289/2/1289 1292/2/1292 1291/2/1291
f 1289/2/1289 1299/2/1299 1300/2/1300 1292/2/1292
f 1283/2/1283 1293/2/1293 1296/2/1296 1295/2/1295
f 1293/2/1293 1294/2/1294 1297/2/1297 1296/2/1296
f 1294/2/1294 1306/2/1306 1307/2/1307 1297/2/1297
f 1295/2/1295 1296/2/1296 1299/2/1299 1298/2/1298
f 1296/2/1296 1297/2/1297 1300/2/1300 1299/2/1299
f 1297/2/1297 1307/2/1307 1308/2/1308 1300/2/1300
f 1284/2/1284 1301/2/1301 1304/2/1304 1303/2/1303
f 1301/2/1301 1302/2/1302 1305/2/1305 1304/2/1304
f 1302/2/1302 1290/2/1290 1291/2/1291 1305/2/1305
f 1303/2/1303 1304/2/1304 1307/2/1307 1306/2/1306
f 1304/2/1304 1305/2/1305 1308/2/1308 1307/2/1307
f 1305/2/1305 1291/2/1291 1292/2/1292 1308/2/1308
f 1292/2/1292 1300/2/1300 1308/2/1308
f 1309/2/1309 1312/2/1312 1315/2/1315 1314/2/1314
f 1312/2/1312 1313/2/1313 1316/2/1316 1315/2/1315
f 1313/2/1313 1325/2/1325 1326/2/1326 1316/2/1316
f 1314/2/1314 1315/2/1315 1318/2/1318 1317/2/1317
f 1315/2/1315 1316/2/1316 1319/2/1319 1318/2/1318
f 1316/2/1316 1326/2/1326 1327/2/1327 1319/2/1319
f 1310/2/1310 1320/2/1320 1323/2/1323 1322/2/1322
f 1320/2/1320 1321/2/1321 1324/2/1324 1323/2/1323
f 1321/2/1321 1333/2/1333 1334/2/1334 1324/2/1324
f 1322/2/1322 1323/2/1323 1326/2/1326 1325/2/1325
f 1323/2/1323 1324/2/1324 1327/2/1327 1326/2/1326
f 1324/2/1324 1334/2/1334 1335/2/1335 1327/2/1327
f 1311/2/1311 1328/2/1328 1331/2/1331 1330/2/1330
f 1328/2/1328 1329/2/1329 1332/2/1332 1331/2/1331
f 1329/2/1329 1317/2/1317 1318/2/1318 1332/2/1332
f 1330/2/1330 1331/2/1331 1334/2/1334 1333/2/1333
f 1331/2/1331 1332/2/1332 1335/2/1335 1334/2/1334
f 1332/2/1332 1318/2/1318 1319/2/1319 1335/2/1335
f 1319/2/1319 1327/2/1327 1335/2/1335
f 1336/2/1336 1339/2/1339 1342/2/1342 1341/2/1341
f 1339/2/1339 1340/2/1340 1343/2/1343 1342/2/1342
f 1340/2/1340 1352/2/1352 1353/2/1353 1343/2/1343
f 1341/2/1341 1342/2/1342 1345/2/1345 1344/2/1344
f 1342/2/1342 1343/2/1343 1346/2/1346 1345/2/1345
f 1343/2/1343 1353/2/1353 1354/2/1354 1346/2/1346
f 1337/2/1337 1347/2/1347 1350/2/1350 1349/2/1349
f 1347/2/1347 1348/2/1348 1351/2/1351 1350/2/1350
f 1348/2/1348 1360/2/1360 1361/2/1361 1351/2/1351
f 1349/2/1349 1350/2/1350 1353/2/1353 1352/2/1352
f 1350/2/1350 1351/2/1351 1354/2/1354 1353/2/1353
f 1351/2/1351 1361/2/1361 1362/2/1362 1354/2/1354
f 1338/2/1338 1355/2/1355 1358/2/1358 1357/2/1357
f 1355/2/1355 1356/2/1356 1359/2/1359 1358/2/1358
f 1356/2/1356 1344/2/1344 1345/2/1345 1359/2/1359
f 1357/2/1357 1358/2/1358 1361/2/1361 1360/2/1360
f 1358/2/1358 1359/2/1359 1362/2/1362 1361/2/1361
f 1359/2/1359 1345/2/1345 1346/2/1346 1362/2/1362
f 1346/2/1346 1354/2/1354 1362/2/1362
f 1363/2/1363 1366/2/1366 1369/2/1369 1368/2/1368
f 1366/2/1366 1367/2/1367 1370/2/1370 1369/2/1369
f 1367/2/1367 1379/2/1379 1380/2/1380 1370/2/1370
f 1368/2/1368 1369/2/1369 1372/2/1372 1371/2/1371
f 1369/2/1369 1370/2/1370 1373/2/1373 1372/2/1372
f 1370/2/1370 1380/2/1380 1381/2/1381 1373/2/1373
f 1364/2/1364 1374/2/1374 1377/2/1377 1376/2/1376
f 1374/2/1374 1375/2/1375 1378/2/1378 1377/2/1377
f 1375/2/1375 1387/2/1387 1388/2/1388 1378/2/1378
f 1376/2/1376 1377/2/1377 1380/2/1380 1379/2/1379
f 1377/2/1377 1378/2/1378 1381/2/1381 1380/2/1380
f 1378/2/1378 1388/2/1388 1389/2/1389 1381/2/1381
f 1365/2/1365 1382/2/1382 1385/2/1385 1384/2/1384
f 1382/2/1382 1383/2/1383 1386/2/1386 1385/2/1385
f 1383/2/1383 1371/2/1371 1372/2/1372 1386/2/1386
f 1384/2/1384 1385/2/1385 1388/2/1388 1387/2/1387
f 1385/2/1385 1386/2/1386 1389/2/1389 1388/2/1388
f 1386/2/1386 1372/2/1372 1373/2/1373 1389/2/1389
f 1373/2/1373 1381/2/1381 1389/2/1389
f 1390/2/1390 1393/2/1393 1396/2/1396 1395/2/1395
f 1393/2/1393 1394/2/1394 1397/2/1397 1396/2/1396
f 1394/2/1394 1406/2/1406 1407/2/1407 1397/2/1397
f 1395/2/1395 1396/2/1396 1399/2/1399 1398/2/1398
f 1396/2/1396 1397/2/1397 1400/2/1400 1399/2/1399
f 1397/2/1397 1407/2/1407 1408/2/1408 1400/2/1400
f 1391/2/1391 1401/2/1401 1404/2/1404 1403/2/1403
f 1401/2/1401 1402/2/1402 1405/2/1405 1404/2/1404
f 1402/2/1402 1414/2/1414 1415/2/1415 1405/2/1405
f 1403/2/1403 1404/2/1404 1407/2/1407 1406/2/1406
f 1404/2/1404 1405/2/1405 1408/2/1408 1407/2/1407
f 1405/2/1405 1415/2/1415 1416/2/1416 1408/2/1408
f 1392/2/1392 1409/2/1409 1412/2/1412 1411/2/1411
f 1409/2/1409 1410/2/1410 1413/2/1413 1412/2/1412
f 1410/2/1410 1398/2/1398 1399/2/1399 1413/2/1413
f 1411/2/1411 1412/2/1412 1415/2/1415 1414/2/1414
f 1412/2/1412 1413/2/1413 1416/2/1416 1415/2/1415
f 1413/2/1413 1399/2/1399 1400/2/1400 1416/2/1416
f 1400/2/1400 1408/2/1408 1416/2/1416
f 1417/2/1417 1420/2/1420 1423/2/1423 1422/2/1422
f 1420/2/1420 1421/2/1421 1424/2/1424 1423/2/1423
f 1421/2/1421 1433/2/1433 1434/2/1434 1424/2/1424
f 1422/2/1422 1423/2/1423 1426/2/1426 1425/2/1425
f 1423/2/1423 1424/2/1424 1427/2/1427 1426/2/1426
f 1424/2/1424 1434/2/1434 1435/2/1435 1427/2/1427
f 1418/2/1418 1428/2/1428 1431/2/1431 1430/2/1430
f 1428/2/1428 1429/2/1429 1432/2/1432 1431/2/1431
f 1429/2/1429 1441/2/1441 1442/2/1442 1432/2/1432
f 1430/2/1430 1431/2/1431 1434/2/1434 1433/2/1433
f 1431/2/1431 1432/2/1432 1435/2/1435 1434/2/1434
f 1432/2/1432 1442/2/1442 1443/2/1443 1435/2/1435
f 1419/2/1419 1436/2/1436 1439/2/1439 1438/2/1438
f 1436/2/1436 1437/2/1437 1440/2/1440 1439/2/1439
f 1437/2/1437 1425/2/1425 1426/2/1426 1440/2/1440
f 1438/2/1438 1439/2/1439 1442/2/1442 1441/2/1441
f 1439/2/1439 1440/2/1440 1443/2/1443 1442/2/1442
f 1440/2/1440 1426/2/1426 1427/2/1427 1443/2/1443
f 1427/2/1427 1435/2/1435 1443/2/1443
f 1450/2/1450 1453/2/1453 1456/2/1456 1455/2/1455
f 1453/2/1453 1454/2/1454 1457/2/1457 1456/2/1456
f 1454/2/1454 1466/2/1466 1467/2/1467 1457/2/1457
f 1455/2/1455 1456/2/1456 1459/2/1459 1458/2/1458
f 1456/2/1456 1457/2/1457 1460/2/1460 1459/2/1459
f 1457/2/1457 1467/2/1467 1468/2/1468 1460/2/1460
f 1451/2/1451 1461/2/1461 1464/2/1464 1463/2/1463
f 1461/2/1461 1462/2/1462 1465/2/1465 1464/2/1464
f 1462/2/1462 1474/2/1474 1475/2/1475 1465/2/1465
f 1463/2/1463 1464/2/1464 1467/2/1467 1466/2/1466
f 1464/2/1464 1465/2/1465 1468/2/1468 1467/2/1467
f 1465/2/1465 1475/2/1475 1476/2/1476 1468/2/1468
f 1452/2/1452 1469/2/1469 1472/2/1472 1471/2/1471
f 1469/2/1469 1470/2/1470 1473/2/1473 1472/2/1472
f 1470/2/1470 1458/2/1458 1459/2/1459 1473/2/1473
f 1471/2/1471 1472/2/1472 1475/2/1475 1474/2/1474
f 1472/2/1472 1473/2/1473 1476/2/1476 1475/2/1475
f 1473/2/1473 1459/2/1459 1460/2/1460 1476/2/1476
f 1460/2/1460 1468/2/1468 1476/2/1476
f 1477/2/1477 1480/2/1480 1483/2/1483 1482/2/1482
f 1480/2/1480 1481/2/1481 1484/2/1484 1483/2/1483
f 1481/2/1481 1493/2/1493 1494/2/1494 1484/2/1484
f 1482/2/1482 1483/2/1483 1486/2/1486 1485/2/1485
f 1483/2/1483 1484/2/1484 1487/2/1487 1486/2/1486
f 1484/2/1484 1494/2/1494 1495/2/1495 1487/2/1487
f 1478/2/1478 1488/2/1488 1491/2/1491 1490/2/1490
f 1488/2/1488 1489/2/1489 1492/2/1492 1491/2/1491
f 1489/2/1489 1501/2/1501 1502/2/1502 1492/2/1492
f 1490/2/1490 1491/2/1491 1494/2/1494 1493/2/1493
f 1491/2/1491 1492/2/1492 1495/2/1495 1494/2/1494
f 1492/2/1492 1502/2/1502 1503/2/1503 1495/2/1495
f 1479/2/1479 1496/2/1496 1499/2/1499 1498/2/1498
f 1496/2/1496 1497/2/1497 1500/2/1500 1499/2/1499
f 1497/2/1497 1485/2/1485 1486/2/1486 1500/2/1500
f 1498/2/1498 1499/2/1499 1502/2/1502 1501/2/1501
f 1499/2/1499 1500/2/1500 1503/2/1503 1502/2/1502
f 1500/2/1500 1486/2/1486 1487/2/1487 1503/2/1503
f 1487/2/1487 1495/2/1495 1503/2/1503
f 1504/2/1504 1507/2/1507 1510/2/1510 1509/2/1509
f 1507/2/1507 1508/2/1508 1511/2/1511 1510/2/1510
f 1508/2/1508 1520/2/1520 1521/2/1521 1511/2/1511
f 1509/2/1509 1510/2/1510 1513/2/1513 1512/2/1512
f 1510/2/1510 1511/2/1511 1514/2/1514 1513/2/1513
f 1511/2/1511 1521/2/1521 1522/2/1522 1514/2/1514
f 1505/2/1505 1515/2/1515 1518/2/1518 1517/2/1517
f 1515/2/1515 1516/2/1516 1519/2/1519 1518/2/1518
f 1516/2/1516 1528/2/1528 1529/2/1529 1519/2/1519
f 1517/2/1517 1518/2/1518 1521/2/1521 1520/2/1520
f 1518/2/1518 1519/2/1519 1522/2/1522 1521/2/1521
f 1519/2/1519 1529/2/1529 1530/2/1530 1522/2/1522
f 1506/2/1506 1523/2/1523 1526/2/1526 1525/2/1525
f 1523/2/1523 1524/2/1524 1527/2/1527 1526/2/1526
f 1524/2/1524 1512/2/1512 1513/2/1513 1527/2/1527
f 1525/2/1525 1526/2/1526 1529/2/1529 1528/2/1528
f 1526/2/1526 1527/2/1527 1530/2/1530 1529/2/1529
f 1527/2/1527 1513/2/1513 1514/2/1514 1530/2/1530
f 1514/2/1514 1522/2/1522 1530/2/1530
f 1531/2/1531 1535/2/1535 1538/2/1538 1537/2/1537
f 1535/2/1535 1536/2/1536 1539/2/1539 1538/2/1538
f 1536/2/1536 1548/2/1548 1549/2/1549 1539/2/1539
f 1537/2/1537 1538/2/1538 1541/2/1541 1540/2/1540
f 1538/2/1538 1539/2/1539 1542/2/1542 1541/2/1541
f 1539/2/1539 1549/2/1549 1550/2/1550 1542/2/1542
f 1532/2/1532 1543/2/1543 1546/2/1546 1545/2/1545
f 1543/2/1543 1544/2/1544 1547/2/1547 1546/2/1546
f 1544/2/1544 1556/2/1556 1557/2/1557 1547/2/1547
f 1545/2/1545 1546/2/1546 1549/2/1549 1548/2/1548
f 1546/2/1546 1547/2/1547 1550/2/1550 1549/2/1549
f 1547/2/1547 1557/2/1557 1558/2/1558 1550/2/1550
f 1533/2/1533 1551/2/1551 1554/2/1554 1553/2/1553
f 1551/2/1551 1552/2/1552 1555/2/1555 1554/2/1554
f 1552/2/1552 1564/2/1564 1565/2/1565 1555/2/1555
f 1553/2/1553 1554/2/1554 1557/2/1557 1556/2/1556
f 1554/2/1554 1555/2/1555 1558/2/1558 1557/2/1557
f 1555/2/1555 1565/2/1565 1566/2/1566 1558/2/1558
f 1534/2/1534 1559/2/1559 1562/2/1562 1561/2/1561
f 1559/2/1559 1560/2/1560 1563/2/1563 1562/2/1562
f 1560/2/1560 1540/2/1540 1541/2/1541 1563/2/1563
f 1561/2/1561 1562/2/1562 1565/2/1565 1564/2/1564
f 1562/2/1562 1563/2/1563 1566/2/1566 1565/2/1565
f 1563/2/1563 1541/2/1541 1542/2/1542 1566/2/1566
f 1542/2/1542 1550/2/1550 1558/2/1558 1566/2/1566
f 1567/2/1567 1570/2/1570 1573/2/1573 1572/2/1572
f 1570/2/1570 1571/2/1571 1574/2/1574 1573/2/1573
f 1571/2/1571 1583/2/1583 1584/2/1584 1574/2/1574
f 1572/2/1572 1573/2/1573 1576/2/1576 1575/2/1575
f 1573/2/1573 1574/2/1574 1577/2/1577 1576/2/1576
f 1574/2/1574 1584/2/1584 1585/2/1585 1577/2/1577
f 1568/2/1568 1578/2/1578 1581/2/1581 1580/2/1580
f 1578/2/1578 1579/2/1579 1582/2/1582 1581/2/1581
f 1579/2/1579 1591/2/1591 1592/2/1592 1582/2/1582
f 1580/2/1580 1581/2/1581 1584/2/1584 1583/2/1583
f 1581/2/1581 1582/2/1582 1585/2/1585 1584/2/1584
f 1582/2/1582 1592/2/1592 1593/2/1593 1585/2/1585
f 1569/2/1569 1586/2/1586 1589/2/1589 1588/2/1588
f 1586/2/1586 1587/2/1587 1590/2/1590 1589/2/1589
f 1587/2/1587 1575/2/1575 1576/2/1576 1590/2/1590
f 1588/2/1588 1589/2/1589 1592/2/1592 1591/2/1591
f 1589/2/1589 1590/2/1590 1593/2/1593 1592/2/1592
f 1590/2/1590 1576/2/1576 1577/2/1577 1593/2/1593
f 1577/2/1577 1585/2/1585 1593/2/1593
f 1600/2/1600 1603/2/1603 1606/2/1606 1605/2/1605
f 1603/2/1603 1604/2/1604 1607/2/1607 1606/2/1606
f 1604/2/1604 1616/2/1616 1617/2/1617 1607/2/1607
f 1605/2/1605 1606/2/1606 1609/2/1609 1608/2/1608
f 1606/2/1606 1607/2/1607 1610/2/1610 1609/2/1609
f 1607/2/1607 1617/2/1617 1618/2/1618 1610/2/1610
f 1601/2/1601 1611/2/1611 1614/2/1614 1613/2/1613
f 1611/2/1611 1612/2/1612 1615/2/1615 1614/2/1614
f 1612/2/1612 1624/2/1624 1625/2/1625 1615/2/1615
f 1613/2/1613 1614/2/1614 1617/2/1617 1616/2/1616
f 1614/2/1614 1615/2/1615 1618/2/1618 1617/2/1617
f 1615/2/1615 1625/2/1625 1626/2/1626 1618/2/1618
f 1602/2/1602 1619/2/1619 1622/2/1622 1621/2/1621
f 1619/2/1619 1620/2/1620 1623/2/1623 1622/2/1622
f 1620/2/1620 1608/2/1608 1609/2/1609 1623/2/1623
f 1621/2/1621 1622/2/1622 1625/2/1625 1624/2/1624
f 1622/2/1622 1623/2/1623 1626/2/1626 1625/2/1625
f 1623/2/1623 1609/2/1609 1610/2/1610 1626/2/1626
f 1610/2/1610 1618/2/1618 1626/2/1626
f 1627/2/1627 1630/2/1630 1633/2/1633 1632/2/1632
f 1630/2/1630 1631/2/1631 1634/2/1634 1633/2/1633
f 1631/2/1631 1643/2/1643 1644/2/1644 1634/2/1634
f 1632/2/1632 1633/2/1633 1636/2/1636 1635/2/1635
f 1633/2/1633 1634/2/1634 1637/2/1637 1636/2/1636
f 1634/2/1634 1644/2/1644 1645/2/1645 1637/2/1637
f 1628/2/1628 1638/2/1638 1641/2/1641 1640/2/1640
f 1638/2/1638 1639/2/1639 1642/2/1642 1641/2/1641
f 1639/2/1639 1651/2/1651 1652/2/1652 1642/2/1642
f 1640/2/1640 1641/2/1641 1644/2/1644 1643/2/1643
f 1641/2/1641 1642/2/1642 1645/2/1645 1644/2/1644
f 1642/2/1642 1652/2/1652 1653/2/1653 1645/2/1645
f 1629/2/1629 1646/2/1646 1649/2/1649 1648/2/1648
f 1646/2/1646 1647/2/1647 1650/2/1650 1649/2/1649
f 1647/2/1647 1635/2/1635 1636/2/1636 1650/2/1650
f 1648/2/1648 1649/2/1649 1652/2/1652 1651/2/1651
f 1649/2/1649 1650/2/1650 1653/2/1653 1652/2/1652
f 1650/2/1650 1636/2/1636 1637/2/1637 1653/2/1653
f 1637/2/1637 1645/2/1645 1653/2/1653
f 1654/2/1654 1657/2/1657 1660/2/1660 1659/2/1659
f 1657/2/1657 1658/2/1658 1661/2/1661 1660/2/1660
f 1658/2/1658 1670/2/1670 1671/2/1671 1661/2/1661
f 1659/2/1659 1660/2/1660 1663/2/1663 1662/2/1662
f 1660/2/1660 1661/2/1661 1664/2/1664 1663/2/1663
f 1661/2/1661 1671/2/1671 1672/2/1672 1664/2/1664
f 1655/2/1655 1665/2/1665 1668/2/1668 1667/2/1667
f 1665/2/1665 1666/2/1666 1669/2/1669 1668/2/1668
f 1666/2/1666 1678/2/1678 1679/2/1679 1669/2/1669
f 1667/2/1667 1668/2/1668 1671/2/1671 1670/2/1670
f 1668/2/1668 1669/2/1669 1672/2/1672 1671/2/1671
f 1669/2/1669 1679/2/1679 1680/2/1680 1672/2/1672
f 1656/2/1656 1673/2/1673 1676/2/1676 1675/2/1675
f 1673/2/1673 1674/2/1674 1677/2/1677 1676/2/1676
f 1674/2/1674 1662/2/1662 1663/2/1663 1677/2/1677
f 1675/2/1675 1676/2/1676 1679/2/1679 1678/2/1678
f 1676/2/1676 1677/2/1677 1680/2/1680 1679/2/1679
f 1677/2/1677 1663/2/1663 1664/2/1664 1680/2/1680
f 1664/2/1664 1672/2/1672 1680/2/1680
f 1681/2/1681 1684/2/1684 1687/2/1687 1686/2/1686
f 1684/2/1684 1685/2/1685 1688/2/1688 1687/2/1687
f 1685/2/1685 1697/2/1697 1698/2/1698 1688/2/1688
f 1686/2/1686 1687/2/1687 1690/2/1690 1689/2/1689
f 1687/2/1687 1688/2/1688 1691/2/1691 1690/2/1690
f 1688/2/1688 1698/2/1698 1699/2/1699 1691/2/1691
f 1682/2/1682 1692/2/1692 1695/2/1695 1694/2/1694
f 1692/2/1692 1693/2/1693 1696/2/1696 1695/2/1695
f 1693/2/1693 1705/2/1705 1706/2/1706 1696/2/1696
f 1694/2/1694 1695/2/1695 1698/2/1698 1697/2/1697
f 1695/2/1695 1696/2/1696 1699/2/1699 1698/2/1698
f 1696/2/1696 1706/2/1706 1707/2/1707 1699/2/1699
f 1683/2/1683 1700/2/1700 1703/2/1703 1702/2/1702
f 1700/2/1700 1701/2/1701 1704/2/1704 1703/2/1703
f 1701/2/1701 1689/2/1689 1690/2/1690 1704/2/1704
f 1702/2/1702 1703/2/1703 1706/2/1706 1705/2/1705
f 1703/2/1703 1704/2/1704 1707/2/1707 1706/2/1706
f 1704/2/1704 1690/2/1690 1691/2/1691 1707/2/1707
f 1691/2/1691 1699/2/1699 1707/2/1707
f 1708/2/1708 1711/2/1711 1714/2/1714 1713/2/1713
f 1711/2/1711 1712/2/1712 1715/2/1715 1714/2/1714
f 1712/2/1712 1724/2/1724 1725/2/1725 1715/2/1715
f 1713/2/1713 1714/2/1714 1717/2/1717 1716/2/1716
f 1714/2/1714 1715/2/1715 1718/2/1718 1717/2/1717
f 1715/2/1715 1725/2/1725 1726/2/1726 1718/2/1718
f 1709/2/1709 1719/2/1719 1722/2/1722 1721/2/1721
f 1719/2/1719 1720/2/1720 1723/2/1723 1722/2/1722
f 1720/2/1720 1732/2/1732 1733/2/1733 1723/2/1723
f 1721/2/1721 1722/2/1722 1725/2/1725 1724/2/1724
f 1722/2/1722 1723/2/1723 1726/2/1726 1725/2/1725
f 1723/2/1723 1733/2/1733 1734/2/1734 1726/2/1726
f 1710/2/1710 1727/2/1727 1730/2/1730 1729/2/1729
f 1727/2/1727 1728/2/1728 1731/2/1731 1730/2/1730
f 1728/2/1728 1716/2/1716 1717/2/1717 1731/2/1731
f 1729/2/1729 1730/2/1730 1733/2/1733 1732/2/1732
f 1730/2/1730 1731/2/1731 1734/2/1734 1733/2/1733
f 1731/2/1731 1717/2/1717 1718/2/1718 1734/2/1734
f 1718/2/1718 1726/2/1726 1734/2/1734
f 1735/2/1735 1738/2/1738 1741/2/1741 1740/2/1740
f 1738/2/1738 1739/2/1739 1742/2/1742 1741/2/1741
f 1739/2/1739 1751/2/1751 1752/2/1752 1742/2/1742
f 1740/2/1740 1741/2/1741 1744/2/1744 1743/2/1743
f 1741/2/1741 1742/2/1742 1745/2/1745 1744/2/1744
f 1742/2/1742 1752/2/1752 1753/2/1753 1745/2/1745
f 1736/2/1736 1746/2/1746 1749/2/1749 1748/2/1748
f 1746/2/1746 1747/2/1747 1750/2/1750 1749/2/1749
f 1747/2/1747 1759/2/1759 1760/2/1760 1750/2/1750
f 1748/2/1748 1749/2/1749 1752/2/1752 1751/2/1751
f 1749/2/1749 1750/2/1750 1753/2/1753 1752/2/1752
f 1750/2/1750 1760/2/1760 1761/2/1761 1753/2/1753
f 1737/2/1737 1754/2/1754 1757/2/1757 1756/2/1756
f 1754/2/1754 1755/2/1755 1758/2/1758 1757/2/1757
f 1755/2/1755 1743/2/1743 1744/2/1744 1758/2/1758
f 1756/2/1756 1757/2/1757 1760/2/1760 1759/2/1759
f 1757/2/1757 1758/2/1758 1761/2/1761 1760/2/1760
f 1758/2/1758 1744/2/1744 1745/2/1745 1761/2/1761
f 1745/2/1745 1753/2/1753 1761/2/1761
f 1762/2/1762 1765/2/1765 1768/2/1768 1767/2/1767
f 1765/2/1765 1766/2/1766 1769/2/1769 1768/2/1768
f 1766/2/1766 1778/2/1778 1779/2/1779 1769/2/1769
f 1767/2/1767 1768/2/1768 1771/2/1771 1770/2/1770
f 1768/2/1768 1769/2/1769 1772/2/1772 1771/2/1771
f 1769/2/1769 1779/2/1779 1780/2/1780 1772/2/1772
f 1763/2/1763 1773/2/1773 1776/2/1776 1775/2/1775
f 1773/2/1773 1774/2/1774 1777/2/1777 1776/2/1776
f 1774/2/1774 1786/2/1786 1787/2/1787 1777/2/1777
f 1775/2/1775 1776/2/1776 1779/2/1779 1778/2/1778
f 1776/2/1776 1777/2/1777 1780/2/1780 1779/2/1779
f 1777/2/1777 1787/2/1787 1788/2/1788 1780/2/1780
f 1764/2/1764 1781/2/1781 1784/2/1784 1783/2/1783
f 1781/2/1781 1782/2/1782 1785/2/1785 1784/2/1784
f 1782/2/1782 1770/2/1770 1771/2/1771 1785/2/1785
f 1783/2/1783 1784/2/1784 1787/2/1787 1786/2/1786
f 1784/2/1784 1785/2/1785 1788/2/1788 1787/2/1787
f 1785/2/1785 1771/2/1771 1772/2/1772 1788/2/1788
f 1772/2/1772 1780/2/1780 1788/2/1788
f 1789/2/1789 1792/2/1792 1795/2/1795 1794/2/1794
f 1792/2/1792 1793/2/1793 1796/2/1796 1795/2/1795
f 1793/2/1793 1805/2/1805 1806/2/1806 1796/2/1796
f 1794/2/1794 1795/2/1795 1798/2/1798 1797/2/1797
f 1795/2/1795 1796/2/1796 1799/2/1799 1798/2/1798
f 1796/2/1796 1806/2/1806 1807/2/1807 1799/2/1799
f 1790/2/1790 1800/2/1800 1803/2/1803 1802/2/1802
f 1800/2/1800 1801/2/1801 1804/2/1804 1803/2/1803
f 1801/2/1801 1813/2/1813 1814/2/1814 1804/2/1804
f 1802/2/1802 1803/2/1803 1806/2/1806 1805/2/1805
f 1803/2/1803 1804/2/1804 1807/2/1807 1806/2/1806
f 1804/2/1804 1814/2/1814 1815/2/1815 1807/2/1807
f 1791/2/1791 1808/2/1808 1811/2/1811 1810/2/1810
f 1808/2/1808 1809/2/1809 1812/2/1812 1811/2/1811
f 1809/2/1809 1797/2/1797 1798/2/1798 1812/2/1812
f 1810/2/1810 1811/2/1811 1814/2/1814 1813/2/1813
f 1811/2/1811 1812/2/1812 1815/2/1815 1814/2/1814
f 1812/2/1812 1798/2/1798 1799/2/1799 1815/2/1815
f 1799/2/1799 1807/2/1807 1815/2/1815
f 1816/2/1816 1819/2/1819 1822/2/1822 1821/2/1821
f 1819/2/1819 1820/2/1820 1823/2/1823 1822/2/1822
f 1820/2/1820 1832/2/1832 1833/2/1833 1823/2/1823
f 1821/2/1821 1822/2/1822 1825/2/1825 1824/2/1824
f 1822/2/1822 1823/2/1823 1826/2/1826 1825/2/1825
f 1823/2/1823 1833/2/1833 1834/2/1834 1826/2/1826
f 1817/2/1817 1827/2/1827 1830/2/1830 1829/2/1829
f 1827/2/1827 1828/2/1828 1831/2/1831 1830/2/1830
f 1828/2/1828 1840/2/1840 1841/2/1841 1831/2/1831
f 1829/2/1829 1830/2/1830 1833/2/1833 1832/2/1832
f 1830/2/1830 1831/2/1831 1834/2/1834 1833/2/1833
f 1831/2/1831 1841/2/1841 1842/2/1842 1834/2/1834
f 1818/2/1818 1835/2/1835 1838/2/1838 1837/2/1837
f 1835/2/1835 1836/2/1836 1839/2/1839 1838/2/1838
f 1836/2/1836 1824/2/1824 1825/2/1825 1839/2/1839
f 1837/2/1837 1838/2/1838 1841/2/1841 1840/2/1840
f 1838/2/1838 1839/2/1839 1842/2/1842 1841/2/1841
f 1839/2/1839 1825/2/1825 1826/2/1826 1842/2/1842
f 1826/2/1826 1834/2/1834 1842/2/1842
f 1843/2/1843 1846/2/1846 1849/2/1849 1848/2/1848
f 1846/2/1846 1847/2/1847 1850/2/1850 1849/2/1849
f 1847/2/1847 1859/2/1859 1860/2/1860 1850/2/1850
f 1848/2/1848 1849/2/1849 1852/2/1852 1851/2/1851
f 1849/2/1849 1850/2/1850 1853/2/1853 1852/2/1852
f 1850/2/1850 1860/2/1860 1861/2/1861 1853/2/1853
f 1844/2/1844 1854/2/1854 1857/2/1857 1856/2/1856
f 1854/2/1854 1855/2/1855 1858/2/1858 1857/2/1857
f 1855/2/1855 1867/2/1867 1868/2/1868 1858/2/1858
f 1856/2/1856 1857/2/1857 1860/2/1860 1859/2/1859
f 1857/2/1857 1858/2/1858 1861/2/1861 1860/2/1860
f 1858/2/1858 1868/2/1868 1869/2/1869 1861/2/1861
f 1845/2/1845 1862/2/1862 1865/2/1865 1864/2/1864
f 1862/2/1862 1863/2/1863 1866/2/1866 1865/2/1865
f 1863/2/1863 1851/2/1851 1852/2/1852 1866/2/1866
f 1864/2/1864 1865/2/1865 1868/2/1868 1867/2/1867
f 1865/2/1865 1866/2/1866 1869/2/1869 1868/2/1868
f 1866/2/1866 1852/2/1852 1853/2/1853 1869/2/1869
f 1853/2/1853 1861/2/1861 1869/2/1869
f 1870/2/1870 1873/2/1873 1876/2/1876 1875/2/1875
f 1873/2/1873 1874/2/1874 1877/2/1877 1876/2/1876
f 1874/2/1874 1886/2/1886 1887/2/1887 1877/2/1877
f 1875/2/1875 1876/2/1876 1879/2/1879 1878/2/1878
f 1876/2/1876 1877/2/1877 1880/2/1880 1879/2/1879
f 1877/2/1877 1887/2/1887 1888/2/1888 1880/2/1880
f 1871/2/1871 1881/2/1881 1884/2/1884 1883/2/1883
f 1881/2/1881 1882/2/1882 1885/2/1885 1884/2/1884
f 1882/2/1882 1894/2/1894 1895/2/1895 1885/2/1885
f 1883/2/1883 1884/2/1884 1887/2/1887 1886/2/1886
f 1884/2/1884 1885/2/1885 1888/2/1888 1887/2/1887
f 1885/2/1885 1895/2/1895 1896/2/1896 1888/2/1888
f 1872/2/1872 1889/2/1889 1892/2/1892 1891/2/1891
f 1889/2/1889 1890/2/1890 1893/2/1893 1892/2/1892
f 1890/2/1890 1878/2/1878 1879/2/1879 1893/2/1893
f 1891/2/1891 1892/2/1892 1895/2/1895 1894/2/1894
f 1892/2/1892 1893/2/1893 1896/2/1896 1895/2/1895
f 1893/2/1893 1879/2/1879 1880/2/1880 1896/2/1896
f 1880/2/1880 1888/2/1888 1896/2/1896
f 1897/2/1897 1900/2/1900 1903/2/1903 1902/2/1902
f 1900/2/1900 1901/2/1901 1904/2/1904 1903/2/1903
f 1901/2/1901 1913/2/1913 1914/2/1914 1904/2/1904
f 1902/2/1902 1903/2/1903 1906/2/1906 1905/2/1905
f 1903/2/1903 1904/2/1904 1907/2/1907 1906/2/1906
f 1904/2/1904 1914/2/1914 1915/2/1915 1907/2/1907
f 1898/2/1898 1908/2/1908 1911/2/1911 1910/2/1910
f 1908/2/1908 1909/2/1909 1912/2/1912 1911/2/1911
f 1909/2/1909 1921/2/1921 1922/2/1922 1912/2/1912
f 1910/2/1910 1911/2/1911 1914/2/1914 1913/2/1913
f 1911/2/1911 1912/2/1912 1915/2/1915 1914/2/1914
f 1912/2/1912 1922/2/1922 1923/2/1923 1915/2/1915
f 1899/2/1899 1916/2/1916 1919/2/1919 1918/2/1918
f 1916/2/1916 1917/2/1917 1920/2/1920 1919/2/1919
f 1917/2/1917 1905/2/1905 1906/2/1906 1920/2/1920
f 1918/2/1918 1919/2/1919 1922/2/1922 1921/2/1921
f 1919/2/1919 1920/2/1920 1923/2/1923 1922/2/1922
f 1920/2/1920 1906/2/1906 1907/2/1907 1923/2/1923
f 1907/2/1907 1915/2/1915 1923/2/1923
f 1924/2/1924 1927/2/1927 1930/2/1930 1929/2/1929
f 1927/2/1927 1928/2/1928 1931/2/1931 1930/2/1930
f 1928/2/1928 1940/2/1940 1941/2/1941 1931/2/1931
f 1929/2/1929 1930/2/1930 1933/2/1933 1932/2/1932
f 1930/2/1930 1931/2/1931 1934/2/1934 1933/2/1933
f 1931/2/1931 1941/2/1941 1942/2/1942 1934/2/1934
f 1925/2/1925 1935/2/1935 1938/2/1938 1937/2/1937
f 1935/2/1935 1936/2/1936 1939/2/1939 1938/2/1938
f 1936/2/1936 1948/2/1948 1949/2/1949 1939/2/1939
f 1937/2/1937 1938/2/1938 1941/2/1941 1940/2/1940
f 1938/2/1938 1939/2/1939 1942/2/1942 1941/2/1941
f 1939/2/1939 1949/2/1949 1950/2/1950 1942/2/1942
f 1926/2/1926 1943/2/1943 1946/2/1946 1945/2/1945
f 1943/2/1943 1944/2/1944 1947/2/1947 1946/2/1946
f 1944/2/1944 1932/2/1932 1933/2/1933 1947/2/1947
f 1945/2/1945 1946/2/1946 1949/2/1949 1948/2/1948
f 1946/2/1946 1947/2/1947 1950/2/1950 1949/2/1949
f 1947/2/1947 1933/2/1933 1934/2/1934 1950/2/1950
f 1934/2/1934 1942/2/1942 1950/2/1950
f 1951/2/1951 1954/2/1954 1957/2/1957 1956/2/1956
f 1954/2/1954 1955/2/1955 1958/2/1958 1957/2/1957
f 1955/2/1955 1967/2/1967 1968/2/1968 1958/2/1958
f 1956/2/1956 1957/2/1957 1960/2/1960 1959/2/1959
f 1957/2/1957 1958/2/1958 1961/2/1961 1960/2/1960
f 1958/2/1958 1968/2/1968 1969/2/1969 1961/2/1961
f 1952/2/1952 1962/2/1962 1965/2/1965 1964/2/1964
f 1962/2/1962 1963/2/1963 1966/2/1966 1965/2/1965
f 1963/2/1963 1975/2/1975 1976/2/1976 1966/2/1966
f 1964/2/1964 1965/2/1965 1968/2/1968 1967/2/1967
f 1965/2/1965 1966/2/1966 1969/2/1969 1968/2/1968
f 1966/2/1966 1976/2/1976 1977/2/1977 1969/2/1969
f 1953/2/1953 1970/2/1970 1973/2/1973 1972/2/1972
f 1970/2/1970 1971/2/1971 1974/2/1974 1973/2/1973
f 1971/2/1971 1959/2/1959 1960/2/1960 1974/2/1974
f 1972/2/1972 1973/2/1973 1976/2/1976 1975/2/1975
f 1973/2/1973 1974/2/1974 1977/2/1977 1976/2/1976
f 1974/2/1974 1960/2/1960 1961/2/1961 1977/2/1977
f 1961/2/1961 1969/2/1969 1977/2/1977
f 1978/2/1978 1981/2/1981 1984/2/1984 1983/2/1983
f 1981/2/1981 1982/2/1982 1985/2/1985 1984/2/1984
f 1982/2/1982 1994/2/1994 1995/2/1995 1985/2/1985
f 1983/2/1983 1984/2/1984 1987/2/1987 1986/2/1986
f 1984/2/1984 1985/2/1985 1988/2/1988 1987/2/1987
f 1985/2/1985 1995/2/1995 1996/2/1996 1988/2/1988
f 1979/2/1979 1989/2/1989 1992/2/1992 1991/2/1991
f 1989/2/1989 1990/2/1990 1993/2/1993 1992/2/1992
f 1990/2/1990 2002/2/2002 2003/2/2003 1993/2/1993
f 1991/2/1991 1992/2/1992 1995/2/1995 1994/2/1994
f 1992/2/1992 1993/2/1993 1996/2/1996 1995/2/1995
f 1993/2/1993 2003/2/2003 2004/2/2004 1996/2/1996
f 1980/2/1980 1997/2/1997 2000/2/2000 1999/2/1999
f 1997/2/1997 1998/2/1998 2001/2/2001 2000/2/2000
f 1998/2/1998 1986/2/1986 1987/2/1987 2001/2/2001
f 1999/2/1999 2000/2/2000 2003/2/2003 2002/2/2002
f 2000/2/2000 2001/2/2001 2004/2/2004 2003/2/2003
f 2001/2/2001 1987/2/1987 1988/2/1988 2004/2/2004
f 1988/2/1988 1996/2/1996 2004/2/2004
f 2005/2/2005 2008/2/2008 2011/2/2011 2010/2/2010
f 2008/2/2008 2009/2/2009 2012/2/2012 2011/2/2011
f 2009/2/2009 2021/2/2021 2022/2/2022 2012/2/2012
f 2010/2/2010 2011/2/2011 2014/2/2014 2013/2/2013
f 2011/2/2011 2012/2/2012 2015/2/2015 2014/2/2014
f 2012/2/2012 2022/2/2022 2023/2/2023 2015/2/2015
f 2006/2/2006 2016/2/2016 2019/2/2019 2018/2/2018
f 2016/2/2016 2017/2/2017 2020/2/2020 2019/2/2019
f 2017/2/2017 2029/2/2029 2030/2/2030 2020/2/2020
f 2018/2/2018 2019/2/2019 2022/2/2022 2021/2/2021
f 2019/2/2019 2020/2/2020 2023/2/2023 2022/2/2022
f 2020/2/2020 2030/2/2030 2031/2/2031 2023/2/2023
f 2007/2/2007 2024/2/2024 2027/2/2027 2026/2/2026
f 2024/2/2024 2025/2/2025 2028/2/2028 2027/2/2027
f 2025/2/2025 2013/2/2013 2014/2/2014 2028/2/2028
f 2026/2/2026 2027/2/2027 2030/2/2030 2029/2/2029
f 2027/2/2027 2028/2/2028 2031/2/2031 2030/2/2030
f 2028/2/2028 2014/2/2014 2015/2/2015 2031/2/2031
f 2015/2/2015 2023/2/2023 2031/2/2031
f 2032/2/2032 2035/2/2035 2038/2/2038 2037/2/2037
f 2035/2/2035 2036/2/2036 2039/2/2039 2038/2/2038
f 2036/2/2036 2048/2/2048 2049/2/2049 2039/2/2039
f 2037/2/2037 2038/2/2038 2041/2/2041 2040/2/2040
f 2038/2/2038 2039/2/2039 2042/2/2042 2041/2/2041
f 2039/2/2039 2049/2/2049 2050/2/2050 2042/2/2042
f 2033/2/2033 2043/2/2043 2046/2/2046 2045/2/2045
f 2043/2/2043 2044/2/2044 2047/2/2047 2046/2/2046
f 2044/2/2044 2056/2/2056 2057/2/2057 2047/2/2047
f 2045/2/2045 2046/2/2046 2049/2/2049 2048/2/2048
f 2046/2/2046 2047/2/2047 2050/2/2050 2049/2/2049
f 2047/2/2047 2057/2/2057 2058/2/2058 2050/2/2050
f 2034/2/2034 2051/2/2051 2054/2/2054 2053/2/2053
f 2051/2/2051 2052/2/2052 2055/2/2055 2054/2/2054
f 2052/2/2052 2040/2/2040 2041/2/2041 2055/2/2055
f 2053/2/2053 2054/2/2054 2057/2/2057 2056/2/2056
f 2054/2/2054 2055/2/2055 2058/2/2058 2057/2/2057
f 2055/2/2055 2041/2/2041 2042/2/2042 2058/2/2058
f 2042/2/2042 2050/2/2050 2058/2/2058
f 2059/2/2059 2062/2/2062 2065/2/2065 2064/2/2064
f 2062/2/2062 2063/2/2063 2066/2/2066 2065/2/2065
f 2063/2/2063 2075/2/2075 2076/2/2076 2066/2/2066
f 2064/2/2064 2065/2/2065 2068/2/2068 2067/2/2067
f 2065/2/2065 2066/2/2066 2069/2/2069 2068/2/2068
f 2066/2/2066 2076/2/2076 2077/2/2077 2069/2/2069
f 2060/2/2060 2070/2/2070 2073/2/2073 2072/2/2072
f 2070/2/2070 2071/2/2071 2074/2/2074 2073/2/2073
f 2071/2/2071 2083/2/2083 2084/2/2084 2074/2/2074
f 2072/2/2072 2073/2/2073 2076/2/2076 2075/2/2075
f 2073/2/2073 2074/2/2074 2077/2/2077 2076/2/2076
f 2074/2/2074 2084/2/2084 2085/2/2085 2077/2/2077
f 2061/2/2061 2078/2/2078 2081/2/2081 2080/2/2080
f 2078/2/2078 2079/2/2079 2082/2/2082 2081/2/2081
f 2079/2/2079 2067/2/2067 2068/2/2068 2082/2/2082
f 2080/2/2080 2081/2/2081 2084/2/2084 2083/2/2083
f 2081/2/2081 2082/2/2082 2085/2/2085 2084/2/2084
f 2082/2/2082 2068/2/2068 2069/2/2069 2085/2/2085
f 2069/2/2069 2077/2/2077 2085/2/2085
f 2086/2/2086 2089/2/2089 2092/2/2092 2091/2/2091
f 2089/2/2089 2090/2/2090 2093/2/2093 2092/2/2092
f 2090/2/2090 2102/2/2102 2103/2/2103 2093/2/2093
f 2091/2/2091 2092/2/2092 2095/2/2095 2094/2/2094
f 2092/2/2092 2093/2/2093 2096/2/2096 2095/2/2095
f 2093/2/2093 2103/2/2103 2104/2/2104 2096/2/2096
f 2087/2/2087 2097/2/2097 2100/2/2100 2099/2/2099
f 2097/2/2097 2098/2/2098 2101/2/2101 2100/2/2100
f 2098/2/2098 2110/2/2110 2111/2/2111 2101/2/2101
f 2099/2/2099 2100/2/2100 2103/2/2103 2102/2/2102
f 2100/2/2100 2101/2/2101 2104/2/2104 2103/2/2103
f 2101/2/2101 2111/2/2111 2112/2/2112 2104/2/2104
f 2088/2/2088 2105/2/2105 2108/2/2108 2107/2/2107
f 2105/2/2105 2106/2/2106 2109/2/2109 2108/2/2108
f 2106/2/2106 2094/2/2094 2095/2/2095 2109/2/2109
f 2107/2/2107 2108/2/2108 2111/2/2111 2110/2/2110
f 2108/2/2108 2109/2/2109 2112/2/2112 2111/2/2111
f 2109/2/2109 2095/2/2095 2096/2/2096 2112/2/2112
f 2096/2/2096 2104/2/2104 2112/2/2112
f 2113/2/2113 2116/2/2116 2119/2/2119 2118/2/2118
f 2116/2/2116 2117/2/2117 2120/2/2120 2119/2/2119
f 2117/2/2117 2129/2/2129 2130/2/2130 2120/2/2120
f 2118/2/2118 2119/2/2119 2122/2/2122 2121/2/2121
f 2119/2/2119 2120/2/2120 2123/2/2123 2122/2/2122
f 2120/2/2120 2130/2/2130 2131/2/2131 2123/2/2123
f 2114/2/2114 2124/2/2124 2127/2/2127 2126/2/2126
f 2124/2/2124 2125/2/2125 2128/2/2128 2127/2/2127
f 2125/2/2125 2137/2/2137 2138/2/2138 2128/2/2128
f 2126/2/2126 2127/2/2127 2130/2/2130 2129/2/2129
f 2127/2/2127 2128/2/2128 2131/2/2131 2130/2/2130
f 2128/2/2128 2138/2/2138 2139/2/2139 2131/2/2131
f 2115/2/2115 2132/2/2132 2135/2/2135 2134/2/2134
f 2132/2/2132 2133/2/2133 2136/2/2136 2135/2/2135
f 2133/2/2133 2121/2/2121 2122/2/2122 2136/2/2136
f 2134/2/2134 2135/2/2135 2138/2/2138 2137/2/2137
f 2135/2/2135 2136/2/2136 2139/2/2139 2138/2/2138
f 2136/2/2136 2122/2/2122 2123/2/2123 2139/2/2139
f 2123/2/2123 2131/2/2131 2139/2/2139
f 2140/2/2140 2143/2/2143 2146/2/2146 2145/2/2145
f 2143/2/2143 2144/2/2144 2147/2/2147 2146/2/2146
f 2144/2/2144 2156/2/2156 2157/2/2157 2147/2/2147
f 2145/2/2145 2146/2/2146 2149/2/2149 2148/2/2148
f 2146/2/2146 2147/2/2147 2150/2/2150 2149/2/2149
f 2147/2/2147 2157/2/2157 2158/2/2158 2150/2/2150
f 2141/2/2141 2151/2/2151 2154/2/2154 2153/2/2153
f 2151/2/2151 2152/2/2152 2155/2/2155 2154/2/2154
f 2152/2/2152 2164/2/2164 2165/2/2165 2155/2/2155
f 2153/2/2153 2154/2/2154 2157/2/2157 2156/2/2156
f 2154/2/2154 2155/2/2155 2158/2/2158 2157/2/2157
f 2155/2/2155 2165/2/2165 2166/2/2166 2158/2/2158
f 2142/2/2142 2159/2/2159 2162/2/2162 2161/2/2161
f 2159/2/2159 2160/2/2160 2163/2/2163 2162/2/2162
f 2160/2/2160 2148/2/2148 2149/2/2149 2163/2/2163
f 2161/2/2161 2162/2/2162 2165/2/2165 2164/2/2164
f 2162/2/2162 2163/2/2163 2166/2/2166 2165/2/2165
f 2163/2/2163 2149/2/2149 2150/2/2150 2166/2/2166
f 2150/2/2150 2158/2/2158 2166/2/2166
f 2167/2/2167 2170/2/2170 2173/2/2173 2172/2/2172
f 2170/2/2170 2171/2/2171 2174/2/2174 2173/2/2173
f 2171/2/2171 2183/2/2183 2184/2/2184 2174/2/2174
f 2172/2/2172 2173/2/2173 2176/2/2176 2175/2/2175
f 2173/2/2173 2174/2/2174 2177/2/2177 2176/2/2176
f 2174/2/2174 2184/2/2184 2185/2/2185 2177/2/2177
f 2168/2/2168 2178/2/2178 2181/2/2181 2180/2/2180
f 2178/2/2178 2179/2/2179 2182/2/2182 2181/2/2181
f 2179/2/2179 2191/2/2191 2192/2/2192 2182/2/2182
f 2180/2/2180 2181/2/2181 2184/2/2184 2183/2/2183
f 2181/2/2181 2182/2/2182 2185/2/2185 2184/2/2184
f 2182/2/2182 2192/2/2192 2193/2/2193 2185/2/2185
f 2169/2/2169 2186/2/2186 2189/2/2189 2188/2/2188
f 2186/2/2186 2187/2/2187 2190/2/2190 2189/2/2189
f 2187/2/2187 2175/2/2175 2176/2/2176 2190/2/2190
f 2188/2/2188 2189/2/2189 2192/2/2192 2191/2/2191
f 2189/2/2189 2190/2/2190 2193/2/2193 2192/2/2192
f 2190/2/2190 2176/2/2176 2177/2/2177 2193/2/2193
f 2177/2/2177 2185/2/2185 2193/2/2193
f 2194/2/2194 2197/2/2197 2200/2/2200 2199/2/2199
f 2197/2/2197 2198/2/2198 2201/2/2201 2200/2/2200
f 2198/2/2198 2210/2/2210 2211/2/2211 2201/2/2201
f 2199/2/2199 2200/2/2200 2203/2/2203 2202/2/2202
f 2200/2/2200 2201/2/2201 2204/2/2204 2203/2/2203
f 2201/2/2201 2211/2/2211 2212/2/2212 2204/2/2204
f 2195/2/2195 2205/2/2205 2208/2/2208 2207/2/2207
f 2205/2/2205 2206/2/2206 2209/2/2209 2208/2/2208
f 2206/2/2206 2218/2/2218 2219/2/2219 2209/2/2209
f 2207/2/2207 2208/2/2208 2211/2/2211 2210/2/2210
f 2208/2/2208 2209/2/2209 2212/2/2212 2211/2/2211
f 2209/2/2209 2219/2/2219 2220/2/2220 2212/2/2212
f 2196/2/2196 2213/2/2213 2216/2/2216 2215/2/2215
f 2213/2/2213 2214/2/2214 2217/2/2217 2216/2/2216
f 2214/2/2214 2202/2/2202 2203/2/2203 2217/2/2217
f 2215/2/2215 2216/2/2216 2219/2/2219 2218/2/2218
f 2216/2/2216 2217/2/2217 2220/2/2220 2219/2/2219
f 2217/2/2217 2203/2/2203 2204/2/2204 2220/2/2220
f 2204/2/2204 2212/2/2212 2220/2/2220
f 2221/2/2221 2224/2/2224 2227/2/2227 2226/2/2226
f 2224/2/2224 2225/2/2225 2228/2/2228 2227/2/2227
f 2225/2/2225 2237/2/2237 2238/2/2238 2228/2/2228
f 2226/2/2226 2227/2/2227 2230/2/2230 2229/2/2229
f 2227/2/2227 2228/2/2228 2231/2/2231 2230/2/2230
f 2228/2/2228 2238/2/2238 2239/2/2239 2231/2/2231
f 2222/2/2222 2232/2/2232 2235/2/2235 2234/2/2234
f 2232/2/2232 2233/2/2233 2236/2/2236 2235/2/2235
f 2233/2/2233 2245/2/2245 2246/2/2246 2236/2/2236
f 2234/2/2234 2235/2/2235 2238/2/2238 2237/2/2237
f 2235/2/2235 2236/2/2236 2239/2/2239 2238/2/2238
f 2236/2/2236 2246/2/2246 2247/2/2247 2239/2/2239
f 2223/2/2223 2240/2/2240 2243/2/2243 2242/2/2242
f 2240/2/2240 2241/2/2241 2244/2/2244 2243/2/2243
f 2241/2/2241 2229/2/2229 2230/2/2230 2244/2/2244
f 2242/2/2242 2243/2/2243 2246/2/2246 2245/2/2245
f 2243/2/2243 2244/2/2244 2247/2/2247 2246/2/2246
f 2244/2/2244 2230/2/2230 2231/2/2231 2247/2/2247
f 2231/2/2231 2239/2/2239 2247/2/2247
f 2248/2/2248 2251/2/2251 2254/2/2254 2253/2/2253
f 2251/2/2251 2252/2/2252 2255/2/2255 2254/2/2254
f 2252/2/2252 2264/2/2264 2265/2/2265 2255/2/2255
f 2253/2/2253 2254/2/2254 2257/2/2257 2256/2/2256
f 2254/2/2254 2255/2/2255 2258/2/2258 2257/2/2257
f 2255/2/2255 2265/2/2265 2266/2/2266 2258/2/2258
f 2249/2/2249 2259/2/2259 2262/2/2262 2261/2/2261
f 2259/2/2259 2260/2/2260 2263/2/2263 2262/2/2262
f 2260/2/2260 2272/2/2272 2273/2/2273 2263/2/2263
f 2261/2/2261 2262/2/2262 2265/2/2265 2264/2/2264
f 2262/2/2262 2263/2/2263 2266/2/2266 2265/2/2265
f 2263/2/2263 2273/2/2273 2274/2/2274 2266/2/2266
f 2250/2/2250 2267/2/2267 2270/2/2270 2269/2/2269
f 2267/2/2267 2268/2/2268 2271/2/2271 2270/2/2270
f 2268/2/2268 2256/2/2256 2257/2/2257 2271/2/2271
f 2269/2/2269 2270/2/2270 2273/2/2273 2272/2/2272
f 2270/2/2270 2271/2/2271 2274/2/2274 2273/2/2273
f 2271/2/2271 2257/2/2257 2258/2/2258 2274/2/2274
f 2258/2/2258 2266/2/2266 2274/2/2274
f 2275/2/2275 2278/2/2278 2281/2/2281 2280/2/2280
f 2278/2/2278 2279/2/2279 2282/2/2282 2281/2/2281
f 2279/2/2279 2291/2/2291 2292/2/2292 2282/2/2282
f 2280/2/2280 2281/2/2281 2284/2/2284 2283/2/2283
f 2281/2/2281 2282/2/2282 2285/2/2285 2284/2/2284
f 2282/2/2282 2292/2/2292 2293/2/2293 2285/2/2285
f 2276/2/2276 2286/2/2286 2289/2/2289 2288/2/2288
f 2286/2/2286 2287/2/2287 2290/2/2290 2289/2/2289
f 2287/2/2287 2299/2/2299 2300/2/2300 2290/2/2290
f 2288/2/2288 2289/2/2289 2292/2/2292 2291/2/2291
f 2289/2/2289 2290/2/2290 2293/2/2293 2292/2/2292
f 2290/2/2290 2300/2/2300 2301/2/2301 2293/2/2293
f 2277/2/2277 2294/2/2294 2297/2/2297 2296/2/2296
f 2294/2/2294 2295/2/2295 2298/2/2298 2297/2/2297
f 2295/2/2295 2283/2/2283 2284/2/2284 2298/2/2298
f 2296/2/2296 2297/2/2297 2300/2/2300 2299/2/2299
f 2297/2/2297 2298/2/2298 2301/2/2301 2300/2/2300
f 2298/2/2298 2284/2/2284 2285/2/2285 2301/2/2301
f 2285/2/2285 2293/2/2293 2301/2/2301
f 2302/2/2302 2305/2/2305 2308/2/2308 2307/2/2307
f 2305/2/2305 2306/2/2306 2309/2/2309 2308/2/2308
f 2306/2/2306 2318/2/2318 2319/2/2319 2309/2/2309
f 2307/2/2307 2308/2/2308 2311/2/2311 2310/2/2310
f 2308/2/2308 2309/2/2309 2312/2/2312 2311/2/2311
f 2309/2/2309 2319/2/2319 2320/2/2320 2312/2/2312
f 2303/2/2303 2313/2/2313 2316/2/2316 2315/2/2315
f 2313/2/2313 2314/2/2314 2317/2/2317 2316/2/2316
f 2314/2/2314 2326/2/2326 2327/2/2327 2317/2/2317
f 2315/2/2315 2316/2/2316 2319/2/2319 2318/2/2318
f 2316/2/2316 2317/2/2317 2320/2/2320 2319/2/2319
f 2317/2/2317 2327/2/2327 2328/2/2328 2320/2/2320
f 2304/2/2304 2321/2/2321 2324/2/2324 2323/2/2323
f 2321/2/2321 2322/2/2322 2325/2/2325 2324/2/2324
f 2322/2/2322 2310/2/2310 2311/2/2311 2325/2/2325
f 2323/2/2323 2324/2/2324 2327/2/2327 2326/2/2326
f 2324/2/2324 2325/2/2325 2328/2/2328 2327/2/2327
f 2325/2/2325 2311/2/2311 2312/2/2312 2328/2/2328
f 2312/2/2312 2320/2/2320 2328/2/2328
f 2329/2/2329 2332/2/2332 2335/2/2335 2334/2/2334
f 2332/2/2332 2333/2/2333 2336/2/2336 2335/2/2335
f 2333/2/2333 2345/2/2345 2346/2/2346 2336/2/2336
f 2334/2/2334 2335/2/2335 2338/2/2338 2337/2/2337
f 2335/2/2335 2336/2/2336 2339/2/2339 2338/2/2338
f 2336/2/2336 2346/2/2346 2347/2/2347 2339/2/2339
f 2330/2/2330 2340/2/2340 2343/2/2343 2342/2/2342
f 2340/2/2340 2341/2/2341 2344/2/2344 2343/2/2343
f 2341/2/2341 2353/2/2353 2354/2/2354 2344/2/2344
f 2342/2/2342 2343/2/2343 2346/2/2346 2345/2/2345
f 2343/2/2343 2344/2/2344 2347/2/2347 2346/2/2346
f 2344/2/2344 2354/2/2354 2355/2/2355 2347/2/2347
f 2331/2/2331 2348/2/2348 2351/2/2351 2350/2/2350
f 2348/2/2348 2349/2/2349 2352/2/2352 2351/2/2351
f 2349/2/2349 2337/2/2337 2338/2/2338 2352/2/2352
f 2350/2/2350 2351/2/2351 2354/2/2354 2353/2/2353
f 2351/2/2351 2352/2/2352 2355/2/2355 2354/2/2354
f 2352/2/2352 2338/2/2338 2339/2/2339 2355/2/2355
f 2339/2/2339 2347/2/2347 2355/2/2355
f 2356/2/2356 2359/2/2359 2362/2/2362 2361/2/2361
f 2359/2/2359 2360/2/2360 2363/2/2363 2362/2/2362
f 2360/2/2360 2372/2/2372 2373/2/2373 2363/2/2363
f 2361/2/2361 2362/2/2362 2365/2/2365 2364/2/2364
f 2362/2/2362 2363/2/2363 2366/2/2366 2365/2/2365
f 2363/2/2363 2373/2/2373 2374/2/2374 2366/2/2366
f 2357/2/2357 2367/2/2367 2370/2/2370 2369/2/2369
f 2367/2/2367 2368/2/2368 2371/2/2371 2370/2/2370
f 2368/2/2368 2380/2/2380 2381/2/2381 2371/2/2371
f 2369/2/2369 2370/2/2370 2373/2/2373 2372/2/2372
f 2370/2/2370 2371/2/2371 2374/2/2374 2373/2/2373
f 2371/2/2371 2381/2/2381 2382/2/2382 2374/2/2374
f 2358/2/2358 2375/2/2375 2378/2/2378 2377/2/2377
f 2375/2/2375 2376/2/2376 2379/2/2379 2378/2/2378
f 2376/2/2376 2364/2/2364 2365/2/2365 2379/2/2379
f 2377/2/2377 2378/2/2378 2381/2/2381 2380/2/2380
f 2378/2/2378 2379/2/2379 2382/2/2382 2381/2/2381
f 2379/2/2379 2365/2/2365 2366/2/2366 2382/2/2382
f 2366/2/2366 2374/2/2374 2382/2/2382
f 2383/2/2383 2386/2/2386 2389/2/2389 2388/2/2388
f 2386/2/2386 2387/2/2387 2390/2/2390 2389/2/2389
f 2387/2/2387 2399/2/2399 2400/2/2400 2390/2/2390
f 2388/2/2388 2389/2/2389 2392/2/2392 2391/2/2391
f 2389/2/2389 2390/2/2390 2393/2/2393 2392/2/2392
f 2390/2/2390 2400/2/2400 2401/2/2401 2393/2/2393
f 2384/2/2384 2394/2/2394 2397/2/2397 2396/2/2396
f 2394/2/2394 2395/2/2395 2398/2/2398 2397/2/2397
f 2395/2/2395 2407/2/2407 2408/2/2408 2398/2/2398
f 2396/2/2396 2397/2/2397 2400/2/2400 2399/2/2399
f 2397/2/2397 2398/2/2398 2401/2/2401 2400/2/2400
f 2398/2/2398 2408/2/2408 2409/2/2409 2401/2/2401
f 2385/2/2385 2402/2/2402 2405/2/2405 2404/2/2404
f 2402/2/2402 2403/2/2403 2406/2/2406 2405/2/2405
f 2403/2/2403 2391/2/2391 2392/2/2392 2406/2/2406
f 2404/2/2404 2405/2/2405 2408/2/2408 2407/2/2407
f 2405/2/2405 2406/2/2406 2409/2/2409 2408/2/2408
f 2406/2/2406 2392/2/2392 2393/2/2393 2409/2/2409
f 2393/2/2393 2401/2/2401 2409/2/2409
f 2410/2/2410 2413/2/2413 2416/2/2416 2415/2/2415
f 2413/2/2413 2414/2/2414 2417/2/2417 2416/2/2416
f 2414/2/2414 2426/2/2426 2427/2/2427 2417/2/2417
f 2415/2/2415 2416/2/2416 2419/2/2419 2418/2/2418
f 2416/2/2416 2417/2/2417 2420/2/2420 2419/2/2419
f 2417/2/2417 2427/2/2427 2428/2/2428 2420/2/2420
f 2411/2/2411 2421/2/2421 2424/2/2424 2423/2/2423
f 2421/2/2421 2422/2/2422 2425/2/2425 2424/2/2424
f 2422/2/2422 2434/2/2434 2435/2/2435 2425/2/2425
f 2423/2/2423 2424/2/2424 2427/2/2427 2426/2/2426
f 2424/2/2424 2425/2/2425 2428/2/2428 2427/2/2427
f 2425/2/2425 2435/2/2435 2436/2/2436 2428/2/2428
f 2412/2/2412 2429/2/2429 2432/2/2432 2431/2/2431
f 2429/2/2429 2430/2/2430 2433/2/2433 2432/2/2432
f 2430/2/2430 2418/2/2418 2419/2/2419 2433/2/2433
f 2431/2/2431 2432/2/2432 2435/2/2435 2434/2/2434
f 2432/2/2432 2433/2/2433 2436/2/2436 2435/2/2435
f 2433/2/2433 2419/2/2419 2420/2/2420 2436/2/2436
f 2420/2/2420 2428/2/2428 2436/2/2436
f 2437/2/2437 2440/2/2440 2443/2/2443 2442/2/2442
f 2440/2/2440 2441/2/2441 2444/2/2444 2443/2/2443
f 2441/2/2441 2453/2/2453 2454/2/2454 2444/2/2444
f 2442/2/2442 2443/2/2443 2446/2/2446 2445/2/2445
f 2443/2/2443 2444/2/2444 2447/2/2447 2446/2/2446
f 2444/2/2444 2454/2/2454 2455/2/2455 2447/2/2447
f 2438/2/2438 2448/2/2448 2451/2/2451 2450/2/2450
f 2448/2/2448 2449/2/2449 2452/2/2452 2451/2/2451
f 2449/2/2449 2461/2/2461 2462/2/2462 2452/2/2452
f 2450/2/2450 2451/2/2451 2454/2/2454 2453/2/2453
f 2451/2/2451 2452/2/2452 2455/2/2455 2454/2/2454
f 2452/2/2452 2462/2/2462 2463/2/2463 2455/2/2455
f 2439/2/2439 2456/2/2456 2459/2/2459 2458/2/2458
f 2456/2/2456 2457/2/2457 2460/2/2460 2459/2/2459
f 2457/2/2457 2445/2/2445 2446/2/2446 2460/2/2460
f 2458/2/2458 2459/2/2459 2462/2/2462 2461/2/2461
f 2459/2/2459 2460/2/2460 2463/2/2463 2462/2/2462
f 2460/2/2460 2446/2/2446 2447/2/2447 2463/2/2463
f 2447/2/2447 2455/2/2455 2463/2/2463
f 2464/2/2464 2467/2/2467 2470/2/2470 2469/2/2469
f 2467/2/2467 2468/2/2468 2471/2/2471 2470/2/2470
f 2468/2/2468 2480/2/2480 2481/2/2481 2471/2/2471
f 2469/2/2469 2470/2/2470 2473/2/2473 2472/2/2472
f 2470/2/2470 2471/2/2471 2474/2/2474 2473/2/2473
f 2471/2/2471 2481/2/2481 2482/2/2482 2474/2/2474
f 2465/2/2465 2475/2/2475 2478/2/2478 2477/2/2477
f 2475/2/2475 2476/2/2476 2479/2/2479 2478/2/2478
f 2476/2/2476 2488/2/2488 2489/2/2489 2479/2/2479
f 2477/2/2477 2478/2/2478 2481/2/2481 2480/2/2480
f 2478/2/2478 2479/2/2479 2482/2/2482 2481/2/2481
f 2479/2/2479 2489/2/2489 2490/2/2490 2482/2/2482
f 2466/2/2466 2483/2/2483 2486/2/2486 2485/2/2485
f 2483/2/2483 2484/2/2484 2487/2/2487 2486/2/2486
f 2484/2/2484 2472/2/2472 2473/2/2473 2487/2/2487
f 2485/2/2485 2486/2/2486 2489/2/2489 2488/2/2488
f 2486/2/2486 2487/2/2487 2490/2/2490 2489/2/2489
f 2487/2/2487 2473/2/2473 2474/2/2474 2490/2/2490
f 2474/2/2474 2482/2/2482 2490/2/2490
f 2491/2/2491 2494/2/2494 2497/2/2497 2496/2/2496
f 2494/2/2494 2495/2/2495 2498/2/2498 2497/2/2497
f 2495/2/2495 2507/2/2507 2508/2/2508 2498/2/2498
f 2496/2/2496 2497/2/2497 2500/2/2500 2499/2/2499
f 2497/2/2497 2498/2/2498 2501/2/2501 2500/2/2500
f 2498/2/2498 2508/2/2508 2509/2/2509 2501/2/2501
f 2492/2/2492 2502/2/2502 2505/2/2505 2504/2/2504
f 2502/2/2502 2503/2/2503 2506/2/2506 2505/2/2505
f 2503/2/2503 2515/2/2515 2516/2/2516 2506/2/2506
f 2504/2/2504 2505/2/2505 2508/2/2508 2507/2/2507
f 2505/2/2505 2506/2/2506 2509/2/2509 2508/2/2508
f 2506/2/2506 2516/2/2516 2517/2/2517 2509/2/2509
f 2493/2/2493 2510/2/2510 2513/2/2513 2512/2/2512
f 2510/2/2510 2511/2/2511 2514/2/2514 2513/2/2513
f 2511/2/2511 2499/2/2499 2500/2/2500 2514/2/2514
f 2512/2/2512 2513/2/2513 2516/2/2516 2515/2/2515
f 2513/2/2513 2514/2/2514 2517/2/2517 2516/2/2516
f 2514/2/2514 2500/2/2500 2501/2/2501 2517/2/2517
f 2501/2/2501 2509/2/2509 2517/2/2517
f 2518/2/2518 2521/2/2521 2524/2/2524 2523/2/2523
f 2521/2/2521 2522/2/2522 2525/2/2525 2524/2/2524
f 2522/2/2522 2534/2/2534 2535/2/2535 2525/2/2525
f 2523/2/2523 2524/2/2524 2527/2/2527 2526/2/2526
f 2524/2/2524 2525/2/2525 2528/2/2528 2527/2/2527
f 2525/2/2525 2535/2/2535 2536/2/2536 2528/2/2528
f 2519/2/2519 2529/2/2529 2532/2/2532 2531/2/2531
f 2529/2/2529 2530/2/2530 2533/2/2533 2532/2/2532
f 2530/2/2530 2542/2/2542 2543/2/2543 2533/2/2533
f 2531/2/2531 2532/2/2532 2535/2/2535 2534/2/2534
f 2532/2/2532 2533/2/2533 2536/2/2536 2535/2/2535
f 2533/2/2533 2543/2/2543 2544/2/2544 2536/2/2536
f 2520/2/2520 2537/2/2537 2540/2/2540 2539/2/2539
f 2537/2/2537 2538/2/2538 2541/2/2541 2540/2/2540
f 2538/2/2538 2526/2/2526 2527/2/2527 2541/2/2541
f 2539/2/2539 2540/2/2540 2543/2/2543 2542/2/2542
f 2540/2/2540 2541/2/2541 2544/2/2544 2543/2/2543
f 2541/2/2541 2527/2/2527 2528/2/2528 2544/2/2544
f 2528/2/2528 2536/2/2536 2544/2/2544
f 2545/2/2545 2548/2/2548 2551/2/2551 2550/2/2550
f 2548/2/2548 2549/2/2549 2552/2/2552 2551/2/2551
f 2549/2/2549 2561/2/2561 2562/2/2562 2552/2/2552
f 2550/2/2550 2551/2/2551 2554/2/2554 2553/2/2553
f 2551/2/2551 2552/2/2552 2555/2/2555 2554/2/2554
f 2552/2/2552 2562/2/2562 2563/2/2563 2555/2/2555
f 2546/2/2546 2556/2/2556 2559/2/2559 2558/2/2558
f 2556/2/2556 2557/2/2557 2560/2/2560 2559/2/2559
f 2557/2/2557 2569/2/2569 2570/2/2570 2560/2/2560
f 2558/2/2558 2559/2/2559 2562/2/2562 2561/2/2561
f 2559/2/2559 2560/2/2560 2563/2/2563 2562/2/2562
f 2560/2/2560 2570/2/2570 2571/2/2571 2563/2/2563
f 2547/2/2547 2564/2/2564 2567/2/2567 2566/2/2566
f 2564/2/2564 2565/2/2565 2568/2/2568 2567/2/2567
f 2565/2/2565 2553/2/2553 2554/2/2554 2568/2/2568
f 2566/2/2566 2567/2/2567 2570/2/2570 2569/2/2569
f 2567/2/2567 2568/2/2568 2571/2/2571 2570/2/2570
f 2568/2/2568 2554/2/2554 2555/2/2555 2571/2/2571
f 2555/2/2555 2563/2/2563 2571/2/2571
f 787/2/787 1058/2/1058 1070/2/1070 812/2/812
f 812/2/812 1070/2/1070 1073/2/1073 813/2/813
f 813/2/813 1073/2/1073 1061/2/1061 793/2/793
f 793/2/793 1061/2/1061 1060/2/1060 790/2/790
f 790/2/790 1060/2/1060 1057/2/1057 784/2/784
f 678/2/678 1004/2/1004 1016/2/1016 695/2/695
f 695/2/695 1016/2/1016 1019/2/1019 696/2/696
f 696/2/696 1019/2/1019 1007/2/1007 684/2/684
f 684/2/684 1007/2/1007 1006/2/1006 681/2/681
f 681/2/681 1006/2/1006 1003/2/1003 676/2/676
f 1140/2/1140 1112/2/1112 1124/2/1124 1157/2/1157
f 1157/2/1157 1124/2/1124 1127/2/1127 1158/2/1158
f 1158/2/1158 1127/2/1127 1115/2/1115 1146/2/1146
f 1146/2/1146 1115/2/1115 1114/2/1114 1143/2/1143
f 1143/2/1143 1114/2/1114 1111/2/1111 1138/2/1138
f 732/2/732 704/2/704 716/2/716 749/2/749
f 749/2/749 716/2/716 719/2/719 750/2/750
f 750/2/750 719/2/719 707/2/707 738/2/738
f 738/2/738 707/2/707 706/2/706 735/2/735
f 735/2/735 706/2/706 703/2/703 730/2/730
f 759/2/759 820/2/820 822/2/822 776/2/776
f 776/2/776 822/2/822 823/2/823 777/2/777
f 777/2/777 823/2/823 824/2/824 765/2/765
f 765/2/765 824/2/824 825/2/825 762/2/762
f 762/2/762 825/2/825 821/2/821 757/2/757
f 978/2/978 732/2/732 751/2/751 995/2/995
f 995/2/995 751/2/751 754/2/754 996/2/996
f 996/2/996 754/2/754 742/2/742 984/2/984
f 984/2/984 742/2/742 741/2/741 981/2/981
f 981/2/981 741/2/741 731/2/731 976/2/976
f 1032/2/1032 678/2/678 697/2/697 1049/2/1049
f 1049/2/1049 697/2/697 700/2/700 1050/2/1050
f 1050/2/1050 700/2/700 688/2/688 1038/2/1038
f 1038/2/1038 688/2/688 687/2/687 1035/2/1035
f 1035/2/1035 687/2/687 677/2/677 1030/2/1030
f 1086/2/1086 759/2/759 778/2/778 1103/2/1103
f 1103/2/1103 778/2/778 781/2/781 1104/2/1104
f 1104/2/1104 781/2/781 769/2/769 1092/2/1092
f 1092/2/1092 769/2/769 768/2/768 1089/2/1089
f 1089/2/1089 768/2/768 758/2/758 1084/2/1084
f 943/2/943 787/2/787 814/2/814 968/2/968
f 968/2/968 814/2/814 817/2/817 969/2/969
f 969/2/969 817/2/817 805/2/805 949/2/949
f 949/2/949 805/2/805 804/2/804 946/2/946
f 946/2/946 804/2/804 786/2/786 940/2/940
f 704/2/704 1166/2/1166 1178/2/1178 714/2/714
f 714/2/714 1178/2/1178 1181/2/1181 715/2/715
f 715/2/715 1181/2/1181 1169/2/1169 727/2/727
f 727/2/727 1169/2/1169 1168/2/1168 724/2/724
f 724/2/724 1168/2/1168 1165/2/1165 705/2/705
f 942/2/942 880/2/880 885/2/885 960/2/960
f 960/2/960 885/2/885 888/2/888 961/2/961
f 961/2/961 888/2/888 900/2/900 973/2/973
f 973/2/973 900/2/900 899/2/899 970/2/970
f 970/2/970 899/2/899 882/2/882 943/2/943
f 826/2/826 913/2/913 918/2/918 829/2/829
f 829/2/829 918/2/918 921/2/921 830/2/830
f 830/2/830 921/2/921 933/2/933 842/2/842
f 842/2/842 933/2/933 932/2/932 839/2/839
f 839/2/839 932/2/932 915/2/915 827/2/827
f 1085/2/1085 907/2/907 909/2/909 1095/2/1095
f 1095/2/1095 909/2/909 910/2/910 1096/2/1096
f 1096/2/1096 910/2/910 911/2/911 1108/2/1108
f 1108/2/1108 911/2/911 912/2/912 1105/2/1105
f 1105/2/1105 912/2/912 908/2/908 1086/2/1086
f 1031/2/1031 853/2/853 858/2/858 1041/2/1041
f 1041/2/1041 858/2/858 861/2/861 1042/2/1042
f 1042/2/1042 861/2/861 873/2/873 1054/2/1054
f 1054/2/1054 873/2/873 872/2/872 1051/2/1051
f 1051/2/1051 872/2/872 855/2/855 1032/2/1032
f 977/2/977 1167/2/1167 1186/2/1186 987/2/987
f 987/2/987 1186/2/1186 1189/2/1189 988/2/988
f 988/2/988 1189/2/1189 1177/2/1177 1000/2/1000
f 1000/2/1000 1177/2/1177 1176/2/1176 997/2/997
f 997/2/997 1176/2/1176 1166/2/1166 978/2/978
f 854/2/854 1005/2/1005 1024/2/1024 864/2/864
f 864/2/864 1024/2/1024 1027/2/1027 865/2/865
f 865/2/865 1027/2/1027 1015/2/1015 877/2/877
f 877/2/877 1015/2/1015 1014/2/1014 874/2/874
f 874/2/874 1014/2/1014 1004/2/1004 855/2/855
f 881/2/881 1059/2/1059 1078/2/1078 891/2/891
f 891/2/891 1078/2/1078 1081/2/1081 892/2/892
f 892/2/892 1081/2/1081 1069/2/1069 904/2/904
f 904/2/904 1069/2/1069 1068/2/1068 901/2/901
f 901/2/901 1068/2/1068 1058/2/1058 882/2/882
f 914/2/914 1113/2/1113 1132/2/1132 924/2/924
f 924/2/924 1132/2/1132 1135/2/1135 925/2/925
f 925/2/925 1135/2/1135 1123/2/1123 937/2/937
f 937/2/937 1123/2/1123 1122/2/1122 934/2/934
f 934/2/934 1122/2/1122 1112/2/1112 915/2/915
f 1139/2/1139 828/2/828 847/2/847 1149/2/1149
f 1149/2/1149 847/2/847 850/2/850 1150/2/1150
f 1150/2/1150 850/2/850 838/2/838 1162/2/1162
f 1162/2/1162 838/2/838 837/2/837 1159/2/1159
f 1159/2/1159 837/2/837 827/2/827 1140/2/1140
f 1192/2/1192 1228/2/1228 1233/2/1233 1196/2/1196
f 1196/2/1196 1233/2/1233 1236/2/1236 1197/2/1197
f 1197/2/1197 1236/2/1236 1248/2/1248 1209/2/1209
f 1209/2/1209 1248/2/1248 1247/2/1247 1206/2/1206
f 1206/2/1206 1247/2/1247 1230/2/1230 1193/2/1193
f 1255/2/1255 1282/2/1282 1287/2/1287 1258/2/1258
f 1258/2/1258 1287/2/1287 1290/2/1290 1259/2/1259
f 1259/2/1259 1290/2/1290 1302/2/1302 1271/2/1271
f 1271/2/1271 1302/2/1302 1301/2/1301 1268/2/1268
f 1268/2/1268 1301/2/1301 1284/2/1284 1256/2/1256
f 1309/2/1309 1336/2/1336 1341/2/1341 1312/2/1312
f 1312/2/1312 1341/2/1341 1344/2/1344 1313/2/1313
f 1313/2/1313 1344/2/1344 1356/2/1356 1325/2/1325
f 1325/2/1325 1356/2/1356 1355/2/1355 1322/2/1322
f 1322/2/1322 1355/2/1355 1338/2/1338 1310/2/1310
f 1363/2/1363 1390/2/1390 1395/2/1395 1366/2/1366
f 1366/2/1366 1395/2/1395 1398/2/1398 1367/2/1367
f 1367/2/1367 1398/2/1398 1410/2/1410 1379/2/1379
f 1379/2/1379 1410/2/1410 1409/2/1409 1376/2/1376
f 1376/2/1376 1409/2/1409 1392/2/1392 1364/2/1364
f 1417/2/1417 1444/2/1444 1446/2/1446 1420/2/1420
f 1420/2/1420 1446/2/1446 1447/2/1447 1421/2/1421
f 1421/2/1421 1447/2/1447 1448/2/1448 1433/2/1433
f 1433/2/1433 1448/2/1448 1449/2/1449 1430/2/1430
f 1430/2/1430 1449/2/1449 1445/2/1445 1418/2/1418
f 1450/2/1450 1365/2/1365 1384/2/1384 1453/2/1453
f 1453/2/1453 1384/2/1384 1387/2/1387 1454/2/1454
f 1454/2/1454 1387/2/1387 1375/2/1375 1466/2/1466
f 1466/2/1466 1375/2/1375 1374/2/1374 1463/2/1463
f 1463/2/1463 1374/2/1374 1364/2/1364 1451/2/1451
f 1477/2/1477 1257/2/1257 1276/2/1276 1480/2/1480
f 1480/2/1480 1276/2/1276 1279/2/1279 1481/2/1481
f 1481/2/1481 1279/2/1279 1267/2/1267 1493/2/1493
f 1493/2/1493 1267/2/1267 1266/2/1266 1490/2/1490
f 1490/2/1490 1266/2/1266 1256/2/1256 1478/2/1478
f 1504/2/1504 1419/2/1419 1438/2/1438 1507/2/1507
f 1507/2/1507 1438/2/1438 1441/2/1441 1508/2/1508
f 1508/2/1508 1441/2/1441 1429/2/1429 1520/2/1520
f 1520/2/1520 1429/2/1429 1428/2/1428 1517/2/1517
f 1517/2/1517 1428/2/1428 1418/2/1418 1505/2/1505
f 1531/2/1531 1194/2/1194 1214/2/1214 1535/2/1535
f 1535/2/1535 1214/2/1214 1217/2/1217 1536/2/1536
f 1536/2/1536 1217/2/1217 1205/2/1205 1548/2/1548
f 1548/2/1548 1205/2/1205 1204/2/1204 1545/2/1545
f 1545/2/1545 1204/2/1204 1193/2/1193 1532/2/1532
f 1391/2/1391 1567/2/1567 1572/2/1572 1401/2/1401
f 1401/2/1401 1572/2/1572 1575/2/1575 1402/2/1402
f 1402/2/1402 1575/2/1575 1587/2/1587 1414/2/1414
f 1414/2/1414 1587/2/1587 1586/2/1586 1411/2/1411
f 1411/2/1411 1586/2/1586 1569/2/1569 1392/2/1392
f 1532/2/1532 1601/2/1601 1613/2/1613 1543/2/1543
f 1543/2/1543 1613/2/1613 1616/2/1616 1544/2/1544
f 1544/2/1544 1616/2/1616 1604/2/1604 1556/2/1556
f 1556/2/1556 1604/2/1604 1603/2/1603 1553/2/1553
f 1553/2/1553 1603/2/1603 1600/2/1600 1533/2/1533
f 1629/2/1629 1655/2/1655 1667/2/1667 1646/2/1646
f 1646/2/1646 1667/2/1667 1670/2/1670 1647/2/1647
f 1647/2/1647 1670/2/1670 1658/2/1658 1635/2/1635
f 1635/2/1635 1658/2/1658 1657/2/1657 1632/2/1632
f 1632/2/1632 1657/2/1657 1654/2/1654 1627/2/1627
f 1505/2/1505 1594/2/1594 1596/2/1596 1515/2/1515
f 1515/2/1515 1596/2/1596 1597/2/1597 1516/2/1516
f 1516/2/1516 1597/2/1597 1598/2/1598 1528/2/1528
f 1528/2/1528 1598/2/1598 1599/2/1599 1525/2/1525
f 1525/2/1525 1599/2/1599 1595/2/1595 1506/2/1506
f 1478/2/1478 1682/2/1682 1694/2/1694 1488/2/1488
f 1488/2/1488 1694/2/1694 1697/2/1697 1489/2/1489
f 1489/2/1489 1697/2/1697 1685/2/1685 1501/2/1501
f 1501/2/1501 1685/2/1685 1684/2/1684 1498/2/1498
f 1498/2/1498 1684/2/1684 1681/2/1681 1479/2/1479
f 1451/2/1451 1569/2/1569 1588/2/1588 1461/2/1461
f 1461/2/1461 1588/2/1588 1591/2/1591 1462/2/1462
f 1462/2/1462 1591/2/1591 1579/2/1579 1474/2/1474
f 1474/2/1474 1579/2/1579 1578/2/1578 1471/2/1471
f 1471/2/1471 1578/2/1578 1568/2/1568 1452/2/1452
f 1682/2/1682 1284/2/1284 1303/2/1303 1692/2/1692
f 1692/2/1692 1303/2/1303 1306/2/1306 1693/2/1693
f 1693/2/1693 1306/2/1306 1294/2/1294 1705/2/1705
f 1705/2/1705 1294/2/1294 1293/2/1293 1702/2/1702
f 1702/2/1702 1293/2/1293 1283/2/1283 1683/2/1683
f 1601/2/1601 1230/2/1230 1249/2/1249 1611/2/1611
f 1611/2/1611 1249/2/1249 1252/2/1252 1612/2/1612
f 1612/2/1612 1252/2/1252 1240/2/1240 1624/2/1624
f 1624/2/1624 1240/2/1240 1239/2/1239 1621/2/1621
f 1621/2/1621 1239/2/1239 1229/2/1229 1602/2/1602
f 1655/2/1655 1338/2/1338 1357/2/1357 1665/2/1665
f 1665/2/1665 1357/2/1357 1360/2/1360 1666/2/1666
f 1666/2/1666 1360/2/1360 1348/2/1348 1678/2/1678
f 1678/2/1678 1348/2/1348 1347/2/1347 1675/2/1675
f 1675/2/1675 1347/2/1347 1337/2/1337 1656/2/1656
f 1310/2/1310 1629/2/1629 1648/2/1648 1320/2/1320
f 1320/2/1320 1648/2/1648 1651/2/1651 1321/2/1321
f 1321/2/1321 1651/2/1651 1639/2/1639 1333/2/1333
f 1333/2/1333 1639/2/1639 1638/2/1638 1330/2/1330
f 1330/2/1330 1638/2/1638 1628/2/1628 1311/2/1311
f 880/2/880 1600/2/1600 1605/2/1605 883/2/883
f 883/2/883 1605/2/1605 1608/2/1608 884/2/884
f 884/2/884 1608/2/1608 1620/2/1620 896/2/896
f 896/2/896 1620/2/1620 1619/2/1619 893/2/893
f 893/2/893 1619/2/1619 1602/2/1602 881/2/881
f 1228/2/1228 1057/2/1057 1062/2/1062 1231/2/1231
f 1231/2/1231 1062/2/1062 1065/2/1065 1232/2/1232
f 1232/2/1232 1065/2/1065 1077/2/1077 1244/2/1244
f 1244/2/1244 1077/2/1077 1076/2/1076 1241/2/1241
f 1241/2/1241 1076/2/1076 1059/2/1059 1229/2/1229
f 705/2/705 1391/2/1391 1403/2/1403 722/2/722
f 722/2/722 1403/2/1403 1406/2/1406 723/2/723
f 723/2/723 1406/2/1406 1394/2/1394 711/2/711
f 711/2/711 1394/2/1394 1393/2/1393 708/2/708
f 708/2/708 1393/2/1393 1390/2/1390 703/2/703
f 1365/2/1365 731/2/731 743/2/743 1382/2/1382
f 1382/2/1382 743/2/743 746/2/746 1383/2/1383
f 1383/2/1383 746/2/746 734/2/734 1371/2/1371
f 1371/2/1371 734/2/734 733/2/733 1368/2/1368
f 1368/2/1368 733/2/733 730/2/730 1363/2/1363
f 913/2/913 1654/2/1654 1659/2/1659 916/2/916
f 916/2/916 1659/2/1659 1662/2/1662 917/2/917
f 917/2/917 1662/2/1662 1674/2/1674 929/2/929
f 929/2/929 1674/2/1674 1673/2/1673 926/2/926
f 926/2/926 1673/2/1673 1656/2/1656 914/2/914
f 1336/2/1336 1111/2/1111 1116/2/1116 1339/2/1339
f 1339/2/1339 1116/2/1116 1119/2/1119 1340/2/1340
f 1340/2/1340 1119/2/1119 1131/2/1131 1352/2/1352
f 1352/2/1352 1131/2/1131 1130/2/1130 1349/2/1349
f 1349/2/1349 1130/2/1130 1113/2/1113 1337/2/1337
f 941/2/941 1534/2/1534 1561/2/1561 952/2/952
f 952/2/952 1561/2/1561 1564/2/1564 953/2/953
f 953/2/953 1564/2/1564 1552/2/1552 965/2/965
f 965/2/965 1552/2/1552 1551/2/1551 962/2/962
f 962/2/962 1551/2/1551 1533/2/1533 942/2/942
f 1419/2/1419 758/2/758 770/2/770 1436/2/1436
f 1436/2/1436 770/2/770 773/2/773 1437/2/1437
f 1437/2/1437 773/2/773 761/2/761 1425/2/1425
f 1425/2/1425 761/2/761 760/2/760 1422/2/1422
f 1422/2/1422 760/2/760 757/2/757 1417/2/1417
f 1138/2/1138 1309/2/1309 1314/2/1314 1141/2/1141
f 1141/2/1141 1314/2/1314 1317/2/1317 1142/2/1142
f 1142/2/1142 1317/2/1317 1329/2/1329 1154/2/1154
f 1154/2/1154 1329/2/1329 1328/2/1328 1151/2/1151
f 1151/2/1151 1328/2/1328 1311/2/1311 1139/2/1139
f 1627/2/1627 826/2/826 831/2/831 1630/2/1630
f 1630/2/1630 831/2/831 834/2/834 1631/2/1631
f 1631/2/1631 834/2/834 846/2/846 1643/2/1643
f 1643/2/1643 846/2/846 845/2/845 1640/2/1640
f 1640/2/1640 845/2/845 828/2/828 1628/2/1628
f 1452/2/1452 977/2/977 989/2/989 1469/2/1469
f 1469/2/1469 989/2/989 992/2/992 1470/2/1470
f 1470/2/1470 992/2/992 980/2/980 1458/2/1458
f 1458/2/1458 980/2/980 979/2/979 1455/2/1455
f 1455/2/1455 979/2/979 976/2/976 1450/2/1450
f 1084/2/1084 1504/2/1504 1509/2/1509 1087/2/1087
f 1087/2/1087 1509/2/1509 1512/2/1512 1088/2/1088
f 1088/2/1088 1512/2/1512 1524/2/1524 1100/2/1100
f 1100/2/1100 1524/2/1524 1523/2/1523 1097/2/1097
f 1097/2/1097 1523/2/1523 1506/2/1506 1085/2/1085
f 676/2/676 1255/2/1255 1260/2/1260 679/2/679
f 679/2/679 1260/2/1260 1263/2/1263 680/2/680
f 680/2/680 1263/2/1263 1275/2/1275 692/2/692
f 692/2/692 1275/2/1275 1274/2/1274 689/2/689
f 689/2/689 1274/2/1274 1257/2/1257 677/2/677
f 1479/2/1479 1031/2/1031 1043/2/1043 1496/2/1496
f 1496/2/1496 1043/2/1043 1046/2/1046 1497/2/1497
f 1497/2/1497 1046/2/1046 1034/2/1034 1485/2/1485
f 1485/2/1485 1034/2/1034 1033/2/1033 1482/2/1482
f 1482/2/1482 1033/2/1033 1030/2/1030 1477/2/1477
f 1683/2/1683 854/2/854 866/2/866 1700/2/1700
f 1700/2/1700 866/2/866 869/2/869 1701/2/1701
f 1701/2/1701 869/2/869 857/2/857 1689/2/1689
f 1689/2/1689 857/2/857 856/2/856 1686/2/1686
f 1686/2/1686 856/2/856 853/2/853 1681/2/1681
f 1195/2/1195 785/2/785 798/2/798 1220/2/1220
f 1220/2/1220 798/2/798 801/2/801 1221/2/1221
f 1221/2/1221 801/2/801 789/2/789 1201/2/1201
f 1201/2/1201 789/2/789 788/2/788 1198/2/1198
f 1198/2/1198 788/2/788 784/2/784 1192/2/1192
f 1567/2/1567 1165/2/1165 1170/2/1170 1570/2/1570
f 1570/2/1570 1170/2/1170 1173/2/1173 1571/2/1571
f 1571/2/1571 1173/2/1173 1185/2/1185 1583/2/1583
f 1583/2/1583 1185/2/1185 1184/2/1184 1580/2/1580
f 1580/2/1580 1184/2/1184 1167/2/1167 1568/2/1568
f 1005/2/1005 1283/2/1283 1295/2/1295 1022/2/1022
f 1022/2/1022 1295/2/1295 1298/2/1298 1023/2/1023
f 1023/2/1023 1298/2/1298 1286/2/1286 1011/2/1011
f 1011/2/1011 1286/2/1286 1285/2/1285 1008/2/1008
f 1008/2/1008 1285/2/1285 1282/2/1282 1003/2/1003
f 785/2/785 2005/2/2005 2010/2/2010 796/2/796
f 796/2/796 2010/2/2010 2013/2/2013 797/2/797
f 797/2/797 2013/2/2013 2025/2/2025 809/2/809
f 809/2/809 2025/2/2025 2024/2/2024 806/2/806
f 806/2/806 2024/2/2024 2007/2/2007 786/2/786
f 1708/2/1708 1951/2/1951 1956/2/1956 1711/2/1711
f 1711/2/1711 1956/2/1956 1959/2/1959 1712/2/1712
f 1712/2/1712 1959/2/1959 1971/2/1971 1724/2/1724
f 1724/2/1724 1971/2/1971 1970/2/1970 1721/2/1721
f 1721/2/1721 1970/2/1970 1953/2/1953 1709/2/1709
f 2086/2/2086 2059/2/2059 2064/2/2064 2089/2/2089
f 2089/2/2089 2064/2/2064 2067/2/2067 2090/2/2090
f 2090/2/2090 2067/2/2067 2079/2/2079 2102/2/2102
f 2102/2/2102 2079/2/2079 2078/2/2078 2099/2/2099
f 2099/2/2099 2078/2/2078 2061/2/2061 2087/2/2087
f 1762/2/1762 1735/2/1735 1740/2/1740 1765/2/1765
f 1765/2/1765 1740/2/1740 1743/2/1743 1766/2/1766
f 1766/2/1766 1743/2/1743 1755/2/1755 1778/2/1778
f 1778/2/1778 1755/2/1755 1754/2/1754 1775/2/1775
f 1775/2/1775 1754/2/1754 1737/2/1737 1763/2/1763
f 1789/2/1789 821/2/821 825/2/825 1792/2/1792
f 1792/2/1792 825/2/825 824/2/824 1793/2/1793
f 1793/2/1793 824/2/824 823/2/823 1805/2/1805
f 1805/2/1805 823/2/823 822/2/822 1802/2/1802
f 1802/2/1802 822/2/822 820/2/820 1790/2/1790
f 1924/2/1924 1764/2/1764 1783/2/1783 1927/2/1927
f 1927/2/1927 1783/2/1783 1786/2/1786 1928/2/1928
f 1928/2/1928 1786/2/1786 1774/2/1774 1940/2/1940
f 1940/2/1940 1774/2/1774 1773/2/1773 1937/2/1937
f 1937/2/1937 1773/2/1773 1763/2/1763 1925/2/1925
f 1978/2/1978 1710/2/1710 1729/2/1729 1981/2/1981
f 1981/2/1981 1729/2/1729 1732/2/1732 1982/2/1982
f 1982/2/1982 1732/2/1732 1720/2/1720 1994/2/1994
f 1994/2/1994 1720/2/1720 1719/2/1719 1991/2/1991
f 1991/2/1991 1719/2/1719 1709/2/1709 1979/2/1979
f 2032/2/2032 1791/2/1791 1810/2/1810 2035/2/2035
f 2035/2/2035 1810/2/1810 1813/2/1813 2036/2/2036
f 2036/2/2036 1813/2/1813 1801/2/1801 2048/2/2048
f 2048/2/2048 1801/2/1801 1800/2/1800 2045/2/2045
f 2045/2/2045 1800/2/1800 1790/2/1790 2033/2/2033
f 1736/2/1736 2113/2/2113 2118/2/2118 1746/2/1746
f 1746/2/1746 2118/2/2118 2121/2/2121 1747/2/1747
f 1747/2/1747 2121/2/2121 2133/2/2133 1759/2/1759
f 1759/2/1759 2133/2/2133 2132/2/2132 1756/2/1756
f 1756/2/1756 2132/2/2132 2115/2/2115 1737/2/1737
f 940/2/940 1871/2/1871 1883/2/1883 944/2/944
f 944/2/944 1883/2/1883 1886/2/1886 945/2/945
f 945/2/945 1886/2/1886 1874/2/1874 957/2/957
f 957/2/957 1874/2/1874 1873/2/1873 954/2/954
f 954/2/954 1873/2/1873 1870/2/1870 941/2/941
f 1818/2/1818 1898/2/1898 1910/2/1910 1835/2/1835
f 1835/2/1835 1910/2/1910 1913/2/1913 1836/2/1836
f 1836/2/1836 1913/2/1913 1901/2/1901 1824/2/1824
f 1824/2/1824 1901/2/1901 1900/2/1900 1821/2/1821
f 1821/2/1821 1900/2/1900 1897/2/1897 1816/2/1816
f 2033/2/2033 908/2/908 912/2/912 2043/2/2043
f 2043/2/2043 912/2/912 911/2/911 2044/2/2044
f 2044/2/2044 911/2/911 910/2/910 2056/2/2056
f 2056/2/2056 910/2/910 909/2/909 2053/2/2053
f 2053/2/2053 909/2/909 907/2/907 2034/2/2034
f 1979/2/1979 1844/2/1844 1856/2/1856 1989/2/1989
f 1989/2/1989 1856/2/1856 1859/2/1859 1990/2/1990
f 1990/2/1990 1859/2/1859 1847/2/1847 2002/2/2002
f 2002/2/2002 1847/2/1847 1846/2/1846 1999/2/1999
f 1999/2/1999 1846/2/1846 1843/2/1843 1980/2/1980
f 1925/2/1925 2115/2/2115 2134/2/2134 1935/2/1935
f 1935/2/1935 2134/2/2134 2137/2/2137 1936/2/1936
f 1936/2/1936 2137/2/2137 2125/2/2125 1948/2/1948
f 1948/2/1948 2125/2/2125 2124/2/2124 1945/2/1945
f 1945/2/1945 2124/2/2124 2114/2/2114 1926/2/1926
f 1844/2/1844 1953/2/1953 1972/2/1972 1854/2/1854
f 1854/2/1854 1972/2/1972 1975/2/1975 1855/2/1855
f 1855/2/1855 1975/2/1975 1963/2/1963 1867/2/1867
f 1867/2/1867 1963/2/1963 1962/2/1962 1864/2/1864
f 1864/2/1864 1962/2/1962 1952/2/1952 1845/2/1845
f 1871/2/1871 2007/2/2007 2026/2/2026 1881/2/1881
f 1881/2/1881 2026/2/2026 2029/2/2029 1882/2/1882
f 1882/2/1882 2029/2/2029 2017/2/2017 1894/2/1894
f 1894/2/1894 2017/2/2017 2016/2/2016 1891/2/1891
f 1891/2/1891 2016/2/2016 2006/2/2006 1872/2/1872
f 1898/2/1898 2061/2/2061 2080/2/2080 1908/2/1908
f 1908/2/1908 2080/2/2080 2083/2/2083 1909/2/1909
f 1909/2/1909 2083/2/2083 2071/2/2071 1921/2/1921
f 1921/2/1921 2071/2/2071 2070/2/2070 1918/2/1918
f 1918/2/1918 2070/2/2070 2060/2/2060 1899/2/1899
f 2087/2/2087 1818/2/1818 1837/2/1837 2097/2/2097
f 2097/2/2097 1837/2/1837 1840/2/1840 2098/2/2098
f 2098/2/2098 1840/2/1840 1828/2/1828 2110/2/2110
f 2110/2/2110 1828/2/1828 1827/2/1827 2107/2/2107
f 2107/2/2107 1827/2/1827 1817/2/1817 2088/2/2088
f 1194/2/1194 2141/2/2141 2153/2/2153 1212/2/1212
f 1212/2/1212 2153/2/2153 2156/2/2156 1213/2/1213
f 1213/2/1213 2156/2/2156 2144/2/2144 1225/2/1225
f 1225/2/1225 2144/2/2144 2143/2/2143 1222/2/1222
f 1222/2/1222 2143/2/2143 2140/2/2140 1195/2/1195
f 2169/2/2169 2195/2/2195 2207/2/2207 2186/2/2186
f 2186/2/2186 2207/2/2207 2210/2/2210 2187/2/2187
f 2187/2/2187 2210/2/2210 2198/2/2198 2175/2/2175
f 2175/2/2175 2198/2/2198 2197/2/2197 2172/2/2172
f 2172/2/2172 2197/2/2197 2194/2/2194 2167/2/2167
f 2223/2/2223 2249/2/2249 2261/2/2261 2240/2/2240
f 2240/2/2240 2261/2/2261 2264/2/2264 2241/2/2241
f 2241/2/2241 2264/2/2264 2252/2/2252 2229/2/2229
f 2229/2/2229 2252/2/2252 2251/2/2251 2226/2/2226
f 2226/2/2226 2251/2/2251 2248/2/2248 2221/2/2221
f 2277/2/2277 2303/2/2303 2315/2/2315 2294/2/2294
f 2294/2/2294 2315/2/2315 2318/2/2318 2295/2/2295
f 2295/2/2295 2318/2/2318 2306/2/2306 2283/2/2283
f 2283/2/2283 2306/2/2306 2305/2/2305 2280/2/2280
f 2280/2/2280 2305/2/2305 2302/2/2302 2275/2/2275
f 2331/2/2331 1445/2/1445 1449/2/1449 2348/2/2348
f 2348/2/2348 1449/2/1449 1448/2/1448 2349/2/2349
f 2349/2/2349 1448/2/1448 1447/2/1447 2337/2/2337
f 2337/2/2337 1447/2/1447 1446/2/1446 2334/2/2334
f 2334/2/2334 1446/2/1446 1444/2/1444 2329/2/2329
f 2358/2/2358 2277/2/2277 2296/2/2296 2375/2/2375
f 2375/2/2375 2296/2/2296 2299/2/2299 2376/2/2376
f 2376/2/2376 2299/2/2299 2287/2/2287 2364/2/2364
f 2364/2/2364 2287/2/2287 2286/2/2286 2361/2/2361
f 2361/2/2361 2286/2/2286 2276/2/2276 2356/2/2356
f 2385/2/2385 2169/2/2169 2188/2/2188 2402/2/2402
f 2402/2/2402 2188/2/2188 2191/2/2191 2403/2/2403
f 2403/2/2403 2191/2/2191 2179/2/2179 2391/2/2391
f 2391/2/2391 2179/2/2179 2178/2/2178 2388/2/2388
f 2388/2/2388 2178/2/2178 2168/2/2168 2383/2/2383
f 2412/2/2412 2331/2/2331 2350/2/2350 2429/2/2429
f 2429/2/2429 2350/2/2350 2353/2/2353 2430/2/2430
f 2430/2/2430 2353/2/2353 2341/2/2341 2418/2/2418
f 2418/2/2418 2341/2/2341 2340/2/2340 2415/2/2415
f 2415/2/2415 2340/2/2340 2330/2/2330 2410/2/2410
f 2303/2/2303 2438/2/2438 2450/2/2450 2313/2/2313
f 2313/2/2313 2450/2/2450 2453/2/2453 2314/2/2314
f 2314/2/2314 2453/2/2453 2441/2/2441 2326/2/2326
f 2326/2/2326 2441/2/2441 2440/2/2440 2323/2/2323
f 2323/2/2323 2440/2/2440 2437/2/2437 2304/2/2304
f 1534/2/1534 2464/2/2464 2469/2/2469 1559/2/1559
f 1559/2/1559 2469/2/2469 2472/2/2472 1560/2/1560
f 1560/2/1560 2472/2/2472 2484/2/2484 1540/2/1540
f 1540/2/1540 2484/2/2484 2483/2/2483 1537/2/1537
f 1537/2/1537 2483/2/2483 2466/2/2466 1531/2/1531
f 2491/2/2491 2518/2/2518 2523/2/2523 2494/2/2494
f 2494/2/2494 2523/2/2523 2526/2/2526 2495/2/2495
f 2495/2/2495 2526/2/2526 2538/2/2538 2507/2/2507
f 2507/2/2507 2538/2/2538 2537/2/2537 2504/2/2504
f 2504/2/2504 2537/2/2537 2520/2/2520 2492/2/2492
f 2411/2/2411 1595/2/1595 1599/2/1599 2421/2/2421
f 2421/2/2421 1599/2/1599 1598/2/1598 2422/2/2422
f 2422/2/2422 1598/2/1598 1597/2/1597 2434/2/2434
f 2434/2/2434 1597/2/1597 1596/2/1596 2431/2/2431
f 2431/2/2431 1596/2/1596 1594/2/1594 2412/2/2412
f 2384/2/2384 2545/2/2545 2550/2/2550 2394/2/2394
f 2394/2/2394 2550/2/2550 2553/2/2553 2395/2/2395
f 2395/2/2395 2553/2/2553 2565/2/2565 2407/2/2407
f 2407/2/2407 2565/2/2565 2564/2/2564 2404/2/2404
f 2404/2/2404 2564/2/2564 2547/2/2547 2385/2/2385
f 2357/2/2357 2439/2/2439 2458/2/2458 2367/2/2367
f 2367/2/2367 2458/2/2458 2461/2/2461 2368/2/2368
f 2368/2/2368 2461/2/2461 2449/2/2449 2380/2/2380
f 2380/2/2380 2449/2/2449 2448/2/2448 2377/2/2377
f 2377/2/2377 2448/2/2448 2438/2/2438 2358/2/2358
f 2546/2/2546 2196/2/2196 2215/2/2215 2556/2/2556
f 2556/2/2556 2215/2/2215 2218/2/2218 2557/2/2557
f 2557/2/2557 2218/2/2218 2206/2/2206 2569/2/2569
f 2569/2/2569 2206/2/2206 2205/2/2205 2566/2/2566
f 2566/2/2566 2205/2/2205 2195/2/2195 2547/2/2547
f 2465/2/2465 2142/2/2142 2161/2/2161 2475/2/2475
f 2475/2/2475 2161/2/2161 2164/2/2164 2476/2/2476
f 2476/2/2476 2164/2/2164 2152/2/2152 2488/2/2488
f 2488/2/2488 2152/2/2152 2151/2/2151 2485/2/2485
f 2485/2/2485 2151/2/2151 2141/2/2141 2466/2/2466
f 2519/2/2519 2250/2/2250 2269/2/2269 2529/2/2529
f 2529/2/2529 2269/2/2269 2272/2/2272 2530/2/2530
f 2530/2/2530 2272/2/2272 2260/2/2260 2542/2/2542
f 2542/2/2542 2260/2/2260 2259/2/2259 2539/2/2539
f 2539/2/2539 2259/2/2259 2249/2/2249 2520/2/2520
f 2222/2/2222 2493/2/2493 2512/2/2512 2232/2/2232
f 2232/2/2232 2512/2/2512 2515/2/2515 2233/2/2233
f 2233/2/2233 2515/2/2515 2503/2/2503 2245/2/2245
f 2245/2/2245 2503/2/2503 2502/2/2502 2242/2/2242
f 2242/2/2242 2502/2/2502 2492/2/2492 2223/2/2223
f 1872/2/1872 2465/2/2465 2477/2/2477 1889/2/1889
f 1889/2/1889 2477/2/2477 2480/2/2480 1890/2/1890
f 1890/2/1890 2480/2/2480 2468/2/2468 1878/2/1878
f 1878/2/1878 2468/2/2468 2467/2/2467 1875/2/1875
f 1875/2/1875 2467/2/2467 2464/2/2464 1870/2/1870
f 2142/2/2142 2006/2/2006 2018/2/2018 2159/2/2159
f 2159/2/2159 2018/2/2018 2021/2/2021 2160/2/2160
f 2160/2/2160 2021/2/2021 2009/2/2009 2148/2/2148
f 2148/2/2148 2009/2/2009 2008/2/2008 2145/2/2145
f 2145/2/2145 2008/2/2008 2005/2/2005 2140/2/2140
f 1735/2/1735 2302/2/2302 2307/2/2307 1738/2/1738
f 1738/2/1738 2307/2/2307 2310/2/2310 1739/2/1739
f 1739/2/1739 2310/2/2310 2322/2/2322 1751/2/1751
f 1751/2/1751 2322/2/2322 2321/2/2321 1748/2/1748
f 1748/2/1748 2321/2/2321 2304/2/2304 1736/2/1736
f 2275/2/2275 1762/2/1762 1767/2/1767 2278/2/2278
f 2278/2/2278 1767/2/1767 1770/2/1770 2279/2/2279
f 2279/2/2279 1770/2/1770 1782/2/1782 2291/2/2291
f 2291/2/2291 1782/2/1782 1781/2/1781 2288/2/2288
f 2288/2/2288 1781/2/1781 1764/2/1764 2276/2/2276
f 1899/2/1899 2519/2/2519 2531/2/2531 1916/2/1916
f 1916/2/1916 2531/2/2531 2534/2/2534 1917/2/1917
f 1917/2/1917 2534/2/2534 2522/2/2522 1905/2/1905
f 1905/2/1905 2522/2/2522 2521/2/2521 1902/2/1902
f 1902/2/1902 2521/2/2521 2518/2/2518 1897/2/1897
f 2250/2/2250 2060/2/2060 2072/2/2072 2267/2/2267
f 2267/2/2267 2072/2/2072 2075/2/2075 2268/2/2268
f 2268/2/2268 2075/2/2075 2063/2/2063 2256/2/2256
f 2256/2/2256 2063/2/2063 2062/2/2062 2253/2/2253
f 2253/2/2253 2062/2/2062 2059/2/2059 2248/2/2248
f 2329/2/2329 1789/2/1789 1794/2/1794 2332/2/2332
f 2332/2/2332 1794/2/1794 1797/2/1797 2333/2/2333
f 2333/2/2333 1797/2/1797 1809/2/1809 2345/2/2345
f 2345/2/2345 1809/2/1809 1808/2/1808 2342/2/2342
f 2342/2/2342 1808/2/1808 1791/2/1791 2330/2/2330
f 2088/2/2088 2222/2/2222 2234/2/2234 2105/2/2105
f 2105/2/2105 2234/2/2234 2237/2/2237 2106/2/2106
f 2106/2/2106 2237/2/2237 2225/2/2225 2094/2/2094
f 2094/2/2094 2225/2/2225 2224/2/2224 2091/2/2091
f 2091/2/2091 2224/2/2224 2221/2/2221 2086/2/2086
f 2493/2/2493 1817/2/1817 1829/2/1829 2510/2/2510
f 2510/2/2510 1829/2/1829 1832/2/1832 2511/2/2511
f 2511/2/2511 1832/2/1832 1820/2/1820 2499/2/2499
f 2499/2/2499 1820/2/1820 1819/2/1819 2496/2/2496
f 2496/2/2496 1819/2/1819 1816/2/1816 2491/2/2491
f 2356/2/2356 1924/2/1924 1929/2/1929 2359/2/2359
f 2359/2/2359 1929/2/1929 1932/2/1932 2360/2/2360
f 2360/2/2360 1932/2/1932 1944/2/1944 2372/2/2372
f 2372/2/2372 1944/2/1944 1943/2/1943 2369/2/2369
f 2369/2/2369 1943/2/1943 1926/2/1926 2357/2/2357
f 2034/2/2034 2411/2/2411 2423/2/2423 2051/2/2051
f 2051/2/2051 2423/2/2423 2426/2/2426 2052/2/2052
f 2052/2/2052 2426/2/2426 2414/2/2414 2040/2/2040
f 2040/2/2040 2414/2/2414 2413/2/2413 2037/2/2037
f 2037/2/2037 2413/2/2413 2410/2/2410 2032/2/2032
f 1710/2/1710 2168/2/2168 2180/2/2180 1727/2/1727
f 1727/2/1727 2180/2/2180 2183/2/2183 1728/2/1728
f 1728/2/1728 2183/2/2183 2171/2/2171 1716/2/1716
f 1716/2/1716 2171/2/2171 2170/2/2170 1713/2/1713
f 1713/2/1713 2170/2/2170 2167/2/2167 1708/2/1708
f 2383/2/2383 1978/2/1978 1983/2/1983 2386/2/2386
f 2386/2/2386 1983/2/1983 1986/2/1986 2387/2/2387
f 2387/2/2387 1986/2/1986 1998/2/1998 2399/2/2399
f 2399/2/2399 1998/2/1998 1997/2/1997 2396/2/2396
f 2396/2/2396 1997/2/1997 1980/2/1980 2384/2/2384
f 2545/2/2545 1843/2/1843 1848/2/1848 2548/2/2548
f 2548/2/2548 1848/2/1848 1851/2/1851 2549/2/2549
f 2549/2/2549 1851/2/1851 1863/2/1863 2561/2/2561
f 2561/2/2561 1863/2/1863 1862/2/1862 2558/2/2558
f 2558/2/2558 1862/2/1862 1845/2/1845 2546/2/2546
f 2439/2/2439 2114/2/2114 2126/2/2126 2456/2/2456
f 2456/2/2456 2126/2/2126 2129/2/2129 2457/2/2457
f 2457/2/2457 2129/2/2129 2117/2/2117 2445/2/2445
f 2445/2/2445 2117/2/2117 2116/2/2116 2442/2/2442
f 2442/2/2442 2116/2/2116 2113/2/2113 2437/2/2437
f 1951/2/1951 2194/2/2194 2199/2/2199 1954/2/1954
f 1954/2/1954 2199/2/2199 2202/2/2202 1955/2/1955
f 1955/2/1955 2202/2/2202 2214/2/2214 1967/2/1967
f 1967/2/1967 2214/2/2214 2213/2/2213 1964/2/1964
f 1964/2/1964 2213/2/2213 2196/2/2196 1952/2/1952
f 676/2/676 1003/2/1003 1282/2/1282 1255/2/1255
f 855/2/855 1004/2/1004 678/2/678 1032/2/1032
f 1030/2/1030 677/2/677 1257/2/1257 1477/2/1477
f 730/2/730 703/2/703 1390/2/1390 1363/2/1363
f 1166/2/1166 704/2/704 732/2/732 978/2/978
f 705/2/705 1165/2/1165 1567/2/1567 1391/2/1391
f 976/2/976 731/2/731 1365/2/1365 1450/2/1450
f 757/2/757 821/2/821 1444/2/1444 1417/2/1417
f 908/2/908 820/2/820 759/2/759 1086/2/1086
f 1084/2/1084 758/2/758 1419/2/1419 1504/2/1504
f 784/2/784 1057/2/1057 1228/2/1228 1192/2/1192
f 882/2/882 1058/2/1058 787/2/787 943/2/943
f 785/2/785 1195/2/1195 2140/2/2140 2005/2/2005
f 1871/2/1871 940/2/940 786/2/786 2007/2/2007
f 1789/2/1789 2329/2/2329 1444/2/1444 821/2/821
f 908/2/908 2033/2/2033 1790/2/1790 820/2/820
f 913/2/913 826/2/826 1627/2/1627 1654/2/1654
f 915/2/915 1112/2/1112 1140/2/1140 827/2/827
f 828/2/828 1139/2/1139 1311/2/1311 1628/2/1628
f 853/2/853 1031/2/1031 1479/2/1479 1681/2/1681
f 1005/2/1005 854/2/854 1683/2/1683 1283/2/1283
f 880/2/880 942/2/942 1533/2/1533 1600/2/1600
f 1059/2/1059 881/2/881 1602/2/1602 1229/2/1229
f 907/2/907 1085/2/1085 1506/2/1506 1595/2/1595
f 907/2/907 1595/2/1595 2411/2/2411 2034/2/2034
f 1113/2/1113 914/2/914 1656/2/1656 1337/2/1337
f 1870/2/1870 2464/2/2464 1534/2/1534 941/2/941
f 1167/2/1167 977/2/977 1452/2/1452 1568/2/1568
f 1138/2/1138 1111/2/1111 1336/2/1336 1309/2/1309
f 1601/2/1601 1532/2/1532 1193/2/1193 1230/2/1230
f 2466/2/2466 2141/2/2141 1194/2/1194 1531/2/1531
f 1682/2/1682 1478/2/1478 1256/2/1256 1284/2/1284
f 1655/2/1655 1629/2/1629 1310/2/1310 1338/2/1338
f 1569/2/1569 1451/2/1451 1364/2/1364 1392/2/1392
f 1594/2/1594 1505/2/1505 1418/2/1418 1445/2/1445
f 1594/2/1594 1445/2/1445 2331/2/2331 2412/2/2412
f 1708/2/1708 2167/2/2167 2194/2/2194 1951/2/1951
f 1844/2/1844 1979/2/1979 1709/2/1709 1953/2/1953
f 1978/2/1978 2383/2/2383 2168/2/2168 1710/2/1710
f 1762/2/1762 2275/2/2275 2302/2/2302 1735/2/1735
f 2115/2/2115 1925/2/1925 1763/2/1763 1737/2/1737
f 1736/2/1736 2304/2/2304 2437/2/2437 2113/2/2113
f 1924/2/1924 2356/2/2356 2276/2/2276 1764/2/1764
f 2032/2/2032 2410/2/2410 2330/2/2330 1791/2/1791
f 1897/2/1897 2518/2/2518 2491/2/2491 1816/2/1816
f 1898/2/1898 1818/2/1818 2087/2/2087 2061/2/2061
f 1817/2/1817 2493/2/2493 2222/2/2222 2088/2/2088
f 1843/2/1843 2545/2/2545 2384/2/2384 1980/2/1980
f 1952/2/1952 2196/2/2196 2546/2/2546 1845/2/1845
f 2006/2/2006 2142/2/2142 2465/2/2465 1872/2/1872
f 2060/2/2060 2250/2/2250 2519/2/2519 1899/2/1899
f 2114/2/2114 2439/2/2439 2357/2/2357 1926/2/1926
f 2086/2/2086 2221/2/2221 2248/2/2248 2059/2/2059
f 2547/2/2547 2195/2/2195 2169/2/2169 2385/2/2385
f 2520/2/2520 2249/2/2249 2223/2/2223 2492/2/2492
f 2438/2/2438 2303/2/2303 2277/2/2277 2358/2/2358
o Plane.002
v 1.086752 0.269214 1.224729
v 1.040954 0.244925 1.197113
v 1.089297 0.235838 1.165013
v 1.074713 0.270949 1.221325
v 1.063065 0.269038 1.216326
v 1.089655 0.268141 1.211403
v 1.077254 0.269685 1.207415
v 1.066446 0.267769 1.203172
v 1.091476 0.263698 1.197461
v 1.079334 0.265326 1.194554
v 1.069736 0.264343 1.192755
v 1.046099 0.245041 1.185140
v 1.054421 0.244045 1.175118
v 1.045313 0.255356 1.203596
v 1.050971 0.255684 1.191457
v 1.058658 0.254360 1.182109
v 1.052926 0.263660 1.210212
v 1.058017 0.263290 1.198050
v 1.063588 0.261082 1.189047
v 1.091288 0.246714 1.173068
v 1.092039 0.256308 1.184240
v 1.077133 0.239207 1.164532
v 1.078801 0.250511 1.173080
v 1.079835 0.259170 1.183553
v 1.065124 0.242034 1.168011
v 1.067576 0.252712 1.176213
v 1.070078 0.259862 1.184738
v 0.905504 0.269214 1.957603
v 0.892336 0.240695 1.968613
v 0.867294 0.244925 1.899304
v 0.902109 0.269010 1.971030
v 0.898794 0.265588 1.979364
v 0.894369 0.270317 1.949608
v 0.890553 0.269933 1.963019
v 0.887876 0.266575 1.970698
v 0.884078 0.268074 1.938632
v 0.881156 0.267690 1.952180
v 0.880191 0.265160 1.960389
v 0.881846 0.243195 1.960079
v 0.873424 0.245000 1.947540
v 0.893655 0.250702 1.978098
v 0.882926 0.253520 1.969235
v 0.875231 0.254812 1.957155
v 0.895879 0.259274 1.981801
v 0.885422 0.261323 1.972703
v 0.878423 0.261331 1.961867
v 0.869840 0.254725 1.912182
v 0.875618 0.262697 1.925724
v 0.865770 0.245910 1.915585
v 0.868576 0.255999 1.929432
v 0.874120 0.263214 1.941398
v 0.867879 0.245936 1.932194
v 0.870623 0.255616 1.944410
v 0.875061 0.261899 1.952562
v 0.421348 0.261122 2.721801
v 0.401607 0.236754 2.723669
v 0.404356 0.248877 2.646686
v 0.413508 0.261147 2.733870
v 0.407095 0.258328 2.740428
v 0.414358 0.264894 2.710077
v 0.406121 0.264842 2.721953
v 0.400521 0.261970 2.728099
v 0.408710 0.265453 2.695186
v 0.401227 0.265201 2.707517
v 0.397089 0.262714 2.714925
v 0.395583 0.241719 2.711853
v 0.392738 0.245737 2.696697
v 0.400835 0.245504 2.735069
v 0.394759 0.250833 2.722891
v 0.392330 0.254192 2.708372
v 0.402724 0.252933 2.740842
v 0.396867 0.257489 2.728410
v 0.394439 0.259442 2.715176
v 0.403449 0.257034 2.661856
v 0.404948 0.262742 2.678556
v 0.397348 0.249502 2.662433
v 0.396372 0.257835 2.678699
v 0.398113 0.262945 2.693639
v 0.393347 0.248421 2.679653
v 0.392836 0.256447 2.694218
v 0.394808 0.261070 2.704840
v 0.000000 0.244943 -1.087456
v 0.000000 0.269163 -1.138577
v 0.000000 0.255925 -1.093456
v 0.000000 0.264516 -1.102556
v 0.000000 0.269875 -1.113866
v 0.000000 0.271476 -1.126278
v 1.019769 0.269163 -1.138577
v 1.051956 0.232218 -1.125386
v 1.011016 0.244943 -1.087456
v 1.031872 0.267449 -1.137965
v 1.041971 0.262254 -1.136110
v 1.019218 0.271382 -1.126242
v 1.031646 0.269441 -1.125201
v 1.040864 0.264399 -1.123840
v 1.017912 0.269732 -1.113819
v 1.029951 0.267780 -1.113676
v 1.038146 0.263721 -1.114161
v 1.049829 0.236245 -1.113697
v 1.043954 0.239840 -1.103147
v 1.052534 0.243731 -1.129497
v 1.050106 0.248192 -1.117538
v 1.044477 0.251096 -1.107741
v 1.049097 0.254074 -1.133190
v 1.046791 0.257597 -1.121378
v 1.042467 0.258761 -1.112390
v 1.013600 0.255833 -1.093424
v 1.015974 0.264370 -1.102501
v 1.023548 0.244414 -1.089347
v 1.026549 0.255562 -1.095790
v 1.028306 0.263321 -1.104252
v 1.034890 0.242657 -1.094749
v 1.036935 0.253469 -1.100765
v 1.036970 0.260469 -1.107297
v -0.037845 0.257023 2.896941
v 0.037845 0.257023 2.896941
v 0.036227 0.249108 2.958870
v -0.036227 0.249108 2.958870
v -0.024283 0.254362 2.898851
v -0.008371 0.252893 2.899905
v -0.038125 0.263105 2.909087
v -0.023291 0.260824 2.913203
v -0.007849 0.259969 2.915596
v -0.038098 0.265536 2.922575
v -0.022923 0.264784 2.927317
v -0.007615 0.264636 2.930394
v 0.038125 0.263105 2.909087
v 0.038098 0.265536 2.922575
v 0.024283 0.254362 2.898851
v 0.023214 0.261074 2.913104
v 0.022932 0.264900 2.927278
v 0.008371 0.252893 2.899905
v 0.007784 0.260008 2.915569
v 0.007615 0.264636 2.930394
v 0.023233 0.251696 2.962293
v 0.008012 0.253121 2.964179
v 0.037091 0.258045 2.948674
v 0.022666 0.258872 2.951663
v 0.007643 0.259875 2.954108
v 0.037740 0.263788 2.936247
v 0.022708 0.264034 2.940239
v 0.007549 0.264514 2.943204
v -0.037091 0.258045 2.948674
v -0.037740 0.263788 2.936247
v -0.023233 0.251696 2.962293
v -0.022588 0.258979 2.951682
v -0.022715 0.264136 2.940306
v -0.008012 0.253121 2.964179
v -0.007581 0.259837 2.954059
v -0.007549 0.264514 2.943204
v 1.039495 0.045761 1.084899
v 1.056157 0.079137 1.066955
v 1.009638 0.096849 1.104453
v 1.042852 0.046834 1.072917
v 1.046552 0.051277 1.064536
v 1.028474 0.052308 1.084507
v 1.031689 0.053808 1.072279
v 1.035484 0.057859 1.064759
v 1.019213 0.061686 1.086573
v 1.023048 0.062623 1.074760
v 1.027538 0.064812 1.067895
v 1.044320 0.084050 1.067441
v 1.032694 0.088691 1.072054
v 1.053548 0.068260 1.061397
v 1.041199 0.073057 1.062014
v 1.030587 0.077682 1.066666
v 1.050241 0.058667 1.060563
v 1.038526 0.064026 1.061455
v 1.029775 0.069293 1.065486
v 1.009307 0.085105 1.097059
v 1.012603 0.072997 1.090902
v 1.014457 0.095421 1.091513
v 1.014468 0.083165 1.083570
v 1.017533 0.072038 1.078395
v 1.022395 0.092612 1.080356
v 1.022011 0.080917 1.073562
v 1.023530 0.071671 1.070520
v 0.000000 0.045710 -1.058794
v 0.000000 0.096831 -1.034573
v 0.000000 0.051710 -1.047811
v 0.000000 0.060811 -1.039220
v 0.000000 0.072120 -1.033862
v 0.000000 0.084532 -1.032261
v 0.877574 0.045761 1.739625
v 0.848786 0.096849 1.754857
v 0.871535 0.074280 1.806275
v 0.867198 0.052940 1.737557
v 0.858401 0.062650 1.738241
v 0.874229 0.045964 1.753449
v 0.863465 0.053585 1.751841
v 0.855555 0.062656 1.752152
v 0.871770 0.049386 1.768459
v 0.861605 0.056660 1.765922
v 0.855046 0.063994 1.764152
v 0.846851 0.094552 1.767935
v 0.848478 0.090721 1.780782
v 0.848717 0.085737 1.747335
v 0.846930 0.082960 1.760703
v 0.848618 0.079723 1.772779
v 0.852027 0.073961 1.741613
v 0.850244 0.072069 1.754995
v 0.851181 0.070853 1.766197
v 0.870353 0.064273 1.796236
v 0.870434 0.055700 1.783215
v 0.861455 0.080063 1.800944
v 0.860040 0.069914 1.790190
v 0.860517 0.061898 1.778216
v 0.853515 0.085724 1.792167
v 0.852811 0.075536 1.782231
v 0.854236 0.067823 1.773101
v 0.440475 0.037669 2.431556
v 0.417707 0.092896 2.444081
v 0.416562 0.062037 2.496728
v 0.432993 0.047182 2.427288
v 0.426416 0.058598 2.426501
v 0.432639 0.037644 2.443560
v 0.424719 0.047641 2.439664
v 0.418970 0.058260 2.438719
v 0.425743 0.040463 2.457441
v 0.418632 0.050053 2.452812
v 0.414542 0.058820 2.450086
v 0.410987 0.090167 2.455471
v 0.407322 0.085147 2.467575
v 0.418377 0.082636 2.435328
v 0.411608 0.079385 2.446970
v 0.408370 0.074983 2.458450
v 0.421376 0.070826 2.429274
v 0.414756 0.068435 2.441059
v 0.411485 0.066235 2.451767
v 0.417288 0.053287 2.485398
v 0.420449 0.045858 2.471870
v 0.410251 0.070357 2.489269
v 0.410991 0.061573 2.477166
v 0.414242 0.054520 2.464838
v 0.407069 0.078314 2.479231
v 0.408162 0.069271 2.468127
v 0.411332 0.062092 2.458836
v 0.972512 0.045710 -1.058794
v 0.979693 0.096831 -1.034573
v 1.020325 0.082655 -1.071985
v 0.972781 0.051806 -1.047843
v 0.973757 0.060950 -1.039274
v 0.985340 0.047425 -1.059406
v 0.986004 0.053992 -1.048200
v 0.986511 0.062519 -1.040410
v 0.997636 0.052619 -1.061261
v 0.997394 0.058768 -1.050386
v 0.996200 0.065386 -1.043345
v 0.992169 0.096043 -1.036371
v 1.003447 0.093981 -1.041664
v 0.977391 0.084624 -1.032294
v 0.990211 0.083402 -1.034321
v 1.000615 0.081844 -1.039456
v 0.975347 0.072269 -1.033912
v 0.987867 0.071942 -1.035951
v 0.997164 0.072249 -1.040094
v 1.016034 0.071142 -1.067874
v 1.008222 0.060799 -1.064181
v 1.018254 0.086942 -1.060388
v 1.013521 0.075173 -1.055838
v 1.006209 0.065562 -1.052846
v 1.012443 0.090842 -1.049947
v 1.008094 0.079200 -1.046344
v 1.002620 0.070346 -1.045117
v -0.038375 0.084225 2.659105
v -0.037110 0.026008 2.649896
v 0.037110 0.026008 2.649896
v 0.038375 0.084225 2.659105
v -0.035083 0.074757 2.651371
v -0.033150 0.063132 2.646134
v -0.024627 0.081907 2.660769
v -0.021592 0.072631 2.653776
v -0.020113 0.062305 2.648785
v -0.008489 0.080627 2.661688
v -0.007304 0.071512 2.655238
v -0.006740 0.061868 2.650486
v -0.023807 0.028285 2.652908
v -0.008208 0.029541 2.654569
v -0.034274 0.037531 2.645482
v -0.021269 0.039592 2.649084
v -0.007209 0.040602 2.650928
v -0.032870 0.050276 2.644100
v -0.019990 0.051089 2.647206
v -0.006688 0.051499 2.649019
v 0.034274 0.037531 2.645482
v 0.032870 0.050276 2.644101
v 0.023807 0.028285 2.652908
v 0.021104 0.039490 2.648858
v 0.019945 0.051054 2.647110
v 0.008208 0.029541 2.654569
v 0.007145 0.040569 2.650884
v 0.006688 0.051499 2.649019
v 0.024627 0.081907 2.660769
v 0.008489 0.080627 2.661688
v 0.035083 0.074757 2.651371
v 0.021757 0.072480 2.653947
v 0.007370 0.071479 2.655262
v 0.033150 0.063132 2.646134
v 0.020157 0.062240 2.648866
v 0.006740 0.061868 2.650486
v 0.863219 0.066188 1.815636
v 0.809781 0.092896 1.841968
v 0.837828 0.037669 1.821336
v 0.852815 0.073764 1.813596
v 0.841137 0.080849 1.815585
v 0.861483 0.056695 1.807219
v 0.850552 0.064280 1.805131
v 0.839786 0.071099 1.807456
v 0.857620 0.048393 1.803460
v 0.847239 0.056347 1.801943
v 0.838465 0.063348 1.804348
v 0.810661 0.082096 1.832262
v 0.814384 0.070002 1.824765
v 0.818509 0.090910 1.830501
v 0.819833 0.079560 1.820256
v 0.823120 0.068417 1.813848
v 0.829306 0.086762 1.821415
v 0.829936 0.075995 1.812287
v 0.831290 0.066933 1.807883
v 0.845183 0.038387 1.810878
v 0.851998 0.042079 1.804722
v 0.828666 0.046642 1.819017
v 0.836028 0.047812 1.808366
v 0.842585 0.051068 1.802996
v 0.820593 0.057775 1.820197
v 0.828310 0.058238 1.810019
v 0.835056 0.059519 1.805113
v 0.884020 0.232603 1.977974
v 0.865758 0.261122 2.039314
v 0.829277 0.248878 1.994128
v 0.884657 0.242096 1.988078
v 0.882869 0.250398 2.000516
v 0.873382 0.238312 1.974112
v 0.873609 0.248247 1.984649
v 0.872191 0.255642 1.996359
v 0.861430 0.243202 1.973960
v 0.862415 0.252402 1.984321
v 0.862818 0.258186 1.994412
v 0.856014 0.265434 2.032449
v 0.846655 0.266277 2.023590
v 0.872934 0.260404 2.027456
v 0.863029 0.264645 2.019887
v 0.854186 0.265264 2.012018
v 0.878826 0.256712 2.014096
v 0.868799 0.260909 2.007650
v 0.860367 0.262015 2.002648
v 0.838239 0.248759 1.984482
v 0.849310 0.246806 1.977537
v 0.832595 0.257574 2.003441
v 0.842122 0.257566 1.993840
v 0.852321 0.255379 1.987272
v 0.838578 0.263566 2.013586
v 0.847485 0.263005 2.003662
v 0.855469 0.260371 1.996581
v 0.400776 0.053213 2.501255
v 0.349076 0.085785 2.500930
v 0.367138 0.028840 2.487608
v 0.394543 0.062987 2.495872
v 0.385259 0.071908 2.493006
v 0.400126 0.045387 2.491755
v 0.393444 0.055277 2.486071
v 0.384753 0.063713 2.483880
v 0.395874 0.038443 2.485177
v 0.389544 0.048509 2.480301
v 0.382661 0.056739 2.479208
v 0.350957 0.076364 2.491445
v 0.354045 0.064796 2.484914
v 0.361353 0.083897 2.495663
v 0.363708 0.073929 2.485860
v 0.366205 0.063223 2.480173
v 0.373813 0.079120 2.492934
v 0.375226 0.069692 2.483798
v 0.375719 0.061112 2.479164
v 0.378532 0.029741 2.482993
v 0.388427 0.033047 2.482155
v 0.362553 0.039808 2.482893
v 0.374168 0.041185 2.478214
v 0.383360 0.043990 2.477797
v 0.358044 0.052189 2.481964
v 0.369565 0.052727 2.477707
v 0.378145 0.053467 2.477375
v 0.385822 0.227915 2.728177
v 0.349229 0.252293 2.780088
v 0.335047 0.255395 2.724173
v 0.383979 0.235819 2.739127
v 0.378758 0.242806 2.750913
v 0.379596 0.236778 2.721845
v 0.377306 0.245164 2.733101
v 0.372527 0.251255 2.744215
v 0.370424 0.244628 2.718053
v 0.368704 0.252118 2.729301
v 0.365859 0.256379 2.739392
v 0.344795 0.259963 2.771214
v 0.340817 0.264352 2.760053
v 0.360488 0.251469 2.772452
v 0.356211 0.259206 2.762890
v 0.352193 0.263106 2.752744
v 0.370657 0.248203 2.762407
v 0.365768 0.255768 2.753762
v 0.360946 0.259652 2.746361
v 0.347001 0.254419 2.719275
v 0.359182 0.250712 2.717166
v 0.335691 0.261954 2.735319
v 0.348136 0.260942 2.730703
v 0.359349 0.257165 2.728534
v 0.337677 0.265039 2.747674
v 0.349610 0.263673 2.742423
v 0.359042 0.260068 2.738855
v 1.059460 0.087829 -1.034314
v 1.020788 0.098295 -0.992726
v 1.051646 0.050884 -0.981123
v 1.047447 0.090779 -1.032071
v 1.036641 0.093545 -1.026059
v 1.056985 0.076126 -1.028485
v 1.044520 0.078867 -1.025765
v 1.034710 0.081798 -1.020224
v 1.054776 0.065683 -1.019241
v 1.042921 0.069118 -1.017087
v 1.034697 0.073028 -1.013602
v 1.020207 0.086079 -0.988933
v 1.023487 0.074150 -0.985592
v 1.022622 0.097498 -1.005373
v 1.022309 0.084809 -1.001798
v 1.025472 0.073861 -0.998320
v 1.028079 0.095862 -1.016851
v 1.027581 0.083696 -1.012545
v 1.029505 0.074434 -1.008019
v 1.051969 0.052408 -0.994339
v 1.053046 0.057503 -1.007464
v 1.040016 0.055643 -0.981485
v 1.040090 0.057576 -0.995212
v 1.041511 0.062298 -1.007288
v 1.030319 0.063653 -0.983023
v 1.031163 0.065125 -0.996216
v 1.033648 0.068068 -1.006461
v 1.091090 0.237392 -1.087715
v 1.098903 0.274337 -1.060906
v 1.051493 0.243479 -1.044563
v 1.093565 0.249095 -1.090244
v 1.095774 0.259538 -1.088456
v 1.078912 0.239558 -1.085192
v 1.081142 0.251690 -1.087480
v 1.083571 0.261173 -1.085692
v 1.067911 0.241404 -1.078852
v 1.070888 0.252960 -1.081306
v 1.074440 0.260951 -1.080699
v 1.086342 0.274694 -1.059696
v 1.074233 0.271296 -1.057161
v 1.098581 0.272813 -1.073033
v 1.085557 0.272908 -1.072015
v 1.074434 0.269631 -1.069204
v 1.097504 0.267718 -1.082521
v 1.084979 0.267983 -1.080745
v 1.075489 0.265911 -1.077100
v 1.053492 0.243466 -1.057490
v 1.059144 0.242751 -1.069298
v 1.055907 0.254885 -1.049205
v 1.058329 0.255129 -1.062682
v 1.063580 0.254053 -1.073346
v 1.063736 0.264464 -1.053543
v 1.065700 0.263940 -1.066224
v 1.069123 0.261768 -1.074906
v 1.098903 0.274337 1.136850
v 1.091845 0.240961 1.155964
v 1.051493 0.243479 1.105460
v 1.098716 0.273452 1.149557
v 1.097797 0.269108 1.158454
v 1.086244 0.274230 1.133947
v 1.085668 0.273091 1.146826
v 1.085207 0.268911 1.154921
v 1.074083 0.270587 1.128773
v 1.074399 0.269563 1.141441
v 1.075616 0.266512 1.149216
v 1.079531 0.242488 1.152125
v 1.068372 0.243583 1.144239
v 1.094185 0.252026 1.161827
v 1.081532 0.253878 1.157742
v 1.071233 0.254494 1.150068
v 1.096235 0.261718 1.162686
v 1.083874 0.262760 1.158433
v 1.074668 0.262031 1.151783
v 1.055808 0.254420 1.113796
v 1.063586 0.263755 1.121824
v 1.053627 0.244105 1.119704
v 1.058383 0.255383 1.128718
v 1.065658 0.263878 1.135622
v 1.059438 0.244141 1.133057
v 1.063806 0.254986 1.140777
v 1.069250 0.262369 1.145002
v 1.058705 0.084260 1.057906
v 1.051646 0.050884 0.997021
v 1.020788 0.098295 1.014609
v 1.056365 0.073196 1.049922
v 1.054315 0.063503 1.038650
v 1.046827 0.087849 1.055358
v 1.044101 0.076540 1.046791
v 1.042625 0.067562 1.036320
v 1.036180 0.091366 1.048986
v 1.034353 0.080210 1.040974
v 1.034468 0.071949 1.032835
v 1.040114 0.056107 0.997453
v 1.030469 0.064362 0.999724
v 1.051833 0.051769 1.010835
v 1.039981 0.057407 1.011766
v 1.031187 0.065141 1.013492
v 1.052752 0.056114 1.025170
v 1.041294 0.061424 1.025096
v 1.033520 0.067468 1.024661
v 1.022486 0.096859 1.027562
v 1.027785 0.094473 1.039400
v 1.020304 0.086543 1.008744
v 1.022281 0.084681 1.021970
v 1.027368 0.082826 1.033014
v 1.023637 0.074858 1.003618
v 1.025505 0.073879 1.016769
v 1.029377 0.073833 1.027022
v 0.898280 0.039535 1.838466
v 0.872888 0.011016 1.844166
v 0.901383 0.023260 1.901616
v 0.896544 0.030042 1.830049
v 0.892681 0.021740 1.826290
v 0.905351 0.033826 1.847806
v 0.903602 0.023891 1.839605
v 0.899695 0.016496 1.836073
v 0.909427 0.028935 1.860052
v 0.907305 0.019735 1.851438
v 0.903443 0.013951 1.846658
v 0.881202 0.006704 1.853226
v 0.888883 0.005861 1.864664
v 0.880243 0.011734 1.833708
v 0.889033 0.007492 1.842990
v 0.895829 0.006874 1.854001
v 0.887059 0.015425 1.827551
v 0.895034 0.011228 1.837149
v 0.900034 0.010123 1.847424
v 0.907343 0.023379 1.888345
v 0.910114 0.025332 1.874034
v 0.899495 0.014564 1.890107
v 0.905434 0.014572 1.875956
v 0.907883 0.016759 1.863101
v 0.895191 0.008572 1.877383
v 0.901097 0.009133 1.864559
v 0.903859 0.011766 1.855137
v 0.919081 0.205950 2.000804
v 0.920880 0.179241 2.053775
v 0.900818 0.234469 2.062144
v 0.925918 0.198374 2.008321
v 0.929720 0.191289 2.018428
v 0.919718 0.215443 2.010908
v 0.926645 0.207857 2.019145
v 0.929967 0.201038 2.028254
v 0.917930 0.223745 2.023346
v 0.924613 0.215791 2.030543
v 0.927796 0.208790 2.036724
v 0.921429 0.190042 2.061286
v 0.919386 0.202136 2.066204
v 0.927073 0.181228 2.042327
v 0.927645 0.192578 2.049660
v 0.925420 0.203721 2.054439
v 0.930118 0.185375 2.030156
v 0.930298 0.196143 2.038039
v 0.928038 0.205204 2.043835
v 0.907994 0.233751 2.050286
v 0.913887 0.230059 2.036927
v 0.908550 0.225496 2.066658
v 0.916126 0.224326 2.054369
v 0.921229 0.221069 2.041832
v 0.914944 0.214363 2.068057
v 0.921738 0.213900 2.055950
v 0.925344 0.212619 2.044959
v 0.416247 0.015637 2.529666
v 0.381905 -0.008716 2.514630
v 0.389300 -0.012759 2.573039
v 0.415499 0.007857 2.520197
v 0.411115 0.000939 2.513475
v 0.417785 0.006607 2.538250
v 0.416820 -0.001658 2.528817
v 0.412539 -0.007684 2.522480
v 0.415461 -0.001437 2.547801
v 0.414497 -0.008799 2.538087
v 0.411189 -0.012976 2.531284
v 0.385124 -0.016553 2.523951
v 0.387675 -0.021141 2.535636
v 0.393453 -0.007777 2.510545
v 0.397060 -0.015687 2.520264
v 0.398989 -0.019775 2.531290
v 0.403512 -0.004453 2.510146
v 0.406215 -0.012193 2.519734
v 0.406578 -0.016246 2.529265
v 0.400485 -0.011622 2.566094
v 0.409494 -0.007724 2.557404
v 0.389871 -0.019149 2.561447
v 0.401366 -0.017964 2.553818
v 0.409532 -0.014015 2.546108
v 0.389312 -0.022036 2.548568
v 0.400380 -0.020516 2.542041
v 0.407571 -0.016789 2.537107
v 0.401293 0.190340 2.756588
v 0.375104 0.157592 2.796943
v 0.363855 0.214707 2.806967
v 0.402826 0.180535 2.764359
v 0.400588 0.171577 2.773133
v 0.399350 0.198187 2.767458
v 0.400653 0.188266 2.775880
v 0.398459 0.179796 2.783651
v 0.393977 0.205143 2.779024
v 0.395435 0.195045 2.786377
v 0.394336 0.186783 2.791555
v 0.374442 0.167043 2.805837
v 0.372788 0.178647 2.811675
v 0.386014 0.159512 2.790266
v 0.385554 0.169513 2.799133
v 0.383612 0.180252 2.804575
v 0.394790 0.164327 2.782068
v 0.393627 0.173784 2.791114
v 0.390820 0.182387 2.796973
v 0.375316 0.213830 2.799799
v 0.385688 0.210537 2.790178
v 0.367221 0.203709 2.812272
v 0.379144 0.202355 2.804815
v 0.388531 0.199563 2.795645
v 0.370297 0.191292 2.813894
v 0.381567 0.190779 2.806403
v 0.389310 0.190055 2.798319
v 1.107993 0.077565 -1.034314
v 1.100180 0.040620 -0.981123
v 1.147590 0.071478 -0.992726
v 1.105518 0.065861 -1.028485
v 1.103310 0.055418 -1.019240
v 1.120172 0.075399 -1.032071
v 1.117941 0.063267 -1.025744
v 1.115512 0.053784 -1.017123
v 1.131172 0.073553 -1.026059
v 1.128195 0.061997 -1.020185
v 1.124644 0.054006 -1.013602
v 1.112741 0.040263 -0.981484
v 1.124850 0.043661 -0.983023
v 1.100502 0.042144 -0.994338
v 1.113527 0.042049 -0.995138
v 1.124649 0.045326 -0.996175
v 1.101580 0.047239 -1.007464
v 1.114105 0.046974 -1.007317
v 1.123595 0.049046 -1.006461
v 1.145591 0.071491 -1.005373
v 1.139939 0.072206 -1.016852
v 1.143177 0.060072 -0.988933
v 1.140754 0.059828 -1.001893
v 1.135503 0.060904 -1.012534
v 1.135347 0.050493 -0.985592
v 1.133383 0.051017 -0.998347
v 1.129960 0.053189 -1.008019
v 1.139624 0.227128 -1.087715
v 1.178295 0.216662 -1.044563
v 1.147437 0.264073 -1.060906
v 1.151636 0.224178 -1.085192
v 1.162442 0.221412 -1.078852
v 1.142099 0.238831 -1.090244
v 1.154563 0.236090 -1.087451
v 1.164373 0.233159 -1.081325
v 1.144307 0.249274 -1.088456
v 1.156162 0.245839 -1.085669
v 1.164387 0.241928 -1.080699
v 1.178877 0.228878 -1.049205
v 1.175596 0.240807 -1.053542
v 1.176462 0.217459 -1.057490
v 1.176775 0.230148 -1.062634
v 1.173611 0.241096 -1.066182
v 1.171004 0.219094 -1.069298
v 1.171502 0.231261 -1.073380
v 1.169578 0.240523 -1.074906
v 1.147115 0.262549 -1.073033
v 1.146037 0.257454 -1.082521
v 1.159067 0.259314 -1.059696
v 1.158993 0.257381 -1.072092
v 1.157572 0.252659 -1.080735
v 1.168764 0.251303 -1.057161
v 1.167920 0.249832 -1.069226
v 1.165436 0.246889 -1.077100
v -0.038651 -0.014278 2.734667
v 0.038651 -0.014278 2.734667
v 0.037581 -0.006102 2.675715
v -0.037581 -0.006102 2.675715
v -0.024807 -0.016393 2.736185
v -0.008550 -0.017561 2.737024
v -0.037997 -0.020142 2.723019
v -0.023313 -0.020474 2.724592
v -0.007866 -0.021255 2.725960
v -0.037522 -0.022423 2.710139
v -0.022644 -0.022472 2.712820
v -0.007534 -0.022864 2.714799
v 0.037996 -0.020142 2.723019
v 0.037522 -0.022423 2.710139
v 0.024807 -0.016393 2.736185
v 0.023209 -0.020609 2.724606
v 0.022638 -0.022586 2.712856
v 0.008550 -0.017561 2.737024
v 0.007800 -0.021225 2.725938
v 0.007534 -0.022864 2.714799
v 0.024112 -0.004013 2.678478
v 0.008313 -0.002860 2.680003
v 0.037313 -0.014917 2.685343
v 0.022900 -0.013218 2.689452
v 0.007730 -0.012618 2.691686
v 0.037286 -0.020618 2.697125
v 0.022502 -0.020104 2.700970
v 0.007490 -0.020058 2.703354
v -0.037313 -0.014917 2.685344
v -0.037286 -0.020618 2.697126
v -0.024112 -0.004013 2.678478
v -0.022796 -0.013431 2.689291
v -0.022495 -0.020204 2.700905
v -0.008313 -0.002860 2.680003
v -0.007666 -0.012649 2.691647
v -0.007490 -0.020058 2.703354
v -0.038221 0.159173 2.973705
v -0.036851 0.217650 2.984413
v 0.036851 0.217650 2.984413
v 0.038221 0.159173 2.973705
v -0.041139 0.168693 2.981615
v -0.042577 0.180377 2.987116
v -0.024528 0.156750 2.975444
v -0.024895 0.168350 2.984759
v -0.025523 0.180414 2.991831
v -0.008455 0.155412 2.976405
v -0.008302 0.167800 2.987062
v -0.008431 0.180312 2.995153
v -0.023639 0.220023 2.987552
v -0.008151 0.221332 2.989283
v -0.040263 0.206088 2.988463
v -0.024382 0.206555 2.991946
v -0.008193 0.207138 2.994759
v -0.042274 0.193291 2.989480
v -0.025293 0.193239 2.994178
v -0.008375 0.193349 2.997686
v 0.040263 0.206088 2.988463
v 0.042275 0.193291 2.989481
v 0.023639 0.220023 2.987552
v 0.024364 0.206548 2.992027
v 0.025338 0.193275 2.994275
v 0.008151 0.221332 2.989283
v 0.008130 0.207104 2.994713
v 0.008375 0.193350 2.997686
v 0.024528 0.156750 2.975444
v 0.008455 0.155412 2.976404
v 0.041139 0.168693 2.981615
v 0.024912 0.168390 2.984671
v 0.008367 0.167765 2.987087
v 0.042577 0.180377 2.987116
v 0.025476 0.180480 2.991753
v 0.008431 0.180312 2.995154
v 1.147437 0.264073 1.136850
v 1.178295 0.216662 1.105460
v 1.140378 0.230697 1.155964
v 1.158969 0.258850 1.133947
v 1.168614 0.250595 1.128773
v 1.147250 0.263188 1.149557
v 1.159102 0.257550 1.146736
v 1.167896 0.249816 1.141426
v 1.146331 0.258843 1.158454
v 1.157789 0.253533 1.154922
v 1.165563 0.247489 1.149216
v 1.176597 0.218098 1.119704
v 1.171298 0.220484 1.133057
v 1.178779 0.228414 1.113796
v 1.176802 0.230276 1.128752
v 1.171715 0.232131 1.140729
v 1.175446 0.240099 1.121824
v 1.173578 0.241078 1.135675
v 1.169706 0.241124 1.145002
v 1.142718 0.241761 1.161827
v 1.144768 0.251454 1.162686
v 1.152256 0.227108 1.152125
v 1.154982 0.238417 1.157798
v 1.156458 0.247395 1.158456
v 1.162903 0.223591 1.144239
v 1.164729 0.234747 1.150054
v 1.164615 0.243008 1.151783
v 1.019769 0.252483 -1.185295
v 1.011016 0.201362 -1.209516
v 1.051956 0.215537 -1.172104
v 1.019218 0.246387 -1.196246
v 1.017912 0.237242 -1.204815
v 1.031872 0.250768 -1.184683
v 1.031573 0.244201 -1.195890
v 1.029925 0.235674 -1.203680
v 1.041971 0.245573 -1.182829
v 1.040879 0.239425 -1.193703
v 1.038146 0.232807 -1.200744
v 1.023548 0.202150 -1.207718
v 1.034890 0.204212 -1.202425
v 1.013600 0.213569 -1.211795
v 1.026607 0.214791 -1.209769
v 1.036907 0.216349 -1.204633
v 1.015974 0.225924 -1.210178
v 1.028343 0.226250 -1.208139
v 1.036970 0.225944 -1.203996
v 1.052534 0.227051 -1.176215
v 1.049097 0.237394 -1.179908
v 1.049829 0.211250 -1.183701
v 1.050121 0.223020 -1.188251
v 1.046816 0.232631 -1.191244
v 1.043954 0.207350 -1.194142
v 1.044455 0.218992 -1.197745
v 1.042467 0.227847 -1.198973
v 0.000000 0.252483 -1.185295
v 0.000000 0.201362 -1.209516
v 0.000000 0.246483 -1.196278
v 0.000000 0.237382 -1.204869
v 0.000000 0.226073 -1.210227
v 0.000000 0.213661 -1.211829
v 0.456408 0.234469 2.744631
v 0.495958 0.179241 2.706334
v 0.436667 0.210101 2.746499
v 0.466894 0.224956 2.744286
v 0.477000 0.213540 2.739654
v 0.448569 0.234494 2.756700
v 0.459226 0.224496 2.756392
v 0.468779 0.213878 2.751496
v 0.442155 0.231675 2.763258
v 0.452953 0.222085 2.762226
v 0.462067 0.213318 2.757236
v 0.486182 0.181971 2.720278
v 0.474154 0.186991 2.732272
v 0.492283 0.189502 2.719701
v 0.481892 0.192753 2.734413
v 0.470816 0.197155 2.744914
v 0.485756 0.201312 2.731175
v 0.476044 0.203703 2.744470
v 0.467377 0.205903 2.752094
v 0.435896 0.218851 2.757899
v 0.437785 0.226280 2.763672
v 0.448119 0.201781 2.746063
v 0.447789 0.210564 2.757536
v 0.449285 0.217618 2.762575
v 0.461027 0.193824 2.741165
v 0.459884 0.202867 2.752346
v 0.459417 0.210046 2.757487
v 0.950878 0.252596 1.968825
v 0.985841 0.201507 1.928622
v 0.937710 0.224077 1.979835
v 0.962359 0.245416 1.966423
v 0.972454 0.235707 1.960488
v 0.947482 0.252392 1.982251
v 0.959228 0.244772 1.979891
v 0.968571 0.235701 1.973789
v 0.944168 0.248970 1.990585
v 0.955732 0.241696 1.987471
v 0.964282 0.234362 1.981186
v 0.980734 0.203805 1.944017
v 0.972457 0.207635 1.958058
v 0.984804 0.212619 1.940614
v 0.979274 0.215396 1.956834
v 0.971517 0.218634 1.969298
v 0.980195 0.224396 1.951587
v 0.975002 0.226288 1.966416
v 0.968976 0.227503 1.975789
v 0.939029 0.234084 1.989319
v 0.941253 0.242656 1.993023
v 0.949835 0.218294 1.976894
v 0.951584 0.228443 1.986302
v 0.953274 0.236459 1.989510
v 0.961800 0.212632 1.969396
v 0.962646 0.222821 1.978762
v 0.962514 0.230533 1.982664
v 1.132126 0.252596 1.235950
v 1.134671 0.219220 1.176234
v 1.159501 0.201507 1.226431
v 1.135029 0.251523 1.222624
v 1.136850 0.247080 1.208683
v 1.142703 0.246048 1.238139
v 1.145930 0.244548 1.224320
v 1.147197 0.240498 1.211370
v 1.151442 0.236670 1.238183
v 1.153853 0.235733 1.224743
v 1.153828 0.233545 1.213552
v 1.145123 0.214306 1.181347
v 1.153501 0.209666 1.189868
v 1.136662 0.230096 1.184289
v 1.147439 0.225299 1.190026
v 1.154982 0.220675 1.197785
v 1.137413 0.239690 1.195462
v 1.147692 0.234331 1.200375
v 1.154169 0.229064 1.205534
v 1.160277 0.213251 1.232029
v 1.157503 0.225359 1.236076
v 1.161063 0.202935 1.213572
v 1.161687 0.215192 1.218946
v 1.158894 0.226318 1.223024
v 1.158998 0.205744 1.200981
v 1.159560 0.217440 1.207055
v 1.157503 0.226686 1.212274
v 1.107238 0.073996 1.057906
v 1.147590 0.071478 1.014609
v 1.100180 0.040620 0.997021
v 1.119552 0.072469 1.055358
v 1.130711 0.071374 1.048986
v 1.104898 0.062931 1.049922
v 1.117551 0.061079 1.046823
v 1.127850 0.060463 1.041020
v 1.102849 0.053239 1.038650
v 1.115209 0.052197 1.036280
v 1.124415 0.052926 1.032835
v 1.143275 0.060537 1.008744
v 1.135497 0.051201 1.003618
v 1.145456 0.070852 1.027562
v 1.140701 0.059574 1.021861
v 1.133425 0.051079 1.016744
v 1.139645 0.070816 1.039400
v 1.135277 0.059971 1.033021
v 1.129833 0.052588 1.027022
v 1.100367 0.041505 1.010835
v 1.101286 0.045849 1.025170
v 1.112839 0.040727 0.997453
v 1.113415 0.041866 1.011843
v 1.113876 0.046046 1.025062
v 1.125000 0.044369 0.999724
v 1.124684 0.045394 1.013538
v 1.123468 0.048445 1.024661
v 0.000000 0.053250 -1.156633
v 0.000000 0.029030 -1.105512
v 0.000000 0.042267 -1.150633
v 0.000000 0.033677 -1.141533
v 0.000000 0.028318 -1.130223
v 0.000000 0.026717 -1.117811
v 0.922947 0.029143 1.750847
v 0.916909 0.057662 1.817497
v 0.967333 0.053432 1.784175
v 0.919603 0.029347 1.764670
v 0.917144 0.032768 1.779680
v 0.935188 0.028039 1.754372
v 0.932095 0.028424 1.768895
v 0.929467 0.031781 1.782668
v 0.946778 0.030282 1.760097
v 0.942955 0.030666 1.773818
v 0.939137 0.033196 1.784949
v 0.929445 0.055162 1.817759
v 0.941892 0.053357 1.814023
v 0.915727 0.047655 1.807458
v 0.928708 0.044837 1.807212
v 0.940210 0.043545 1.803898
v 0.915807 0.039082 1.794436
v 0.928386 0.037034 1.794955
v 0.938327 0.037025 1.793897
v 0.963682 0.043632 1.775767
v 0.956605 0.035660 1.767476
v 0.961815 0.052446 1.796367
v 0.957662 0.042358 1.787966
v 0.951148 0.035142 1.779926
v 0.953056 0.052420 1.806646
v 0.949496 0.042741 1.797731
v 0.945096 0.036457 1.789424
v 1.084869 0.029143 1.096121
v 1.128185 0.053432 1.133771
v 1.101531 0.062519 1.078176
v 1.096464 0.027407 1.101321
v 1.107590 0.029319 1.108429
v 1.088225 0.030216 1.084138
v 1.100326 0.028671 1.089341
v 1.110440 0.030587 1.096390
v 1.091925 0.034659 1.075757
v 1.103356 0.033031 1.081541
v 1.111629 0.034014 1.088692
v 1.129421 0.053316 1.119945
v 1.126972 0.054311 1.106219
v 1.124271 0.043000 1.125491
v 1.125219 0.042673 1.110920
v 1.122901 0.043997 1.098557
v 1.117180 0.034696 1.116765
v 1.118427 0.035067 1.103297
v 1.117445 0.037275 1.093747
v 1.098922 0.051642 1.072618
v 1.095614 0.042049 1.071784
v 1.112309 0.059149 1.084255
v 1.109842 0.047846 1.078942
v 1.106398 0.039187 1.078217
v 1.121071 0.056323 1.093911
v 1.117979 0.045645 1.088295
v 1.113866 0.038495 1.086283
v 0.475535 0.011016 2.454386
v 0.451622 0.035384 2.519558
v 0.509309 0.023260 2.503729
v 0.467700 0.010991 2.466390
v 0.460804 0.013809 2.480271
v 0.485529 0.007243 2.461497
v 0.477717 0.007296 2.474269
v 0.471078 0.010168 2.486918
v 0.494706 0.006685 2.470968
v 0.486490 0.006937 2.482746
v 0.479520 0.009424 2.492397
v 0.462788 0.030418 2.523478
v 0.475358 0.026401 2.523698
v 0.452349 0.026634 2.508228
v 0.464051 0.021305 2.511765
v 0.475682 0.017946 2.512153
v 0.455510 0.019205 2.494700
v 0.466699 0.014649 2.498943
v 0.476310 0.012696 2.501147
v 0.507211 0.015104 2.493173
v 0.502183 0.009396 2.481893
v 0.499820 0.022636 2.513316
v 0.497206 0.014303 2.502563
v 0.492738 0.009192 2.491812
v 0.488130 0.023716 2.520193
v 0.486311 0.015690 2.509206
v 0.484054 0.011068 2.499021
v 0.972512 0.029030 -1.105512
v 1.020325 0.065975 -1.118703
v 0.979693 0.053250 -1.156633
v 0.985340 0.030744 -1.106124
v 0.997636 0.035939 -1.107979
v 0.972781 0.026811 -1.117848
v 0.986076 0.028751 -1.118888
v 0.997369 0.033794 -1.120249
v 0.973757 0.028461 -1.130270
v 0.986548 0.030413 -1.130414
v 0.996200 0.034472 -1.129929
v 1.018254 0.061947 -1.130393
v 1.012443 0.058353 -1.140943
v 1.016034 0.054461 -1.114593
v 1.013534 0.050001 -1.126551
v 1.008128 0.047097 -1.136349
v 1.008222 0.044119 -1.110900
v 1.006177 0.040596 -1.122712
v 1.002620 0.039432 -1.131700
v 0.977391 0.042360 -1.150665
v 0.975347 0.033823 -1.141588
v 0.992169 0.053779 -1.154742
v 0.990126 0.042631 -1.148299
v 0.987839 0.034872 -1.139837
v 1.003447 0.055535 -1.149341
v 1.000630 0.044724 -1.143325
v 0.997164 0.037723 -1.136792
v -1.086752 0.269214 1.224729
v -1.089297 0.235838 1.165013
v -1.040954 0.244925 1.197113
v -1.089655 0.268141 1.211403
v -1.091475 0.263698 1.197461
v -1.074713 0.270949 1.221325
v -1.077340 0.269669 1.207357
v -1.079364 0.265341 1.194594
v -1.063065 0.269038 1.216326
v -1.066429 0.267752 1.203123
v -1.069736 0.264343 1.192755
v -1.077133 0.239207 1.164532
v -1.065124 0.242034 1.168011
v -1.091288 0.246714 1.173068
v -1.078719 0.250468 1.173031
v -1.067596 0.252679 1.176173
v -1.092039 0.256308 1.184240
v -1.079801 0.259195 1.183585
v -1.070078 0.259862 1.184738
v -1.045313 0.255356 1.203596
v -1.052925 0.263660 1.210212
v -1.046099 0.245041 1.185140
v -1.050966 0.255743 1.191563
v -1.057978 0.263278 1.198066
v -1.054421 0.244045 1.175118
v -1.058696 0.254381 1.182110
v -1.063588 0.261082 1.189047
v -0.905504 0.269214 1.957603
v -0.867294 0.244925 1.899304
v -0.892336 0.240695 1.968613
v -0.894369 0.270317 1.949608
v -0.884078 0.268074 1.938632
v -0.902109 0.269010 1.971030
v -0.890508 0.269941 1.962896
v -0.881185 0.267706 1.952178
v -0.898794 0.265588 1.979364
v -0.887841 0.266561 1.970681
v -0.880191 0.265160 1.960389
v -0.865770 0.245910 1.915585
v -0.867879 0.245936 1.932194
v -0.869840 0.254725 1.912182
v -0.868552 0.255948 1.929452
v -0.870601 0.255594 1.944340
v -0.875618 0.262697 1.925724
v -0.874138 0.263229 1.941471
v -0.875061 0.261899 1.952562
v -0.893655 0.250702 1.978098
v -0.895879 0.259274 1.981801
v -0.881846 0.243195 1.960079
v -0.882995 0.253563 1.969339
v -0.885442 0.261302 1.972734
v -0.873424 0.245000 1.947540
v -0.875223 0.254839 1.957141
v -0.878423 0.261331 1.961867
v -0.421348 0.261122 2.721801
v -0.404356 0.248878 2.646686
v -0.401607 0.236754 2.723669
v -0.414358 0.264894 2.710077
v -0.408710 0.265453 2.695186
v -0.413508 0.261147 2.733870
v -0.406126 0.264864 2.721815
v -0.401255 0.265209 2.707527
v -0.407095 0.258328 2.740428
v -0.400493 0.261965 2.728066
v -0.397089 0.262714 2.714925
v -0.397348 0.249502 2.662433
v -0.393347 0.248421 2.679654
v -0.403449 0.257034 2.661856
v -0.396337 0.257792 2.678703
v -0.392838 0.256434 2.694138
v -0.404948 0.262742 2.678556
v -0.398106 0.262952 2.693719
v -0.394808 0.261070 2.704840
v -0.400835 0.245504 2.735069
v -0.402724 0.252933 2.740842
v -0.395583 0.241719 2.711853
v -0.394789 0.250855 2.723025
v -0.396870 0.257464 2.728444
v -0.392738 0.245737 2.696698
v -0.392331 0.254220 2.708359
v -0.394439 0.259442 2.715176
v -1.019769 0.269163 -1.138577
v -1.011016 0.244943 -1.087456
v -1.051956 0.232218 -1.125386
v -1.019218 0.271382 -1.126242
v -1.017912 0.269732 -1.113819
v -1.031872 0.267449 -1.137965
v -1.031573 0.269464 -1.125133
v -1.029925 0.267799 -1.113704
v -1.041971 0.262254 -1.136110
v -1.040879 0.264383 -1.123801
v -1.038146 0.263721 -1.114161
v -1.023548 0.244414 -1.089347
v -1.034890 0.242657 -1.094749
v -1.013600 0.255833 -1.093424
v -1.026607 0.255495 -1.095766
v -1.036907 0.253448 -1.100727
v -1.015974 0.264370 -1.102501
v -1.028343 0.263331 -1.104286
v -1.036970 0.260469 -1.107297
v -1.052534 0.243731 -1.129497
v -1.049097 0.254074 -1.133190
v -1.049829 0.236245 -1.113697
v -1.050121 0.248235 -1.117629
v -1.046816 0.257568 -1.121401
v -1.043954 0.239840 -1.103147
v -1.044455 0.251132 -1.107732
v -1.042467 0.258761 -1.112390
v -1.039495 0.045761 1.084899
v -1.009638 0.096849 1.104453
v -1.056157 0.079137 1.066955
v -1.028474 0.052308 1.084507
v -1.019213 0.061686 1.086573
v -1.042852 0.046834 1.072917
v -1.031606 0.053840 1.072346
v -1.023054 0.062592 1.074779
v -1.046551 0.051277 1.064536
v -1.035465 0.057895 1.064751
v -1.027538 0.064812 1.067895
v -1.014457 0.095421 1.091513
v -1.022395 0.092612 1.080356
v -1.009307 0.085105 1.097059
v -1.014498 0.083224 1.083537
v -1.021986 0.080957 1.073600
v -1.012603 0.072997 1.090902
v -1.017563 0.072008 1.078352
v -1.023530 0.071671 1.070520
v -1.053548 0.068260 1.061397
v -1.050240 0.058667 1.060563
v -1.044320 0.084050 1.067441
v -1.041253 0.072966 1.061979
v -1.038565 0.064030 1.061441
v -1.032694 0.088691 1.072054
v -1.030556 0.077663 1.066674
v -1.029775 0.069293 1.065486
v -0.877574 0.045761 1.739625
v -0.871535 0.074280 1.806275
v -0.848786 0.096849 1.754857
v -0.874229 0.045964 1.753449
v -0.871770 0.049386 1.768459
v -0.867198 0.052940 1.737557
v -0.863506 0.053544 1.751933
v -0.861634 0.056625 1.765892
v -0.858401 0.062650 1.738241
v -0.855532 0.062685 1.752197
v -0.855046 0.063994 1.764152
v -0.861455 0.080063 1.800944
v -0.853515 0.085724 1.792167
v -0.870353 0.064273 1.796236
v -0.859988 0.070005 1.790217
v -0.852825 0.075550 1.782286
v -0.870434 0.055700 1.783215
v -0.860495 0.061899 1.778165
v -0.854236 0.067823 1.773101
v -0.848717 0.085737 1.747335
v -0.852027 0.073961 1.741613
v -0.846851 0.094552 1.767935
v -0.846941 0.082909 1.760584
v -0.850232 0.072102 1.754968
v -0.848478 0.090721 1.780782
v -0.848632 0.079682 1.772786
v -0.851181 0.070853 1.766197
v -0.440475 0.037669 2.431556
v -0.416562 0.062037 2.496728
v -0.417707 0.092896 2.444081
v -0.432639 0.037644 2.443560
v -0.425743 0.040463 2.457441
v -0.432993 0.047182 2.427288
v -0.424717 0.047586 2.439758
v -0.418663 0.050014 2.452787
v -0.426416 0.058598 2.426501
v -0.418938 0.058290 2.438759
v -0.414542 0.058820 2.450086
v -0.410251 0.070357 2.489269
v -0.407069 0.078314 2.479231
v -0.417288 0.053287 2.485398
v -0.410951 0.061672 2.477189
v -0.408158 0.069277 2.468185
v -0.420449 0.045858 2.471870
v -0.414240 0.054529 2.464783
v -0.411332 0.062092 2.458836
v -0.418377 0.082636 2.435328
v -0.421376 0.070826 2.429274
v -0.410987 0.090167 2.455471
v -0.411651 0.079342 2.446853
v -0.414760 0.068472 2.441035
v -0.407323 0.085147 2.467575
v -0.408373 0.074939 2.458456
v -0.411486 0.066235 2.451767
v -0.972512 0.045710 -1.058794
v -1.020325 0.082655 -1.071985
v -0.979693 0.096831 -1.034573
v -0.985340 0.047425 -1.059406
v -0.997636 0.052619 -1.061261
v -0.972781 0.051806 -1.047843
v -0.986076 0.053967 -1.048266
v -0.997369 0.058731 -1.050407
v -0.973757 0.060950 -1.039274
v -0.986548 0.062552 -1.040400
v -0.996200 0.065386 -1.043346
v -1.018254 0.086942 -1.060388
v -1.012443 0.090842 -1.049947
v -1.016034 0.071142 -1.067874
v -1.013534 0.075265 -1.055795
v -1.008128 0.079223 -1.046373
v -1.008222 0.060799 -1.064181
v -1.006177 0.065554 -1.052809
v -1.002620 0.070346 -1.045117
v -0.977391 0.084624 -1.032294
v -0.975347 0.072269 -1.033912
v -0.992169 0.096043 -1.036371
v -0.990126 0.083336 -1.034297
v -0.987839 0.071971 -1.035931
v -1.003447 0.093981 -1.041664
v -1.000630 0.081804 -1.039472
v -0.997164 0.072249 -1.040094
v -0.863219 0.066188 1.815636
v -0.837828 0.037669 1.821336
v -0.809781 0.092896 1.841968
v -0.861483 0.056695 1.807219
v -0.857620 0.048393 1.803460
v -0.852815 0.073764 1.813596
v -0.850603 0.064182 1.805094
v -0.847280 0.056342 1.801942
v -0.841137 0.080849 1.815585
v -0.839752 0.071089 1.807450
v -0.838465 0.063348 1.804348
v -0.828666 0.046642 1.819017
v -0.820593 0.057775 1.820197
v -0.845183 0.038387 1.810878
v -0.835932 0.047860 1.808413
v -0.828305 0.058205 1.810033
v -0.851998 0.042079 1.804721
v -0.842575 0.051108 1.802990
v -0.835056 0.059519 1.805113
v -0.818509 0.090910 1.830500
v -0.829306 0.086762 1.821415
v -0.810661 0.082096 1.832262
v -0.819879 0.079611 1.820246
v -0.829905 0.076038 1.812325
v -0.814384 0.070002 1.824765
v -0.823158 0.068382 1.813809
v -0.831290 0.066933 1.807883
v -0.884020 0.232603 1.977974
v -0.829278 0.248877 1.994128
v -0.865758 0.261122 2.039314
v -0.873382 0.238312 1.974112
v -0.861430 0.243202 1.973960
v -0.884657 0.242096 1.988078
v -0.873544 0.248225 1.984568
v -0.862443 0.252370 1.984285
v -0.882869 0.250398 2.000516
v -0.872153 0.255671 1.996383
v -0.862818 0.258186 1.994412
v -0.832595 0.257574 2.003441
v -0.838578 0.263566 2.013586
v -0.838239 0.248759 1.984482
v -0.842089 0.257617 1.993950
v -0.847441 0.263000 2.003663
v -0.849310 0.246806 1.977537
v -0.852360 0.255392 1.987288
v -0.855469 0.260371 1.996581
v -0.872934 0.260404 2.027456
v -0.878826 0.256712 2.014096
v -0.856014 0.265434 2.032449
v -0.863127 0.264616 2.019858
v -0.868815 0.260915 2.007701
v -0.846655 0.266277 2.023590
v -0.854186 0.265254 2.011962
v -0.860367 0.262015 2.002648
v -0.400776 0.053213 2.501255
v -0.367138 0.028840 2.487608
v -0.349076 0.085785 2.500930
v -0.400126 0.045387 2.491755
v -0.395874 0.038443 2.485177
v -0.394543 0.062987 2.495872
v -0.393476 0.055175 2.486047
v -0.389580 0.048496 2.480320
v -0.385259 0.071908 2.493006
v -0.384722 0.063709 2.483857
v -0.382661 0.056739 2.479208
v -0.362553 0.039808 2.482893
v -0.358044 0.052189 2.481964
v -0.378532 0.029741 2.482993
v -0.374076 0.041243 2.478213
v -0.369545 0.052693 2.477710
v -0.388427 0.033047 2.482155
v -0.383365 0.044032 2.477794
v -0.378145 0.053467 2.477375
v -0.361353 0.083897 2.495663
v -0.373813 0.079120 2.492934
v -0.350957 0.076364 2.491445
v -0.363768 0.073973 2.485884
v -0.375194 0.069735 2.483820
v -0.354045 0.064796 2.484914
v -0.366247 0.063186 2.480155
v -0.375719 0.061112 2.479164
v -0.385822 0.227915 2.728177
v -0.335047 0.255395 2.724173
v -0.349229 0.252293 2.780088
v -0.379596 0.236778 2.721845
v -0.370424 0.244628 2.718053
v -0.383979 0.235819 2.739127
v -0.377280 0.245169 2.733001
v -0.368737 0.252084 2.729274
v -0.378758 0.242806 2.750913
v -0.372490 0.251290 2.744227
v -0.365859 0.256379 2.739392
v -0.335691 0.261954 2.735319
v -0.337677 0.265039 2.747674
v -0.347001 0.254419 2.719275
v -0.348070 0.260986 2.730795
v -0.349571 0.263679 2.742405
v -0.359182 0.250712 2.717166
v -0.359378 0.257166 2.728566
v -0.359042 0.260068 2.738855
v -0.360488 0.251469 2.772452
v -0.370657 0.248203 2.762407
v -0.344795 0.259962 2.771214
v -0.356301 0.259157 2.762897
v -0.365761 0.255763 2.753814
v -0.340817 0.264352 2.760053
v -0.352215 0.263104 2.752693
v -0.360946 0.259652 2.746361
v -1.059460 0.087829 -1.034314
v -1.051646 0.050884 -0.981123
v -1.020788 0.098295 -0.992726
v -1.056984 0.076126 -1.028485
v -1.054776 0.065683 -1.019240
v -1.047447 0.090779 -1.032071
v -1.044575 0.078783 -1.025744
v -1.042956 0.069129 -1.017123
v -1.036641 0.093545 -1.026059
v -1.034684 0.081773 -1.020185
v -1.034696 0.073028 -1.013602
v -1.040016 0.055643 -0.981484
v -1.030319 0.063654 -0.983023
v -1.051968 0.052408 -0.994338
v -1.040021 0.057595 -0.995138
v -1.031178 0.065094 -0.996175
v -1.053046 0.057503 -1.007464
v -1.041486 0.062331 -1.007317
v -1.033647 0.068068 -1.006461
v -1.022621 0.097498 -1.005373
v -1.028079 0.095862 -1.016852
v -1.020206 0.086079 -0.988933
v -1.022322 0.084875 -1.001893
v -1.027560 0.083733 -1.012534
v -1.023487 0.074150 -0.985592
v -1.025495 0.073834 -0.998347
v -1.029505 0.074434 -1.008019
v -1.091090 0.237392 -1.087715
v -1.051493 0.243479 -1.044563
v -1.098903 0.274337 -1.060906
v -1.078912 0.239558 -1.085192
v -1.067911 0.241404 -1.078852
v -1.093565 0.249095 -1.090244
v -1.081058 0.251635 -1.087451
v -1.070902 0.252927 -1.081325
v -1.095774 0.259538 -1.088456
v -1.083543 0.261197 -1.085669
v -1.074440 0.260951 -1.080699
v -1.055907 0.254885 -1.049205
v -1.063736 0.264464 -1.053542
v -1.053492 0.243466 -1.057490
v -1.058343 0.255195 -1.062634
v -1.065668 0.263925 -1.066182
v -1.059144 0.242751 -1.069298
v -1.063614 0.254078 -1.073380
v -1.069123 0.261768 -1.074906
v -1.098581 0.272813 -1.073033
v -1.097504 0.267718 -1.082521
v -1.086342 0.274694 -1.059696
v -1.085627 0.272897 -1.072092
v -1.085015 0.268004 -1.080735
v -1.074233 0.271296 -1.057161
v -1.074409 0.269608 -1.069226
v -1.075489 0.265911 -1.077100
v -1.098903 0.274337 1.136850
v -1.051493 0.243479 1.105460
v -1.091845 0.240961 1.155964
v -1.086244 0.274230 1.133947
v -1.074083 0.270587 1.128773
v -1.098716 0.273452 1.149557
v -1.085596 0.273095 1.146736
v -1.074424 0.269584 1.141426
v -1.097797 0.269108 1.158454
v -1.085171 0.268891 1.154922
v -1.075616 0.266512 1.149216
v -1.053627 0.244105 1.119704
v -1.059438 0.244141 1.133057
v -1.055808 0.254420 1.113796
v -1.058370 0.255323 1.128752
v -1.063772 0.254959 1.140729
v -1.063586 0.263755 1.121824
v -1.065691 0.263895 1.135675
v -1.069250 0.262369 1.145002
v -1.094185 0.252026 1.161827
v -1.096235 0.261718 1.162686
v -1.079531 0.242488 1.152125
v -1.081617 0.253933 1.157798
v -1.083902 0.262740 1.158456
v -1.068372 0.243583 1.144239
v -1.071218 0.254523 1.150054
v -1.074668 0.262031 1.151783
v -1.058705 0.084260 1.057906
v -1.020788 0.098295 1.014609
v -1.051646 0.050884 0.997021
v -1.046827 0.087849 1.055358
v -1.036180 0.091366 1.048986
v -1.056365 0.073196 1.049922
v -1.044045 0.076625 1.046823
v -1.034379 0.080231 1.041020
v -1.054315 0.063503 1.038650
v -1.042591 0.067554 1.036280
v -1.034468 0.071949 1.032835
v -1.020304 0.086543 1.008744
v -1.023637 0.074858 1.003618
v -1.022486 0.096859 1.027562
v -1.022269 0.084621 1.021861
v -1.025482 0.073907 1.016744
v -1.027785 0.094473 1.039400
v -1.027389 0.082788 1.033021
v -1.029377 0.073833 1.027022
v -1.051833 0.051769 1.010835
v -1.052752 0.056114 1.025170
v -1.040114 0.056107 0.997453
v -1.040049 0.057382 1.011843
v -1.041319 0.061391 1.025062
v -1.030469 0.064362 0.999724
v -1.031173 0.065170 1.013538
v -1.033520 0.067468 1.024661
v -0.898280 0.039535 1.838466
v -0.901383 0.023260 1.901616
v -0.872888 0.011016 1.844166
v -0.905351 0.033826 1.847806
v -0.909427 0.028936 1.860052
v -0.896544 0.030042 1.830050
v -0.903653 0.023913 1.839708
v -0.907309 0.019768 1.851424
v -0.892681 0.021740 1.826290
v -0.899698 0.016467 1.836102
v -0.903443 0.013951 1.846659
v -0.899495 0.014564 1.890107
v -0.895191 0.008572 1.877383
v -0.907343 0.023379 1.888346
v -0.905389 0.014521 1.875966
v -0.901098 0.009138 1.864624
v -0.910114 0.025332 1.874034
v -0.907875 0.016746 1.863038
v -0.903859 0.011766 1.855137
v -0.880243 0.011734 1.833709
v -0.887059 0.015425 1.827552
v -0.881202 0.006704 1.853227
v -0.889027 0.007522 1.842877
v -0.895000 0.011223 1.837127
v -0.888883 0.005861 1.864664
v -0.895863 0.006884 1.854006
v -0.900034 0.010123 1.847424
v -0.919081 0.205950 2.000804
v -0.900818 0.234469 2.062144
v -0.920879 0.179241 2.053775
v -0.919718 0.215443 2.010908
v -0.917930 0.223745 2.023346
v -0.925918 0.198374 2.008322
v -0.926609 0.207956 2.019161
v -0.924606 0.215796 2.030490
v -0.929720 0.191289 2.018428
v -0.929968 0.201049 2.028309
v -0.927796 0.208790 2.036724
v -0.908550 0.225496 2.066658
v -0.914944 0.214363 2.068058
v -0.907994 0.233751 2.050286
v -0.916130 0.224278 2.054464
v -0.921710 0.213932 2.055987
v -0.913887 0.230059 2.036927
v -0.921258 0.221030 2.041810
v -0.925344 0.212619 2.044959
v -0.927073 0.181228 2.042327
v -0.930118 0.185375 2.030156
v -0.921429 0.190042 2.061286
v -0.927677 0.192527 2.049551
v -0.930299 0.196100 2.038048
v -0.919385 0.202136 2.066205
v -0.925423 0.203756 2.054413
v -0.928038 0.205204 2.043836
v -0.416247 0.015637 2.529666
v -0.389300 -0.012759 2.573039
v -0.381905 -0.008716 2.514630
v -0.417785 0.006607 2.538250
v -0.415461 -0.001437 2.547801
v -0.415499 0.007857 2.520197
v -0.416834 -0.001665 2.528921
v -0.414515 -0.008765 2.538088
v -0.411115 0.000939 2.513475
v -0.412523 -0.007720 2.522496
v -0.411189 -0.012976 2.531284
v -0.389871 -0.019149 2.561447
v -0.389312 -0.022036 2.548568
v -0.400485 -0.011622 2.566094
v -0.401304 -0.018008 2.553790
v -0.400356 -0.020523 2.542090
v -0.409494 -0.007724 2.557404
v -0.409547 -0.014015 2.546054
v -0.407571 -0.016789 2.537107
v -0.393453 -0.007777 2.510545
v -0.403512 -0.004453 2.510146
v -0.385124 -0.016553 2.523951
v -0.397108 -0.015636 2.520186
v -0.406189 -0.012187 2.519700
v -0.387675 -0.021141 2.535636
v -0.399022 -0.019773 2.531312
v -0.406578 -0.016246 2.529265
v -0.401293 0.190340 2.756588
v -0.363855 0.214707 2.806967
v -0.375104 0.157592 2.796943
v -0.399350 0.198187 2.767458
v -0.393977 0.205143 2.779024
v -0.402826 0.180535 2.764359
v -0.400633 0.188368 2.775898
v -0.395453 0.195058 2.786330
v -0.400588 0.171577 2.773133
v -0.398438 0.179799 2.783701
v -0.394336 0.186783 2.791555
v -0.367221 0.203709 2.812272
v -0.370297 0.191292 2.813894
v -0.375316 0.213830 2.799799
v -0.379097 0.202297 2.804887
v -0.381532 0.190812 2.806429
v -0.385688 0.210537 2.790178
v -0.388558 0.199521 2.795631
v -0.389310 0.190055 2.798319
v -0.386014 0.159512 2.790266
v -0.394790 0.164327 2.782068
v -0.374442 0.167043 2.805837
v -0.385621 0.169469 2.799043
v -0.393616 0.173740 2.791113
v -0.372788 0.178647 2.811675
v -0.383634 0.180288 2.804562
v -0.390820 0.182387 2.796973
v -1.107993 0.077565 -1.034314
v -1.147591 0.071478 -0.992726
v -1.100180 0.040620 -0.981123
v -1.120171 0.075399 -1.032071
v -1.131172 0.073553 -1.026059
v -1.105518 0.065861 -1.028485
v -1.118025 0.063322 -1.025765
v -1.128181 0.062030 -1.020224
v -1.103309 0.055419 -1.019241
v -1.115540 0.053760 -1.017087
v -1.124644 0.054006 -1.013602
v -1.143177 0.060072 -0.988933
v -1.135347 0.050493 -0.985592
v -1.145591 0.071491 -1.005373
v -1.140740 0.059762 -1.001798
v -1.133415 0.051032 -0.998320
v -1.139939 0.072206 -1.016851
v -1.135469 0.060879 -1.012545
v -1.129960 0.053189 -1.008019
v -1.100502 0.042144 -0.994339
v -1.101580 0.047239 -1.007464
v -1.112741 0.040263 -0.981485
v -1.113456 0.042060 -0.995212
v -1.114068 0.046953 -1.007288
v -1.124850 0.043661 -0.983023
v -1.124674 0.045349 -0.996216
v -1.123595 0.049046 -1.006461
v -1.139624 0.227128 -1.087715
v -1.147437 0.264073 -1.060906
v -1.178295 0.216662 -1.044563
v -1.142099 0.238831 -1.090244
v -1.144307 0.249274 -1.088456
v -1.151636 0.224178 -1.085192
v -1.154508 0.236174 -1.087480
v -1.156127 0.245828 -1.085692
v -1.162442 0.221412 -1.078852
v -1.164399 0.233184 -1.081306
v -1.164387 0.241929 -1.080699
v -1.159067 0.259314 -1.059696
v -1.168764 0.251303 -1.057161
v -1.147115 0.262549 -1.073033
v -1.159062 0.257362 -1.072015
v -1.167905 0.249863 -1.069204
v -1.146037 0.257454 -1.082521
v -1.157597 0.252626 -1.080745
v -1.165436 0.246889 -1.077100
v -1.176462 0.217459 -1.057490
v -1.171004 0.219094 -1.069298
v -1.178877 0.228878 -1.049205
v -1.176761 0.230082 -1.062682
v -1.171523 0.231224 -1.073346
v -1.175596 0.240807 -1.053543
v -1.173588 0.241123 -1.066224
v -1.169578 0.240523 -1.074906
v -1.147437 0.264073 1.136850
v -1.140378 0.230697 1.155964
v -1.178295 0.216662 1.105460
v -1.147250 0.263188 1.149557
v -1.146331 0.258843 1.158454
v -1.158969 0.258850 1.133947
v -1.159034 0.257575 1.146826
v -1.157763 0.253566 1.154921
v -1.168614 0.250595 1.128773
v -1.167910 0.249787 1.141441
v -1.165563 0.247489 1.149216
v -1.152256 0.227108 1.152125
v -1.162903 0.223591 1.144239
v -1.142718 0.241761 1.161827
v -1.155038 0.238332 1.157742
v -1.164704 0.234726 1.150068
v -1.144768 0.251454 1.162686
v -1.156492 0.247403 1.158433
v -1.164615 0.243008 1.151783
v -1.178779 0.228414 1.113796
v -1.175446 0.240099 1.121824
v -1.176597 0.218098 1.119704
v -1.176814 0.230336 1.128718
v -1.173601 0.241050 1.135622
v -1.171298 0.220484 1.133057
v -1.171694 0.232169 1.140777
v -1.169706 0.241124 1.145002
v -1.019769 0.252483 -1.185295
v -1.051956 0.215537 -1.172104
v -1.011016 0.201362 -1.209516
v -1.031872 0.250768 -1.184683
v -1.041971 0.245573 -1.182829
v -1.019218 0.246387 -1.196246
v -1.031646 0.244226 -1.195823
v -1.040864 0.239462 -1.193683
v -1.017912 0.237242 -1.204815
v -1.029951 0.235641 -1.203690
v -1.038146 0.232807 -1.200744
v -1.049829 0.211250 -1.183701
v -1.043954 0.207350 -1.194142
v -1.052534 0.227051 -1.176215
v -1.050106 0.222928 -1.188295
v -1.044477 0.218970 -1.197716
v -1.049097 0.237394 -1.179908
v -1.046791 0.232638 -1.191280
v -1.042467 0.227847 -1.198973
v -1.013600 0.213569 -1.211795
v -1.015974 0.225924 -1.210178
v -1.023548 0.202150 -1.207718
v -1.026549 0.214857 -1.209792
v -1.028306 0.226221 -1.208158
v -1.034890 0.204212 -1.202425
v -1.036935 0.216389 -1.204618
v -1.036970 0.225944 -1.203996
v -0.456408 0.234469 2.744631
v -0.436667 0.210101 2.746499
v -0.495958 0.179241 2.706334
v -0.448569 0.234494 2.756700
v -0.442155 0.231675 2.763258
v -0.466894 0.224956 2.744286
v -0.459120 0.224552 2.756464
v -0.452935 0.222124 2.762229
v -0.477000 0.213540 2.739654
v -0.468779 0.213848 2.751505
v -0.462067 0.213318 2.757236
v -0.448119 0.201781 2.746063
v -0.461027 0.193824 2.741165
v -0.435896 0.218851 2.757899
v -0.447859 0.210466 2.757468
v -0.459853 0.202861 2.752341
v -0.437785 0.226280 2.763672
v -0.449327 0.217609 2.762569
v -0.459417 0.210046 2.757487
v -0.492283 0.189502 2.719701
v -0.485756 0.201312 2.731175
v -0.486182 0.181971 2.720278
v -0.481927 0.192796 2.734410
v -0.476092 0.203666 2.744415
v -0.474154 0.186991 2.732272
v -0.470774 0.197199 2.744969
v -0.467377 0.205903 2.752094
v -0.950878 0.252596 1.968825
v -0.937710 0.224077 1.979835
v -0.985841 0.201507 1.928622
v -0.947482 0.252392 1.982251
v -0.944168 0.248970 1.990585
v -0.962359 0.245416 1.966423
v -0.959142 0.244812 1.979982
v -0.955709 0.241732 1.987474
v -0.972454 0.235707 1.960488
v -0.968579 0.235672 1.973800
v -0.964282 0.234362 1.981186
v -0.949835 0.218294 1.976894
v -0.961800 0.212632 1.969396
v -0.939029 0.234084 1.989319
v -0.951646 0.228351 1.986230
v -0.962617 0.222807 1.978767
v -0.941253 0.242656 1.993023
v -0.953313 0.236458 1.989493
v -0.962514 0.230533 1.982664
v -0.984804 0.212619 1.940614
v -0.980195 0.224396 1.951587
v -0.980734 0.203805 1.944017
v -0.979297 0.215447 1.956815
v -0.975035 0.226254 1.966356
v -0.972457 0.207635 1.958058
v -0.971487 0.218675 1.969355
v -0.968976 0.227503 1.975789
v -1.132126 0.252596 1.235950
v -1.159501 0.201507 1.226431
v -1.134671 0.219220 1.176234
v -1.142703 0.246048 1.238139
v -1.151442 0.236670 1.238183
v -1.135029 0.251523 1.222624
v -1.145974 0.244517 1.224410
v -1.153832 0.235765 1.224784
v -1.136849 0.247080 1.208683
v -1.147225 0.240461 1.211344
v -1.153828 0.233545 1.213552
v -1.161063 0.202935 1.213572
v -1.158998 0.205744 1.200981
v -1.160277 0.213251 1.232029
v -1.161692 0.215132 1.218839
v -1.159573 0.217400 1.207067
v -1.157503 0.225359 1.236076
v -1.158881 0.226349 1.222995
v -1.157503 0.226686 1.212274
v -1.136662 0.230096 1.184289
v -1.137413 0.239690 1.195462
v -1.145123 0.214306 1.181347
v -1.147390 0.225390 1.190043
v -1.147667 0.234326 1.200329
v -1.153501 0.209666 1.189868
v -1.154999 0.220693 1.197834
v -1.154169 0.229064 1.205534
v -1.107238 0.073996 1.057906
v -1.100180 0.040620 0.997021
v -1.147590 0.071478 1.014609
v -1.104898 0.062931 1.049922
v -1.102849 0.053239 1.038650
v -1.119552 0.072469 1.055358
v -1.117466 0.061024 1.046791
v -1.115181 0.052217 1.036320
v -1.130711 0.071374 1.048986
v -1.127865 0.060434 1.040974
v -1.124415 0.052926 1.032835
v -1.112839 0.040727 0.997453
v -1.125000 0.044370 0.999724
v -1.100367 0.041505 1.010835
v -1.113487 0.041862 1.011766
v -1.124659 0.045373 1.013492
v -1.101286 0.045849 1.025170
v -1.113913 0.046066 1.025096
v -1.123468 0.048445 1.024661
v -1.145456 0.070852 1.027562
v -1.139645 0.070816 1.039400
v -1.143275 0.060537 1.008744
v -1.140713 0.059634 1.021970
v -1.135311 0.059998 1.033014
v -1.135497 0.051201 1.003618
v -1.133393 0.051062 1.016769
v -1.129833 0.052588 1.027022
v -0.922947 0.029143 1.750847
v -0.967333 0.053432 1.784175
v -0.916909 0.057662 1.817497
v -0.935188 0.028039 1.754372
v -0.946778 0.030282 1.760097
v -0.919603 0.029347 1.764670
v -0.932185 0.028416 1.768836
v -0.942940 0.030651 1.773763
v -0.917144 0.032768 1.779680
v -0.929495 0.031795 1.782713
v -0.939137 0.033196 1.784949
v -0.961815 0.052446 1.796367
v -0.953056 0.052420 1.806646
v -0.963681 0.043632 1.775767
v -0.957651 0.042409 1.788085
v -0.949534 0.042763 1.797736
v -0.956604 0.035660 1.767476
v -0.951108 0.035128 1.779940
v -0.945096 0.036457 1.789424
v -0.915727 0.047655 1.807458
v -0.915807 0.039082 1.794436
v -0.929445 0.055162 1.817759
v -0.928629 0.044793 1.807153
v -0.928350 0.037055 1.794991
v -0.941892 0.053357 1.814023
v -0.940234 0.043518 1.803852
v -0.938327 0.037025 1.793897
v -1.084869 0.029143 1.096121
v -1.101531 0.062519 1.078176
v -1.128185 0.053432 1.133771
v -1.088225 0.030216 1.084138
v -1.091925 0.034659 1.075757
v -1.096464 0.027407 1.101321
v -1.100278 0.028688 1.089242
v -1.103317 0.033015 1.081535
v -1.107590 0.029319 1.108429
v -1.110471 0.030605 1.096381
v -1.111629 0.034014 1.088692
v -1.112309 0.059149 1.084255
v -1.121071 0.056323 1.093911
v -1.098922 0.051642 1.072619
v -1.109919 0.047889 1.079009
v -1.117973 0.045677 1.088278
v -1.095614 0.042049 1.071784
v -1.106416 0.039161 1.078245
v -1.113866 0.038495 1.086283
v -1.124271 0.043000 1.125491
v -1.117180 0.034696 1.116765
v -1.129421 0.053316 1.119945
v -1.125189 0.042613 1.110952
v -1.118449 0.035078 1.103352
v -1.126972 0.054311 1.106220
v -1.122875 0.043976 1.098507
v -1.117445 0.037275 1.093747
v -0.475535 0.011016 2.454386
v -0.509309 0.023260 2.503729
v -0.451622 0.035384 2.519558
v -0.485529 0.007243 2.461497
v -0.494706 0.006685 2.470968
v -0.467700 0.010991 2.466390
v -0.477820 0.007274 2.474241
v -0.486493 0.006928 2.482688
v -0.460804 0.013809 2.480271
v -0.471092 0.010173 2.486972
v -0.479520 0.009424 2.492397
v -0.499820 0.022636 2.513316
v -0.488130 0.023716 2.520194
v -0.507211 0.015104 2.493174
v -0.497163 0.014346 2.502680
v -0.486348 0.015704 2.509227
v -0.502183 0.009396 2.481893
v -0.492694 0.009186 2.491810
v -0.484054 0.011068 2.499022
v -0.452349 0.026634 2.508228
v -0.455510 0.019205 2.494700
v -0.462788 0.030418 2.523478
v -0.463991 0.021283 2.511678
v -0.466657 0.014674 2.498969
v -0.475358 0.026401 2.523698
v -0.475715 0.017917 2.512114
v -0.476310 0.012695 2.501147
v -0.972512 0.029030 -1.105512
v -0.979693 0.053250 -1.156633
v -1.020325 0.065975 -1.118703
v -0.972781 0.026811 -1.117848
v -0.973757 0.028461 -1.130270
v -0.985340 0.030744 -1.106124
v -0.986004 0.028729 -1.118956
v -0.986511 0.030394 -1.130385
v -0.997636 0.035939 -1.107979
v -0.997394 0.033810 -1.120289
v -0.996200 0.034472 -1.129929
v -0.992169 0.053779 -1.154742
v -1.003447 0.055535 -1.149341
v -0.977391 0.042360 -1.150665
v -0.990211 0.042697 -1.148323
v -1.000615 0.044744 -1.143362
v -0.975347 0.033823 -1.141588
v -0.987867 0.034862 -1.139804
v -0.997164 0.037723 -1.136792
v -1.016034 0.054461 -1.114593
v -1.008222 0.044119 -1.110900
v -1.018254 0.061947 -1.130393
v -1.013521 0.049958 -1.126460
v -1.006209 0.040625 -1.122688
v -1.012443 0.058353 -1.140943
v -1.008094 0.047061 -1.136358
v -1.002620 0.039432 -1.131700
vn -0.2333 -0.9723 -0.0137
vn 0.8516 -0.4416 0.2826
vn -0.2751 -0.5050 0.8181
vn 0.0035 -0.9990 0.0441
vn 0.2702 -0.9565 0.1099
vn -0.2727 -0.9519 0.1398
vn -0.0472 -0.9799 0.1936
vn 0.2021 -0.9475 0.2478
vn -0.3069 -0.8831 0.3548
vn -0.1019 -0.9138 0.3931
vn 0.1107 -0.9039 0.4131
vn 0.7253 -0.5138 0.4582
vn 0.5022 -0.5707 0.6497
vn 0.7325 -0.6354 0.2446
vn 0.6077 -0.6817 0.4074
vn 0.4112 -0.7007 0.5830
vn 0.5208 -0.8348 0.1785
vn 0.4220 -0.8487 0.3188
vn 0.2878 -0.8307 0.4765
vn -0.2976 -0.6280 0.7191
vn -0.3153 -0.7762 0.5459
vn -0.0396 -0.5604 0.8273
vn -0.0710 -0.6809 0.7289
vn -0.1096 -0.8173 0.5657
vn 0.2387 -0.5861 0.7743
vn 0.1833 -0.7007 0.6895
vn 0.1045 -0.8216 0.5605
vn -0.2032 -0.9772 -0.0616
vn 0.5109 0.5584 -0.6536
vn 0.9189 -0.3596 0.1623
vn -0.1022 -0.9629 -0.2498
vn 0.1459 -0.7283 -0.6696
vn 0.0467 -0.9989 -0.0026
vn 0.1996 -0.9681 -0.1518
vn 0.4717 -0.7467 -0.4689
vn 0.3119 -0.9484 0.0578
vn 0.4577 -0.8865 -0.0679
vn 0.6544 -0.6926 -0.3035
vn 0.7152 0.4299 -0.5511
vn 0.8742 0.2633 -0.4080
vn 0.5175 0.3783 -0.7675
vn 0.7541 0.2322 -0.6143
vn 0.8975 0.0672 -0.4360
vn 0.4190 -0.1372 -0.8975
vn 0.7080 -0.2364 -0.6654
vn 0.8396 -0.2917 -0.4583
vn 0.8073 -0.5733 0.1400
vn 0.5768 -0.8100 0.1060
vn 0.9804 -0.1971 -0.0067
vn 0.9048 -0.4255 -0.0169
vn 0.7038 -0.7098 -0.0285
vn 0.9730 0.0486 -0.2257
vn 0.9572 -0.1610 -0.2406
vn 0.8414 -0.4823 -0.2437
vn -0.3518 -0.9073 -0.2304
vn 0.7958 0.5035 -0.3365
vn 0.7277 -0.5564 0.4012
vn -0.1976 -0.9108 -0.3626
vn 0.2367 -0.7139 -0.6590
vn -0.1430 -0.9848 -0.0989
vn 0.0499 -0.9839 -0.1716
vn 0.4689 -0.8130 -0.3451
vn 0.0862 -0.9954 0.0427
vn 0.2728 -0.9620 -0.0082
vn 0.5838 -0.8015 -0.1298
vn 0.9259 0.3243 -0.1940
vn 0.9920 0.1196 -0.0402
vn 0.8194 0.3439 -0.4586
vn 0.9569 0.1356 -0.2566
vn 0.9946 -0.0702 -0.0766
vn 0.6967 -0.1463 -0.7023
vn 0.8655 -0.3243 -0.3818
vn 0.8942 -0.4185 -0.1592
vn 0.5908 -0.7410 0.3192
vn 0.3401 -0.9219 0.1857
vn 0.8721 -0.3934 0.2911
vn 0.7636 -0.6022 0.2329
vn 0.5237 -0.8427 0.1248
vn 0.9841 -0.1269 0.1245
vn 0.9409 -0.3277 0.0852
vn 0.7775 -0.6289 0.0079
vn -0.0000 -0.4094 -0.9124
vn -0.0000 -0.9658 0.2594
vn -0.0000 -0.6115 -0.7913
vn -0.0000 -0.8259 -0.5639
vn -0.0000 -0.9593 -0.2824
vn -0.0000 -0.9997 0.0259
vn -0.0775 -0.9641 0.2540
vn -0.9893 0.0823 -0.1206
vn -0.0786 -0.3951 -0.9153
vn -0.3200 -0.9186 0.2317
vn -0.6355 -0.7525 0.1729
vn -0.0781 -0.9968 0.0181
vn -0.3177 -0.9481 -0.0145
vn -0.6113 -0.7890 -0.0610
vn -0.0732 -0.9542 -0.2902
vn -0.2907 -0.9041 -0.3133
vn -0.5419 -0.7789 -0.3158
vn -0.9414 -0.0054 -0.3371
vn -0.7994 -0.1199 -0.5887
vn -0.9874 -0.1528 -0.0420
vn -0.9328 -0.2413 -0.2678
vn -0.7888 -0.3321 -0.5172
vn -0.8763 -0.4761 0.0739
vn -0.8277 -0.5406 -0.1503
vn -0.7211 -0.5732 -0.3892
vn -0.0791 -0.5975 -0.7980
vn -0.0738 -0.8161 -0.5732
vn -0.3047 -0.3393 -0.8900
vn -0.3069 -0.5466 -0.7791
vn -0.2881 -0.7679 -0.5721
vn -0.5791 -0.2364 -0.7802
vn -0.5771 -0.4367 -0.6901
vn -0.5328 -0.6553 -0.5354
vn -0.2555 -0.8283 0.4986
vn 0.2534 -0.8276 0.5008
vn -0.3151 -0.6784 -0.6637
vn 0.3158 -0.6777 -0.6641
vn -0.1725 -0.8484 0.5004
vn -0.0551 -0.8634 0.5015
vn -0.1872 -0.9309 0.3137
vn -0.1483 -0.9308 0.3341
vn -0.0472 -0.9350 0.3514
vn -0.0486 -0.9974 0.0536
vn -0.0502 -0.9943 0.0945
vn -0.0139 -0.9916 0.1286
vn 0.1820 -0.9314 0.3153
vn 0.0437 -0.9978 0.0503
vn 0.1720 -0.8460 0.5047
vn 0.1469 -0.9304 0.3358
vn 0.0492 -0.9950 0.0873
vn 0.0578 -0.8619 0.5038
vn 0.0531 -0.9345 0.3519
vn 0.0165 -0.9921 0.1247
vn -0.2082 -0.7095 -0.6733
vn -0.0734 -0.7328 -0.6765
vn -0.2335 -0.8297 -0.5069
vn -0.1590 -0.8546 -0.4943
vn -0.0644 -0.8752 -0.4795
vn -0.1103 -0.9610 -0.2537
vn -0.0723 -0.9671 -0.2439
vn -0.0356 -0.9737 -0.2248
vn 0.2363 -0.8286 -0.5076
vn 0.1111 -0.9615 -0.2514
vn 0.2078 -0.7088 -0.6741
vn 0.1577 -0.8538 -0.4961
vn 0.0718 -0.9678 -0.2413
vn 0.0731 -0.7326 -0.6767
vn 0.0627 -0.8748 -0.4805
vn 0.0339 -0.9740 -0.2238
vn 0.4151 0.8966 0.1544
vn -0.2529 -0.4289 0.8672
vn 0.9088 -0.2915 0.2984
vn 0.3561 0.8507 0.3868
vn 0.2038 0.6273 0.7517
vn 0.6230 0.7546 0.2060
vn 0.5862 0.6851 0.4326
vn 0.4602 0.4636 0.7572
vn 0.8067 0.5355 0.2499
vn 0.7731 0.4485 0.4485
vn 0.6528 0.2819 0.7032
vn -0.0064 -0.4853 0.8743
vn 0.2819 -0.5094 0.8131
vn -0.1760 -0.2160 0.9604
vn 0.1031 -0.2847 0.9531
vn 0.3874 -0.3234 0.8633
vn -0.0068 0.2044 0.9789
vn 0.2751 0.0914 0.9570
vn 0.5038 -0.0166 0.8637
vn 0.9502 -0.0558 0.3066
vn 0.9224 0.2589 0.2867
vn 0.7875 -0.3843 0.4818
vn 0.8530 -0.1570 0.4978
vn 0.8642 0.1645 0.4755
vn 0.5572 -0.4749 0.6812
vn 0.6433 -0.2777 0.7135
vn 0.7143 0.0194 0.6996
vn -0.0000 0.9117 -0.4109
vn -0.0000 -0.2610 -0.9653
vn -0.0000 0.7900 -0.6131
vn -0.0000 0.5635 -0.8261
vn -0.0000 0.2820 -0.9594
vn -0.0000 -0.0280 -0.9996
vn 0.4368 0.8941 0.0985
vn 0.9611 -0.2118 0.1773
vn 0.5096 0.5742 -0.6408
vn 0.6419 0.7526 0.1470
vn 0.8145 0.5495 0.1862
vn 0.4666 0.8844 -0.0115
vn 0.6678 0.7433 0.0393
vn 0.8210 0.5658 0.0767
vn 0.4952 0.8431 -0.2097
vn 0.6788 0.7185 -0.1515
vn 0.8075 0.5821 -0.0953
vn 0.9976 -0.0686 0.0058
vn 0.9695 0.1214 -0.2131
vn 0.9804 0.0106 0.1967
vn 0.9917 0.1229 0.0368
vn 0.9521 0.2543 -0.1697
vn 0.9324 0.2981 0.2044
vn 0.9296 0.3604 0.0770
vn 0.9005 0.4234 -0.0996
vn 0.5158 0.6512 -0.5567
vn 0.5112 0.7670 -0.3879
vn 0.7112 0.4520 -0.5384
vn 0.7124 0.5310 -0.4589
vn 0.6930 0.6508 -0.3104
vn 0.8685 0.2980 -0.3960
vn 0.8582 0.3904 -0.3333
vn 0.8198 0.5241 -0.2306
vn 0.5384 0.7667 0.3497
vn 0.7884 -0.4227 0.4470
vn 0.7949 0.5054 -0.3358
vn 0.6865 0.5769 0.4426
vn 0.7912 0.3436 0.5059
vn 0.5958 0.7586 0.2638
vn 0.7399 0.5694 0.3581
vn 0.8333 0.3640 0.4161
vn 0.6814 0.7269 0.0855
vn 0.8098 0.5571 0.1840
vn 0.8820 0.3950 0.2571
vn 0.9058 -0.2755 0.3220
vn 0.9879 -0.0663 0.1401
vn 0.8402 -0.2115 0.4993
vn 0.9230 -0.0938 0.3733
vn 0.9802 0.0569 0.1898
vn 0.8461 0.0765 0.5276
vn 0.8947 0.1445 0.4226
vn 0.9390 0.2243 0.2607
vn 0.7850 0.5657 -0.2524
vn 0.7430 0.6642 -0.0829
vn 0.9241 0.3316 -0.1900
vn 0.9120 0.3946 -0.1118
vn 0.8645 0.5014 0.0344
vn 0.9896 0.1397 -0.0328
vn 0.9752 0.2195 0.0297
vn 0.9287 0.3473 0.1297
vn -0.0716 0.9085 -0.4117
vn -0.0784 -0.2438 -0.9667
vn -0.9608 0.2209 -0.1673
vn -0.0711 0.7889 -0.6104
vn -0.0678 0.5674 -0.8206
vn -0.2762 0.8744 -0.3990
vn -0.2747 0.7574 -0.5923
vn -0.2589 0.5581 -0.7883
vn -0.5239 0.7735 -0.3566
vn -0.5115 0.6732 -0.5340
vn -0.4683 0.5236 -0.7118
vn -0.3005 -0.1880 -0.9351
vn -0.5690 -0.0963 -0.8167
vn -0.0764 -0.0147 -0.9970
vn -0.2928 0.0368 -0.9555
vn -0.5398 0.1018 -0.8356
vn -0.0695 0.2895 -0.9547
vn -0.2646 0.3151 -0.9114
vn -0.4768 0.3255 -0.8166
vn -0.8853 0.4038 -0.2307
vn -0.7296 0.6147 -0.2996
vn -0.9155 0.1355 -0.3788
vn -0.8411 0.3208 -0.4354
vn -0.6983 0.5291 -0.4822
vn -0.7813 0.0161 -0.6240
vn -0.7246 0.1983 -0.6600
vn -0.6268 0.4010 -0.6681
vn -0.2798 -0.7207 0.6342
vn -0.3249 0.5282 0.7845
vn 0.3229 0.5301 0.7840
vn 0.2816 -0.7193 0.6351
vn -0.3012 -0.5488 0.7798
vn -0.3270 -0.2844 0.9012
vn -0.1686 -0.7197 0.6735
vn -0.1657 -0.5350 0.8285
vn -0.1728 -0.2971 0.9391
vn -0.0567 -0.7082 0.7037
vn -0.0594 -0.5190 0.8527
vn -0.0647 -0.2968 0.9527
vn -0.2108 0.4917 0.8449
vn -0.0685 0.4770 0.8762
vn -0.3489 0.3051 0.8861
vn -0.2052 0.2607 0.9434
vn -0.0677 0.2487 0.9662
vn -0.3459 0.0243 0.9379
vn -0.1877 0.0103 0.9822
vn -0.0670 0.0155 0.9976
vn 0.3433 0.3065 0.8878
vn 0.3421 0.0202 0.9395
vn 0.2094 0.4970 0.8421
vn 0.2035 0.2628 0.9431
vn 0.1872 0.0021 0.9823
vn 0.0713 0.4806 0.8741
vn 0.0739 0.2499 0.9655
vn 0.0707 0.0110 0.9974
vn 0.1699 -0.7158 0.6773
vn 0.0543 -0.7056 0.7065
vn 0.3064 -0.5473 0.7788
vn 0.1672 -0.5331 0.8294
vn 0.0539 -0.5180 0.8537
vn 0.3304 -0.2879 0.8988
vn 0.1728 -0.3043 0.9368
vn 0.0612 -0.3008 0.9517
vn -0.6105 -0.4829 0.6278
vn 0.6848 -0.5022 0.5280
vn 0.5122 0.7709 0.3786
vn -0.3904 -0.5883 0.7081
vn -0.1131 -0.6576 0.7448
vn -0.5429 -0.3135 0.7791
vn -0.2816 -0.4401 0.8526
vn 0.0042 -0.5171 0.8559
vn -0.3145 0.0781 0.9460
vn -0.0434 -0.1038 0.9936
vn 0.1807 -0.2418 0.9533
vn 0.7665 -0.2810 0.5775
vn 0.8093 0.0353 0.5864
vn 0.4913 -0.5921 0.6388
vn 0.5953 -0.3882 0.7035
vn 0.6829 -0.0709 0.7270
vn 0.1906 -0.6609 0.7259
vn 0.3022 -0.4983 0.8126
vn 0.4413 -0.2192 0.8701
vn 0.3825 0.7264 0.5710
vn 0.0649 0.5048 0.8608
vn 0.6611 0.5798 0.4762
vn 0.5543 0.5002 0.6652
vn 0.2877 0.2692 0.9191
vn 0.7694 0.3292 0.5474
vn 0.6690 0.2292 0.7071
vn 0.4446 0.0546 0.8940
vn -0.6216 -0.5298 0.5769
vn -0.3815 -0.9001 -0.2105
vn 0.6093 -0.6343 0.4758
vn -0.6250 -0.6245 0.4683
vn -0.6044 -0.7438 0.2854
vn -0.4118 -0.6331 0.6554
vn -0.4229 -0.7237 0.5454
vn -0.4230 -0.8285 0.3670
vn -0.1469 -0.7051 0.6937
vn -0.1837 -0.7878 0.5879
vn -0.2299 -0.8733 0.4294
vn -0.1832 -0.9797 -0.0815
vn 0.0430 -0.9968 0.0669
vn -0.4588 -0.8840 -0.0895
vn -0.2690 -0.9626 0.0319
vn -0.0575 -0.9848 0.1641
vn -0.5496 -0.8292 0.1022
vn -0.3736 -0.9053 0.2022
vn -0.1881 -0.9388 0.2886
vn 0.4184 -0.6978 0.5814
vn 0.1372 -0.7287 0.6710
vn 0.4767 -0.7940 0.3773
vn 0.2999 -0.8276 0.4745
vn 0.0579 -0.8226 0.5657
vn 0.2688 -0.9369 0.2234
vn 0.1331 -0.9409 0.3114
vn -0.0388 -0.9105 0.4117
vn -0.9130 -0.3155 0.2587
vn 0.2570 -0.7189 0.6459
vn 0.3132 0.5459 0.7771
vn -0.7835 -0.4812 0.3932
vn -0.5645 -0.6377 0.5242
vn -0.8742 -0.1682 0.4556
vn -0.7236 -0.3535 0.5929
vn -0.4967 -0.5179 0.6965
vn -0.6819 0.0997 0.7246
vn -0.5343 -0.1126 0.8378
vn -0.3586 -0.3060 0.8819
vn 0.3138 -0.5429 0.7790
vn 0.3780 -0.2618 0.8880
vn 0.0252 -0.7465 0.6650
vn 0.0895 -0.5770 0.8119
vn 0.1774 -0.3038 0.9361
vn -0.2866 -0.7300 0.6205
vn -0.2229 -0.5922 0.7743
vn -0.1090 -0.3673 0.9237
vn 0.0821 0.5161 0.8526
vn -0.3146 0.3630 0.8771
vn 0.3672 0.3298 0.8697
vn 0.1512 0.2777 0.9487
vn -0.2073 0.1235 0.9705
vn 0.3965 0.0402 0.9172
vn 0.2009 -0.0154 0.9795
vn -0.0949 -0.1160 0.9887
vn -0.9103 -0.3770 0.1712
vn -0.3924 -0.6973 -0.5999
vn 0.2176 -0.8166 0.5346
vn -0.8835 -0.4672 0.0350
vn -0.8055 -0.5710 -0.1587
vn -0.7859 -0.5382 0.3043
vn -0.7637 -0.6239 0.1659
vn -0.7031 -0.7105 -0.0290
vn -0.5754 -0.6920 0.4360
vn -0.5751 -0.7632 0.2945
vn -0.5622 -0.8205 0.1032
vn -0.3004 -0.8511 -0.4306
vn -0.1613 -0.9689 -0.1875
vn -0.5207 -0.7014 -0.4868
vn -0.4257 -0.8487 -0.3138
vn -0.2951 -0.9498 -0.1042
vn -0.6854 -0.6485 -0.3312
vn -0.5941 -0.7831 -0.1838
vn -0.4687 -0.8828 -0.0301
vn -0.0060 -0.8313 0.5558
vn -0.3074 -0.7941 0.5244
vn 0.1310 -0.9259 0.3543
vn -0.0773 -0.9221 0.3791
vn -0.3444 -0.8638 0.3677
vn -0.0098 -0.9962 0.0868
vn -0.1770 -0.9758 0.1287
vn -0.3805 -0.9109 0.1595
vn 0.1682 0.3571 0.9188
vn 0.9920 -0.1010 0.0751
vn 0.2989 0.9524 0.0596
vn 0.3902 0.2929 0.8729
vn 0.6381 0.1930 0.7454
vn 0.2004 0.5180 0.8316
vn 0.4145 0.4552 0.7880
vn 0.6406 0.3562 0.6803
vn 0.2335 0.7039 0.6708
vn 0.4255 0.6396 0.6403
vn 0.6157 0.5366 0.5771
vn 0.9890 0.1302 0.0701
vn 0.9048 0.4215 0.0604
vn 0.9572 -0.0231 0.2887
vn 0.9417 0.1957 0.2736
vn 0.8580 0.4542 0.2398
vn 0.8344 0.0839 0.5448
vn 0.8184 0.2684 0.5081
vn 0.7650 0.4708 0.4394
vn 0.2866 0.9267 0.2432
vn 0.2621 0.8402 0.4747
vn 0.5159 0.8546 0.0591
vn 0.4939 0.8350 0.2424
vn 0.4512 0.7632 0.4625
vn 0.7404 0.6697 0.0573
vn 0.7068 0.6689 0.2302
vn 0.6380 0.6418 0.4255
vn 0.1476 0.2382 0.9599
vn -0.1080 -0.9918 0.0677
vn 0.9627 -0.2596 0.0758
vn 0.1067 -0.0066 0.9943
vn 0.0305 -0.3958 0.9178
vn 0.3782 0.1710 0.9098
vn 0.3552 -0.0757 0.9317
vn 0.2856 -0.4336 0.8546
vn 0.6319 0.0722 0.7717
vn 0.6084 -0.1519 0.7790
vn 0.5246 -0.4389 0.7295
vn 0.1395 -0.9879 0.0678
vn 0.4282 -0.9014 0.0640
vn -0.0914 -0.9453 0.3133
vn 0.1742 -0.9357 0.3068
vn 0.4621 -0.8422 0.2779
vn -0.0436 -0.7482 0.6620
vn 0.2198 -0.7476 0.6267
vn 0.4704 -0.6951 0.5436
vn 0.9394 -0.1752 0.2948
vn 0.8268 -0.0480 0.5604
vn 0.8744 -0.4792 0.0757
vn 0.8672 -0.3988 0.2982
vn 0.7814 -0.2635 0.5657
vn 0.6828 -0.7274 0.0680
vn 0.6971 -0.6610 0.2776
vn 0.6671 -0.5248 0.5287
vn -0.0964 -0.9945 -0.0402
vn 0.2130 0.4496 -0.8675
vn 0.9675 -0.2431 -0.0693
vn -0.0597 -0.9599 -0.2738
vn 0.0159 -0.7281 -0.6853
vn 0.1571 -0.9867 -0.0410
vn 0.2361 -0.9364 -0.2597
vn 0.3329 -0.7141 -0.6158
vn 0.4369 -0.8985 -0.0414
vn 0.5122 -0.8270 -0.2317
vn 0.5691 -0.6446 -0.5105
vn 0.4495 0.3662 -0.8147
vn 0.6801 0.2404 -0.6926
vn 0.1920 0.2284 -0.9544
vn 0.4643 0.1390 -0.8747
vn 0.6925 0.0275 -0.7209
vn 0.1187 -0.2437 -0.9626
vn 0.4232 -0.2905 -0.8582
vn 0.6406 -0.3070 -0.7039
vn 0.8825 -0.4656 -0.0666
vn 0.6893 -0.7227 -0.0516
vn 0.9563 -0.1136 -0.2694
vn 0.8999 -0.3445 -0.2673
vn 0.7390 -0.6296 -0.2399
vn 0.8577 0.0746 -0.5086
vn 0.8423 -0.1404 -0.5204
vn 0.7508 -0.4405 -0.4922
vn 0.2202 0.5132 -0.8296
vn 0.3080 0.9508 -0.0339
vn 0.9938 -0.0886 -0.0670
vn 0.2428 0.6273 -0.7400
vn 0.2679 0.7727 -0.5755
vn 0.4482 0.4349 -0.7810
vn 0.4626 0.5512 -0.6944
vn 0.4667 0.6965 -0.5450
vn 0.6737 0.3172 -0.6675
vn 0.6686 0.4410 -0.5987
vn 0.6393 0.5915 -0.4914
vn 0.5288 0.8480 -0.0340
vn 0.7459 0.6652 -0.0349
vn 0.3079 0.9342 -0.1801
vn 0.5231 0.8334 -0.1782
vn 0.7179 0.6743 -0.1731
vn 0.2895 0.8735 -0.3913
vn 0.4862 0.7873 -0.3792
vn 0.6556 0.6692 -0.3499
vn 0.9649 0.0275 -0.2611
vn 0.8525 0.1777 -0.4916
vn 0.9888 0.1377 -0.0572
vn 0.9435 0.2316 -0.2369
vn 0.8300 0.3336 -0.4469
vn 0.9053 0.4227 -0.0424
vn 0.8594 0.4740 -0.1919
vn 0.7738 0.5134 -0.3711
vn -0.7757 -0.3573 0.5202
vn 0.3396 0.9021 0.2663
vn -0.7242 0.5690 -0.3896
vn -0.7452 -0.1599 0.6474
vn -0.5560 0.2621 0.7888
vn -0.9079 -0.1945 0.3713
vn -0.8887 0.0220 0.4580
vn -0.7252 0.4140 0.5502
vn -0.9840 0.0046 0.1779
vn -0.9494 0.2087 0.2348
vn -0.8038 0.5063 0.3123
vn 0.1317 0.9826 0.1310
vn -0.1053 0.9942 -0.0224
vn 0.1801 0.8800 0.4394
vn -0.0524 0.9617 0.2692
vn -0.2845 0.9548 0.0856
vn -0.1765 0.6887 0.7033
vn -0.3939 0.7868 0.4752
vn -0.5399 0.8028 0.2531
vn -0.8648 0.4387 -0.2443
vn -0.9741 0.2237 -0.0323
vn -0.5884 0.7490 -0.3046
vn -0.7531 0.6346 -0.1735
vn -0.9069 0.4207 0.0251
vn -0.3545 0.9193 -0.1709
vn -0.5262 0.8482 -0.0600
vn -0.7319 0.6731 0.1060
vn -0.7783 -0.4107 0.4749
vn -0.7907 0.4299 -0.4358
vn -0.5470 -0.7743 -0.3182
vn -0.9076 -0.2561 0.3328
vn -0.9870 -0.0661 0.1467
vn -0.7797 -0.5070 0.3675
vn -0.9052 -0.3563 0.2317
vn -0.9809 -0.1816 0.0690
vn -0.7514 -0.6320 0.1899
vn -0.8685 -0.4898 0.0766
vn -0.9428 -0.3314 -0.0348
vn -0.8478 0.2133 -0.4856
vn -0.8565 -0.0815 -0.5097
vn -0.9079 0.3100 -0.2821
vn -0.9367 0.1123 -0.3316
vn -0.9169 -0.1422 -0.3728
vn -0.9898 0.1280 -0.0631
vn -0.9927 -0.0245 -0.1184
vn -0.9594 -0.2106 -0.1877
vn -0.6134 -0.7665 -0.1903
vn -0.6966 -0.7174 0.0066
vn -0.6914 -0.5934 -0.4122
vn -0.7520 -0.5959 -0.2817
vn -0.8192 -0.5667 -0.0881
vn -0.8006 -0.3558 -0.4821
vn -0.8549 -0.3786 -0.3547
vn -0.9009 -0.3968 -0.1756
vn -0.9766 -0.1632 0.1399
vn 0.2490 0.6988 0.6706
vn -0.3305 0.7901 -0.5162
vn -0.9466 0.0055 0.3224
vn -0.7620 0.2887 0.5796
vn -0.9993 0.0360 -0.0122
vn -0.9629 0.2234 0.1513
vn -0.7864 0.4872 0.3797
vn -0.9405 0.2769 -0.1969
vn -0.8908 0.4511 -0.0552
vn -0.7485 0.6456 0.1512
vn 0.1602 0.8543 0.4945
vn 0.0416 0.9716 0.2330
vn 0.0018 0.6891 0.7246
vn -0.0970 0.8514 0.5154
vn -0.1917 0.9518 0.2394
vn -0.3984 0.5509 0.7333
vn -0.4647 0.7205 0.5147
vn -0.4850 0.8344 0.2619
vn -0.5481 0.6910 -0.4712
vn -0.7859 0.5054 -0.3562
vn -0.2364 0.9123 -0.3343
vn -0.4637 0.8342 -0.2986
vn -0.7213 0.6612 -0.2062
vn -0.0979 0.9936 -0.0558
vn -0.3189 0.9471 -0.0351
vn -0.5825 0.8128 0.0112
vn -0.9714 -0.2316 0.0531
vn -0.3979 0.6755 -0.6208
vn -0.4428 -0.5487 -0.7092
vn -0.9947 -0.0437 -0.0935
vn -0.9456 0.1868 -0.2663
vn -0.9425 -0.3235 -0.0842
vn -0.9639 -0.1437 -0.2242
vn -0.9257 0.0672 -0.3722
vn -0.8585 -0.4354 -0.2711
vn -0.8813 -0.2700 -0.3879
vn -0.8681 -0.0799 -0.4899
vn -0.4621 0.4902 -0.7390
vn -0.5023 0.2199 -0.8363
vn -0.5999 0.5721 -0.5592
vn -0.6419 0.3848 -0.6632
vn -0.6450 0.1370 -0.7518
vn -0.8112 0.3996 -0.4270
vn -0.8187 0.2451 -0.5193
vn -0.7869 0.0614 -0.6140
vn -0.5721 -0.5540 -0.6048
vn -0.7359 -0.5117 -0.4434
vn -0.4857 -0.3448 -0.8032
vn -0.6144 -0.3630 -0.7006
vn -0.7681 -0.3408 -0.5420
vn -0.5107 -0.0683 -0.8570
vn -0.6363 -0.1132 -0.7631
vn -0.7713 -0.1401 -0.6209
vn -0.0092 0.3946 0.9188
vn 0.1123 0.9919 0.0596
vn -0.9480 0.3093 0.0751
vn 0.0267 0.5546 0.8317
vn 0.0718 0.7382 0.6707
vn -0.2383 0.4261 0.8727
vn -0.1937 0.5847 0.7878
vn -0.1298 0.7569 0.6405
vn -0.5050 0.4351 0.7454
vn -0.4415 0.5854 0.6800
vn -0.3458 0.7399 0.5771
vn -0.1256 0.9903 0.0588
vn -0.4061 0.9121 0.0570
vn 0.1129 0.9634 0.2433
vn -0.1144 0.9636 0.2416
vn -0.3753 0.8980 0.2298
vn 0.1003 0.8745 0.4745
vn -0.1040 0.8804 0.4627
vn -0.3235 0.8452 0.4255
vn -0.8847 0.3660 0.2885
vn -0.7289 0.4143 0.5450
vn -0.8515 0.5196 0.0704
vn -0.7820 0.5596 0.2745
vn -0.6401 0.5764 0.5080
vn -0.6568 0.7516 0.0607
vn -0.6003 0.7628 0.2402
vn -0.5088 0.7403 0.4394
vn -0.0386 0.2776 0.9599
vn -0.9854 0.1524 0.0758
vn -0.3028 -0.9507 0.0677
vn -0.2763 0.3098 0.9098
vn -0.5487 0.3221 0.7715
vn -0.1006 0.0371 0.9942
vn -0.3561 0.0756 0.9314
vn -0.6173 0.1080 0.7793
vn -0.1885 -0.3492 0.9179
vn -0.4373 -0.2810 0.8543
vn -0.6574 -0.1891 0.7294
vn -0.9936 -0.0841 0.0755
vn -0.9187 -0.3891 0.0675
vn -0.9298 0.2199 0.2950
vn -0.9547 -0.0148 0.2973
vn -0.9052 -0.3221 0.2773
vn -0.7758 0.2904 0.5602
vn -0.8210 0.0751 0.5659
vn -0.8225 -0.2096 0.5288
vn -0.2987 -0.9015 0.3131
vn -0.2627 -0.7017 0.6623
vn -0.5277 -0.8467 0.0681
vn -0.5373 -0.7852 0.3078
vn -0.5032 -0.5951 0.6266
vn -0.7563 -0.6510 0.0643
vn -0.7637 -0.5825 0.2783
vn -0.7116 -0.4452 0.5435
vn 0.2096 0.8355 -0.5080
vn -0.2106 0.8348 -0.5088
vn 0.2859 0.6777 0.6774
vn -0.2838 0.6765 0.6795
vn 0.1254 0.8736 -0.4702
vn 0.0447 0.8886 -0.4565
vn 0.1222 0.9408 -0.3162
vn 0.0734 0.9637 -0.2566
vn 0.0330 0.9714 -0.2352
vn 0.0153 0.9992 -0.0364
vn 0.0063 0.9999 0.0111
vn 0.0091 0.9995 0.0314
vn -0.1254 0.9401 -0.3169
vn -0.0166 0.9993 -0.0337
vn -0.1254 0.8726 -0.4721
vn -0.0728 0.9633 -0.2585
vn -0.0057 0.9999 0.0150
vn -0.0440 0.8882 -0.4574
vn -0.0306 0.9712 -0.2365
vn -0.0069 0.9994 0.0332
vn 0.1952 0.6771 0.7095
vn 0.0628 0.6939 0.7173
vn 0.2268 0.8221 0.5222
vn 0.1664 0.8035 0.5716
vn 0.0536 0.8077 0.5871
vn 0.1152 0.9541 0.2765
vn 0.0891 0.9332 0.3481
vn 0.0288 0.9251 0.3787
vn -0.2214 0.8224 0.5240
vn -0.1106 0.9556 0.2733
vn -0.1945 0.6733 0.7133
vn -0.1649 0.8026 0.5733
vn -0.0882 0.9360 0.3408
vn -0.0656 0.6915 0.7193
vn -0.0596 0.8070 0.5875
vn -0.0318 0.9266 0.3747
vn 0.2527 0.7081 -0.6593
vn 0.3332 -0.4959 -0.8019
vn -0.3338 -0.4965 -0.8012
vn -0.2520 0.7075 -0.6603
vn 0.2996 0.5373 -0.7884
vn 0.3496 0.2868 -0.8919
vn 0.1474 0.7250 -0.6727
vn 0.1632 0.5687 -0.8062
vn 0.2069 0.3397 -0.9175
vn 0.0527 0.7333 -0.6778
vn 0.0665 0.5903 -0.8045
vn 0.0880 0.3630 -0.9276
vn 0.2113 -0.4824 -0.8501
vn 0.0750 -0.4906 -0.8681
vn 0.3491 -0.2852 -0.8926
vn 0.2063 -0.2560 -0.9444
vn 0.0845 -0.2753 -0.9576
vn 0.3674 -0.0147 -0.9300
vn 0.2243 0.0036 -0.9745
vn 0.0963 -0.0079 -0.9953
vn -0.3509 -0.2863 -0.8916
vn -0.3686 -0.0130 -0.9295
vn -0.2107 -0.4830 -0.8499
vn -0.2052 -0.2581 -0.9441
vn -0.2240 0.0058 -0.9746
vn -0.0750 -0.4906 -0.8681
vn -0.0830 -0.2761 -0.9575
vn -0.0954 -0.0068 -0.9954
vn -0.1479 0.7242 -0.6736
vn -0.0531 0.7331 -0.6780
vn -0.2976 0.5367 -0.7896
vn -0.1640 0.5670 -0.8072
vn -0.0684 0.5895 -0.8048
vn -0.3480 0.2886 -0.8919
vn -0.2071 0.3423 -0.9165
vn -0.0890 0.3643 -0.9270
vn -0.3145 -0.9484 -0.0402
vn -0.9831 0.1694 -0.0693
vn -0.0128 0.4973 -0.8675
vn -0.5429 -0.8388 -0.0406
vn -0.7634 -0.6446 -0.0411
vn -0.3344 -0.9017 -0.2739
vn -0.5957 -0.7604 -0.2588
vn -0.8029 -0.5494 -0.2313
vn -0.3097 -0.6594 -0.6850
vn -0.5941 -0.5176 -0.6158
vn -0.7814 -0.3588 -0.5106
vn -0.9204 0.2834 -0.2693
vn -0.7537 0.4161 -0.5088
vn -0.9954 -0.0685 -0.0667
vn -0.9620 0.0510 -0.2682
vn -0.8271 0.2129 -0.5202
vn -0.9230 -0.3812 -0.0521
vn -0.9305 -0.2765 -0.2402
vn -0.8649 -0.0990 -0.4920
vn -0.0827 0.2866 -0.9545
vn -0.2069 -0.1752 -0.9626
vn -0.2631 0.5165 -0.8148
vn -0.3677 0.3142 -0.8753
vn -0.5038 -0.0941 -0.8587
vn -0.5244 0.4950 -0.6928
vn -0.6226 0.3049 -0.7207
vn -0.7099 -0.0212 -0.7040
vn -0.0775 -0.9069 0.4141
vn -0.0786 0.2739 0.9585
vn -0.9893 0.1401 0.0412
vn -0.0778 -0.7830 0.6171
vn -0.0729 -0.5544 0.8290
vn -0.3201 -0.8575 0.4028
vn -0.3168 -0.7242 0.6125
vn -0.2903 -0.5016 0.8149
vn -0.6353 -0.6919 0.3431
vn -0.6115 -0.5714 0.5473
vn -0.5419 -0.4027 0.7376
vn -0.3045 0.3014 0.9036
vn -0.5793 0.3116 0.7532
vn -0.0794 0.0429 0.9959
vn -0.3079 0.0716 0.9487
vn -0.5769 0.0995 0.8107
vn -0.0742 -0.2682 0.9605
vn -0.2885 -0.2321 0.9289
vn -0.5327 -0.1681 0.8294
vn -0.9874 -0.0916 0.1289
vn -0.8762 -0.4156 0.2441
vn -0.9414 0.2091 0.2646
vn -0.9329 -0.0183 0.3596
vn -0.8280 -0.3232 0.4582
vn -0.7996 0.2797 0.5314
vn -0.7885 0.0702 0.6110
vn -0.7211 -0.1970 0.6642
vn -0.0000 -0.9117 0.4109
vn -0.0000 0.2610 0.9653
vn -0.0000 -0.7900 0.6131
vn -0.0000 -0.5635 0.8261
vn -0.0000 -0.2820 0.9594
vn -0.0000 0.0280 0.9996
vn -0.5395 -0.7646 -0.3526
vn -0.6828 0.5159 -0.5173
vn 0.6020 0.6508 -0.4627
vn -0.6837 -0.5740 -0.4506
vn -0.7837 -0.3341 -0.5236
vn -0.4563 -0.7140 -0.5311
vn -0.6362 -0.4625 -0.6175
vn -0.7252 -0.2042 -0.6575
vn -0.1136 -0.4479 -0.8868
vn -0.3929 -0.1572 -0.9060
vn -0.5235 0.0408 -0.8511
vn -0.4873 0.6400 -0.5940
vn -0.1757 0.7558 -0.6308
vn -0.7698 0.2933 -0.5669
vn -0.6067 0.4423 -0.6605
vn -0.3035 0.6183 -0.7250
vn -0.8204 -0.0387 -0.5705
vn -0.7206 0.1032 -0.6856
vn -0.4824 0.3282 -0.8122
vn 0.5607 0.5407 -0.6271
vn 0.3465 0.1196 -0.9304
vn 0.3731 0.7442 -0.5541
vn 0.2713 0.6566 -0.7038
vn 0.0039 0.3312 -0.9436
vn 0.1180 0.7840 -0.6095
vn -0.0034 0.6874 -0.7262
vn -0.2131 0.4237 -0.8803
vn -0.4365 -0.8917 -0.1193
vn -0.9061 0.3089 -0.2890
vn 0.2687 0.6471 -0.7135
vn -0.6424 -0.7467 -0.1727
vn -0.8151 -0.5356 -0.2208
vn -0.4182 -0.8470 -0.3280
vn -0.6654 -0.6512 -0.3649
vn -0.8232 -0.4181 -0.3842
vn -0.2678 -0.5770 -0.7716
vn -0.5817 -0.3603 -0.7293
vn -0.7393 -0.1818 -0.6484
vn -0.7780 0.4470 -0.4415
vn -0.5312 0.6003 -0.5978
vn -0.9527 0.0713 -0.2954
vn -0.8621 0.2237 -0.4547
vn -0.6436 0.4254 -0.6363
vn -0.9286 -0.2580 -0.2668
vn -0.8969 -0.1236 -0.4246
vn -0.7614 0.1042 -0.6399
vn 0.2015 0.4941 -0.8457
vn 0.0053 0.0140 -0.9999
vn 0.0096 0.6879 -0.7257
vn -0.1108 0.5485 -0.8288
vn -0.3453 0.1497 -0.9265
vn -0.2583 0.6780 -0.6882
vn -0.3833 0.5355 -0.7525
vn -0.5541 0.2191 -0.8031
vn -0.4331 -0.8991 -0.0631
vn -0.4628 -0.4363 0.7717
vn -0.9608 0.2222 -0.1656
vn -0.4574 -0.8843 0.0940
vn -0.4812 -0.8193 0.3119
vn -0.6329 -0.7659 -0.1130
vn -0.6483 -0.7600 0.0458
vn -0.6538 -0.7119 0.2565
vn -0.8135 -0.5598 -0.1578
vn -0.8193 -0.5733 -0.0045
vn -0.7995 -0.5705 0.1880
vn -0.6590 -0.3334 0.6742
vn -0.8404 -0.1906 0.5074
vn -0.4823 -0.5604 0.6733
vn -0.6717 -0.4601 0.5807
vn -0.8381 -0.3264 0.4371
vn -0.4895 -0.7123 0.5030
vn -0.6614 -0.6152 0.4289
vn -0.8057 -0.4882 0.3354
vn -0.9836 -0.0066 -0.1801
vn -0.9360 -0.3014 -0.1820
vn -0.9928 0.1150 0.0334
vn -0.9954 -0.0950 0.0101
vn -0.9362 -0.3509 -0.0176
vn -0.9567 -0.0366 0.2887
vn -0.9474 -0.2036 0.2470
vn -0.9000 -0.3956 0.1828
vn 0.0064 0.5584 -0.8296
vn -0.9446 0.3214 -0.0670
vn 0.1033 0.9941 -0.0339
vn -0.2337 0.5789 -0.7812
vn -0.4878 0.5625 -0.6675
vn 0.0318 0.6720 -0.7398
vn -0.2007 0.6907 -0.6947
vn -0.4328 0.6738 -0.5990
vn 0.0676 0.8149 -0.5756
vn -0.1450 0.8260 -0.5447
vn -0.3449 0.7997 -0.4914
vn -0.8485 0.5261 -0.0569
vn -0.6566 0.7531 -0.0421
vn -0.8710 0.4161 -0.2612
vn -0.7689 0.5942 -0.2361
vn -0.5943 0.7811 -0.1915
vn -0.7076 0.5078 -0.4914
vn -0.6235 0.6415 -0.4469
vn -0.4997 0.7827 -0.3711
vn 0.0969 0.9789 -0.1799
vn 0.0892 0.9158 -0.3915
vn -0.1403 0.9895 -0.0342
vn -0.1401 0.9738 -0.1790
vn -0.1255 0.9168 -0.3790
vn -0.4125 0.9103 -0.0352
vn -0.3835 0.9071 -0.1734
vn -0.3286 0.8773 -0.3498
vn -0.0000 0.4094 0.9124
vn -0.0000 0.9658 -0.2594
vn -0.0000 0.6115 0.7913
vn -0.0000 0.8259 0.5639
vn -0.0000 0.9593 0.2824
vn -0.0000 0.9997 -0.0259
vn 0.2131 0.9761 0.0431
vn 0.2740 0.6605 -0.6990
vn -0.8502 0.4516 -0.2706
vn 0.2328 0.9701 -0.0692
vn 0.2703 0.9254 -0.2655
vn -0.0318 0.9993 -0.0198
vn -0.0094 0.9916 -0.1289
vn 0.0463 0.9503 -0.3077
vn -0.2883 0.9536 -0.0868
vn -0.2377 0.9535 -0.1855
vn -0.1476 0.9319 -0.3314
vn 0.0210 0.7046 -0.7093
vn -0.2385 0.7031 -0.6699
vn 0.2820 0.7369 -0.6144
vn 0.0348 0.7784 -0.6268
vn -0.2005 0.7780 -0.5954
vn 0.2861 0.8493 -0.4436
vn 0.0604 0.8824 -0.4666
vn -0.1352 0.8739 -0.4669
vn -0.7351 0.6387 -0.2273
vn -0.5296 0.8336 -0.1569
vn -0.7158 0.5594 -0.4180
vn -0.6076 0.7090 -0.3580
vn -0.4373 0.8607 -0.2607
vn -0.4902 0.6561 -0.5738
vn -0.4145 0.7553 -0.5077
vn -0.3055 0.8651 -0.3979
vn 0.2061 0.9731 0.1027
vn -0.9140 0.3761 -0.1524
vn -0.4515 -0.3562 0.8181
vn -0.0419 0.9983 0.0412
vn -0.3184 0.9475 -0.0286
vn 0.1211 0.9366 0.3288
vn -0.1543 0.9563 0.2485
vn -0.4306 0.8899 0.1503
vn -0.0641 0.7256 0.6851
vn -0.3398 0.7561 0.5593
vn -0.5578 0.7251 0.4039
vn -0.9651 0.2575 0.0482
vn -0.9480 0.0758 0.3091
vn -0.8008 0.5855 -0.1262
vn -0.8772 0.4749 0.0709
vn -0.8986 0.2868 0.3320
vn -0.5814 0.8092 -0.0848
vn -0.6777 0.7292 0.0944
vn -0.7584 0.5590 0.3353
vn -0.4110 -0.1302 0.9023
vn -0.2748 0.3029 0.9126
vn -0.6550 -0.2474 0.7140
vn -0.6374 -0.0127 0.7704
vn -0.5248 0.3841 0.7596
vn -0.8382 -0.0989 0.5363
vn -0.8163 0.1182 0.5654
vn -0.7068 0.4266 0.5643
vn 0.3553 0.9059 0.2304
vn 0.6030 0.6512 -0.4608
vn -0.6111 0.6411 -0.4643
vn 0.4052 0.9035 0.1398
vn 0.4974 0.8669 -0.0345
vn 0.1509 0.9841 0.0937
vn 0.2012 0.9795 0.0065
vn 0.3043 0.9415 -0.1450
vn -0.0670 0.9963 -0.0533
vn 0.0066 0.9924 -0.1226
vn 0.1335 0.9639 -0.2302
vn 0.3764 0.7479 -0.5468
vn 0.1282 0.7943 -0.5938
vn 0.5944 0.7107 -0.3764
vn 0.3727 0.8040 -0.4634
vn 0.1485 0.8479 -0.5090
vn 0.5589 0.8040 -0.2029
vn 0.3589 0.8856 -0.2946
vn 0.1804 0.9163 -0.3576
vn -0.4850 0.7955 -0.3633
vn -0.2843 0.9358 -0.2082
vn -0.4176 0.7309 -0.5397
vn -0.3134 0.8462 -0.4310
vn -0.1649 0.9495 -0.2669
vn -0.1407 0.7917 -0.5945
vn -0.0789 0.8625 -0.4998
vn 0.0016 0.9369 -0.3497
vn -0.0716 0.9638 -0.2568
vn -0.9608 0.2769 -0.0104
vn -0.0784 0.4236 0.9025
vn -0.2761 0.9293 -0.2453
vn -0.5241 0.8243 -0.2142
vn -0.0713 0.9971 -0.0271
vn -0.2756 0.9610 -0.0222
vn -0.5113 0.8593 -0.0136
vn -0.0681 0.9589 0.2754
vn -0.2593 0.9310 0.2568
vn -0.4682 0.8560 0.2193
vn -0.9156 0.3445 0.2073
vn -0.7812 0.4074 0.4730
vn -0.8852 0.4588 -0.0770
vn -0.8413 0.5235 0.1349
vn -0.7249 0.5711 0.3852
vn -0.7297 0.6654 -0.1571
vn -0.6980 0.7151 0.0383
vn -0.6268 0.7334 0.2629
vn -0.0761 0.6199 0.7810
vn -0.0692 0.8288 0.5553
vn -0.3007 0.4471 0.8425
vn -0.2919 0.6343 0.7159
vn -0.2641 0.8210 0.5061
vn -0.5688 0.4430 0.6930
vn -0.5399 0.6083 0.5817
vn -0.4768 0.7690 0.4258
vn 0.2333 -0.9723 -0.0137
vn 0.2751 -0.5050 0.8181
vn -0.8516 -0.4416 0.2826
vn 0.2729 -0.9519 0.1396
vn 0.3072 -0.8830 0.3549
vn -0.0035 -0.9990 0.0444
vn 0.0482 -0.9798 0.1942
vn 0.1022 -0.9139 0.3929
vn -0.2699 -0.9566 0.1102
vn -0.2021 -0.9474 0.2481
vn -0.1108 -0.9039 0.4131
vn 0.0396 -0.5602 0.8274
vn -0.2390 -0.5859 0.7744
vn 0.2974 -0.6282 0.7190
vn 0.0701 -0.6805 0.7294
vn -0.1833 -0.7005 0.6897
vn 0.3151 -0.7762 0.5462
vn 0.1092 -0.8175 0.5655
vn -0.1044 -0.8216 0.5605
vn -0.7327 -0.6352 0.2444
vn -0.5208 -0.8349 0.1782
vn -0.7250 -0.5141 0.4583
vn -0.6078 -0.6821 0.4066
vn -0.4225 -0.8486 0.3185
vn -0.5022 -0.5709 0.6495
vn -0.4108 -0.7011 0.5829
vn -0.2878 -0.8307 0.4766
vn 0.2032 -0.9772 -0.0616
vn -0.9189 -0.3596 0.1623
vn -0.5109 0.5584 -0.6536
vn -0.0463 -0.9989 -0.0023
vn -0.3119 -0.9483 0.0579
vn 0.1018 -0.9629 -0.2498
vn -0.1999 -0.9681 -0.1509
vn -0.4569 -0.8869 -0.0676
vn -0.1460 -0.7285 -0.6693
vn -0.4725 -0.7464 -0.4685
vn -0.6546 -0.6923 -0.3036
vn -0.9804 -0.1970 -0.0066
vn -0.9729 0.0494 -0.2259
vn -0.8073 -0.5733 0.1399
vn -0.9056 -0.4237 -0.0176
vn -0.9572 -0.1609 -0.2404
vn -0.5775 -0.8095 0.1057
vn -0.7038 -0.7098 -0.0287
vn -0.8412 -0.4827 -0.2435
vn -0.5171 0.3785 -0.7677
vn -0.4187 -0.1374 -0.8977
vn -0.7154 0.4294 -0.5512
vn -0.7536 0.2319 -0.6150
vn -0.7075 -0.2359 -0.6661
vn -0.8741 0.2632 -0.4081
vn -0.8976 0.0663 -0.4357
vn -0.8396 -0.2914 -0.4584
vn 0.3518 -0.9073 -0.2304
vn -0.7276 -0.5564 0.4012
vn -0.7958 0.5034 -0.3365
vn 0.1434 -0.9847 -0.0988
vn -0.0862 -0.9954 0.0428
vn 0.1972 -0.9109 -0.3624
vn -0.0499 -0.9840 -0.1708
vn -0.2719 -0.9623 -0.0082
vn -0.2366 -0.7142 -0.6588
vn -0.4696 -0.8129 -0.3444
vn -0.5841 -0.8012 -0.1298
vn -0.8721 -0.3934 0.2911
vn -0.9842 -0.1260 0.1244
vn -0.5908 -0.7410 0.3191
vn -0.7650 -0.6005 0.2328
vn -0.9409 -0.3276 0.0853
vn -0.3410 -0.9215 0.1857
vn -0.5237 -0.8427 0.1247
vn -0.7771 -0.6293 0.0080
vn -0.8191 0.3443 -0.4588
vn -0.6964 -0.1464 -0.7025
vn -0.9260 0.3238 -0.1941
vn -0.9568 0.1355 -0.2574
vn -0.8653 -0.3237 -0.3826
vn -0.9920 0.1196 -0.0404
vn -0.9945 -0.0712 -0.0764
vn -0.8943 -0.4181 -0.1592
vn 0.0775 -0.9641 0.2540
vn 0.0786 -0.3951 -0.9153
vn 0.9893 0.0823 -0.1206
vn 0.0778 -0.9968 0.0183
vn 0.0729 -0.9541 -0.2904
vn 0.3201 -0.9187 0.2314
vn 0.3168 -0.9484 -0.0154
vn 0.2903 -0.9043 -0.3129
vn 0.6353 -0.7527 0.1726
vn 0.6115 -0.7889 -0.0616
vn 0.5420 -0.7788 -0.3157
vn 0.3045 -0.3391 -0.8901
vn 0.5793 -0.2359 -0.7802
vn 0.0794 -0.5976 -0.7979
vn 0.3079 -0.5455 -0.7795
vn 0.5769 -0.4365 -0.6904
vn 0.0742 -0.8159 -0.5734
vn 0.2885 -0.7680 -0.5718
vn 0.5327 -0.6554 -0.5354
vn 0.9874 -0.1525 -0.0418
vn 0.8762 -0.4762 0.0743
vn 0.9414 -0.0058 -0.3372
vn 0.9329 -0.2419 -0.2666
vn 0.8280 -0.5403 -0.1499
vn 0.7996 -0.1202 -0.5884
vn 0.7885 -0.3327 -0.5173
vn 0.7211 -0.5731 -0.3892
vn -0.4151 0.8966 0.1544
vn -0.9088 -0.2915 0.2984
vn 0.2529 -0.4289 0.8672
vn -0.6229 0.7548 0.2056
vn -0.8068 0.5354 0.2497
vn -0.3564 0.8504 0.3870
vn -0.5871 0.6848 0.4318
vn -0.7731 0.4491 0.4480
vn -0.2043 0.6273 0.7515
vn -0.4606 0.4630 0.7573
vn -0.6527 0.2817 0.7033
vn -0.7875 -0.3844 0.4817
vn -0.5568 -0.4754 0.6812
vn -0.9501 -0.0558 0.3068
vn -0.8522 -0.1585 0.4986
vn -0.6434 -0.2779 0.7133
vn -0.9224 0.2584 0.2871
vn -0.8640 0.1646 0.4757
vn -0.7144 0.0196 0.6995
vn 0.1765 -0.2161 0.9603
vn 0.0070 0.2049 0.9788
vn 0.0061 -0.4851 0.8745
vn -0.1025 -0.2837 0.9534
vn -0.2744 0.0914 0.9573
vn -0.2818 -0.5091 0.8132
vn -0.3880 -0.3229 0.8632
vn -0.5037 -0.0168 0.8637
vn -0.4368 0.8941 0.0985
vn -0.5096 0.5742 -0.6408
vn -0.9611 -0.2118 0.1773
vn -0.4664 0.8845 -0.0114
vn -0.4950 0.8431 -0.2099
vn -0.6420 0.7525 0.1468
vn -0.6673 0.7438 0.0385
vn -0.6785 0.7188 -0.1514
vn -0.8144 0.5497 0.1859
vn -0.8211 0.5657 0.0764
vn -0.8076 0.5821 -0.0952
vn -0.7112 0.4519 -0.5386
vn -0.8686 0.2976 -0.3961
vn -0.5160 0.6512 -0.5565
vn -0.7129 0.5301 -0.4591
vn -0.8581 0.3902 -0.3336
vn -0.5114 0.7668 -0.3879
vn -0.6932 0.6507 -0.3101
vn -0.8198 0.5242 -0.2307
vn -0.9804 0.0104 0.1969
vn -0.9323 0.2982 0.2046
vn -0.9977 -0.0682 0.0058
vn -0.9917 0.1232 0.0376
vn -0.9297 0.3600 0.0774
vn -0.9695 0.1215 -0.2128
vn -0.9520 0.2548 -0.1698
vn -0.9005 0.4234 -0.0996
vn -0.5384 0.7667 0.3497
vn -0.7949 0.5054 -0.3358
vn -0.7884 -0.4227 0.4470
vn -0.5956 0.7587 0.2638
vn -0.6813 0.7270 0.0853
vn -0.6866 0.5769 0.4425
vn -0.7399 0.5700 0.3573
vn -0.8096 0.5574 0.1841
vn -0.7913 0.3438 0.5056
vn -0.8335 0.3639 0.4158
vn -0.8820 0.3949 0.2571
vn -0.9241 0.3315 -0.1902
vn -0.9897 0.1394 -0.0328
vn -0.7851 0.5656 -0.2522
vn -0.9124 0.3936 -0.1119
vn -0.9752 0.2194 0.0294
vn -0.7432 0.6640 -0.0829
vn -0.8646 0.5012 0.0347
vn -0.9287 0.3474 0.1297
vn -0.8400 -0.2118 0.4995
vn -0.8459 0.0766 0.5278
vn -0.9058 -0.2752 0.3221
vn -0.9227 -0.0935 0.3740
vn -0.8946 0.1441 0.4230
vn -0.9879 -0.0663 0.1404
vn -0.9801 0.0574 0.1898
vn -0.9390 0.2243 0.2607
vn 0.0716 0.9085 -0.4117
vn 0.9608 0.2209 -0.1673
vn 0.0784 -0.2438 -0.9667
vn 0.2761 0.8745 -0.3987
vn 0.5241 0.7736 -0.3563
vn 0.0713 0.7888 -0.6105
vn 0.2756 0.7578 -0.5915
vn 0.5113 0.6736 -0.5337
vn 0.0681 0.5676 -0.8205
vn 0.2593 0.5579 -0.7884
vn 0.4682 0.5235 -0.7118
vn 0.9156 0.1353 -0.3786
vn 0.7812 0.0157 -0.6241
vn 0.8852 0.4038 -0.2310
vn 0.8413 0.3197 -0.4360
vn 0.7249 0.1981 -0.6598
vn 0.7297 0.6145 -0.2998
vn 0.6980 0.5291 -0.4825
vn 0.6268 0.4011 -0.6680
vn 0.0761 -0.0149 -0.9970
vn 0.0692 0.2896 -0.9546
vn 0.3007 -0.1876 -0.9351
vn 0.2919 0.0375 -0.9557
vn 0.2641 0.3148 -0.9117
vn 0.5688 -0.0961 -0.8168
vn 0.5399 0.1023 -0.8355
vn 0.4768 0.3255 -0.8165
vn 0.6105 -0.4829 0.6277
vn -0.5122 0.7709 0.3786
vn -0.6848 -0.5022 0.5280
vn 0.5433 -0.3134 0.7789
vn 0.3146 0.0786 0.9460
vn 0.3901 -0.5882 0.7085
vn 0.2821 -0.4391 0.8530
vn 0.0442 -0.1037 0.9936
vn 0.1131 -0.6574 0.7450
vn -0.0049 -0.5167 0.8561
vn -0.1806 -0.2420 0.9533
vn -0.6612 0.5801 0.4758
vn -0.7696 0.3291 0.5472
vn -0.3827 0.7261 0.5713
vn -0.5552 0.4998 0.6648
vn -0.6692 0.2298 0.7066
vn -0.0654 0.5048 0.8608
vn -0.2880 0.2684 0.9193
vn -0.4445 0.0544 0.8941
vn -0.4913 -0.5922 0.6387
vn -0.1900 -0.6613 0.7257
vn -0.7665 -0.2809 0.5776
vn -0.5941 -0.3896 0.7038
vn -0.3022 -0.4985 0.8125
vn -0.8090 0.0348 0.5868
vn -0.6828 -0.0708 0.7272
vn -0.4415 -0.2190 0.8701
vn 0.6216 -0.5298 0.5769
vn -0.6093 -0.6343 0.4759
vn 0.3815 -0.9001 -0.2105
vn 0.4119 -0.6329 0.6556
vn 0.1466 -0.7050 0.6939
vn 0.6249 -0.6247 0.4683
vn 0.4221 -0.7235 0.5462
vn 0.1838 -0.7876 0.5881
vn 0.6042 -0.7439 0.2857
vn 0.4227 -0.8287 0.3669
vn 0.2300 -0.8733 0.4294
vn -0.4771 -0.7938 0.3771
vn -0.2689 -0.9370 0.2231
vn -0.4181 -0.6980 0.5813
vn -0.3001 -0.8279 0.4738
vn -0.1336 -0.9409 0.3113
vn -0.1373 -0.7288 0.6708
vn -0.0575 -0.8228 0.5654
vn 0.0388 -0.9105 0.4118
vn 0.4589 -0.8840 -0.0897
vn 0.5498 -0.8290 0.1022
vn 0.1832 -0.9797 -0.0812
vn 0.2701 -0.9623 0.0322
vn 0.3738 -0.9053 0.2018
vn -0.0426 -0.9968 0.0670
vn 0.0576 -0.9847 0.1644
vn 0.1880 -0.9388 0.2886
vn 0.9130 -0.3155 0.2587
vn -0.3132 0.5459 0.7771
vn -0.2570 -0.7189 0.6459
vn 0.8744 -0.1680 0.4553
vn 0.6819 0.1001 0.7246
vn 0.7833 -0.4811 0.3936
vn 0.7239 -0.3523 0.5932
vn 0.5348 -0.1123 0.8375
vn 0.5646 -0.6374 0.5243
vn 0.4962 -0.5177 0.6970
vn 0.3588 -0.3061 0.8818
vn -0.3675 0.3301 0.8695
vn -0.3967 0.0401 0.9171
vn -0.0821 0.5157 0.8528
vn -0.1522 0.2771 0.9487
vn -0.2013 -0.0148 0.9794
vn 0.3142 0.3629 0.8773
vn 0.2073 0.1228 0.9705
vn 0.0950 -0.1160 0.9887
vn -0.0253 -0.7466 0.6648
vn 0.2870 -0.7302 0.6200
vn -0.3137 -0.5428 0.7791
vn -0.0881 -0.5779 0.8113
vn 0.2228 -0.5925 0.7741
vn -0.3776 -0.2622 0.8881
vn -0.1771 -0.3036 0.9362
vn 0.1088 -0.3672 0.9238
vn 0.9103 -0.3770 0.1712
vn -0.2176 -0.8166 0.5346
vn 0.3924 -0.6973 -0.5999
vn 0.7860 -0.5380 0.3045
vn 0.5751 -0.6920 0.4363
vn 0.8833 -0.4674 0.0350
vn 0.7633 -0.6240 0.1670
vn 0.5753 -0.7630 0.2948
vn 0.8055 -0.5711 -0.1584
vn 0.7028 -0.7108 -0.0290
vn 0.5623 -0.8205 0.1031
vn -0.1314 -0.9258 0.3543
vn 0.0097 -0.9962 0.0866
vn 0.0063 -0.8315 0.5555
vn 0.0767 -0.9224 0.3784
vn 0.1765 -0.9758 0.1288
vn 0.3073 -0.7942 0.5242
vn 0.3447 -0.8639 0.3673
vn 0.3805 -0.9109 0.1595
vn 0.5206 -0.7012 -0.4871
vn 0.6856 -0.6482 -0.3312
vn 0.3006 -0.8511 -0.4304
vn 0.4267 -0.8481 -0.3140
vn 0.5941 -0.7830 -0.1842
vn 0.1617 -0.9688 -0.1876
vn 0.2953 -0.9497 -0.1039
vn 0.4687 -0.8829 -0.0301
vn -0.1682 0.3571 0.9188
vn -0.2989 0.9524 0.0596
vn -0.9920 -0.1010 0.0751
vn -0.2001 0.5179 0.8317
vn -0.2333 0.7041 0.6707
vn -0.3904 0.2931 0.8727
vn -0.4138 0.4562 0.7878
vn -0.4251 0.6395 0.6405
vn -0.6380 0.1934 0.7454
vn -0.6407 0.3565 0.6800
vn -0.6158 0.5365 0.5771
vn -0.5158 0.8547 0.0588
vn -0.7406 0.6696 0.0570
vn -0.2868 0.9266 0.2433
vn -0.4948 0.8348 0.2416
vn -0.7067 0.6691 0.2298
vn -0.2624 0.8402 0.4745
vn -0.4515 0.7629 0.4627
vn -0.6379 0.6418 0.4255
vn -0.9572 -0.0235 0.2885
vn -0.8342 0.0837 0.5450
vn -0.9890 0.1304 0.0704
vn -0.9416 0.1951 0.2745
vn -0.8186 0.2679 0.5080
vn -0.9049 0.4213 0.0607
vn -0.8578 0.4545 0.2402
vn -0.7650 0.4709 0.4394
vn -0.1476 0.2382 0.9599
vn -0.9627 -0.2596 0.0758
vn 0.1080 -0.9918 0.0677
vn -0.3780 0.1714 0.9098
vn -0.6321 0.0724 0.7715
vn -0.1070 -0.0068 0.9942
vn -0.3563 -0.0750 0.9314
vn -0.6082 -0.1512 0.7793
vn -0.0310 -0.3956 0.9179
vn -0.2861 -0.4340 0.8543
vn -0.5246 -0.4391 0.7294
vn -0.8745 -0.4792 0.0755
vn -0.6826 -0.7277 0.0675
vn -0.9393 -0.1754 0.2950
vn -0.8669 -0.4001 0.2973
vn -0.6973 -0.6610 0.2773
vn -0.8269 -0.0486 0.5602
vn -0.7811 -0.2637 0.5659
vn -0.6672 -0.5247 0.5288
vn 0.0918 -0.9453 0.3131
vn 0.0439 -0.7480 0.6623
vn -0.1397 -0.9878 0.0681
vn -0.1734 -0.9355 0.3078
vn -0.2192 -0.7479 0.6266
vn -0.4280 -0.9015 0.0643
vn -0.4624 -0.8418 0.2783
vn -0.4704 -0.6952 0.5435
vn 0.0964 -0.9945 -0.0402
vn -0.9675 -0.2431 -0.0693
vn -0.2130 0.4496 -0.8675
vn -0.1568 -0.9868 -0.0406
vn -0.4370 -0.8985 -0.0411
vn 0.0593 -0.9599 -0.2739
vn -0.2368 -0.9364 -0.2588
vn -0.5117 -0.8275 -0.2313
vn -0.0162 -0.7283 -0.6850
vn -0.3337 -0.7138 -0.6158
vn -0.5692 -0.6444 -0.5106
vn -0.9564 -0.1135 -0.2693
vn -0.8576 0.0753 -0.5088
vn -0.8825 -0.4656 -0.0667
vn -0.9003 -0.3429 -0.2682
vn -0.8425 -0.1402 -0.5202
vn -0.6897 -0.7222 -0.0521
vn -0.7389 -0.6296 -0.2402
vn -0.7508 -0.4407 -0.4920
vn -0.1916 0.2286 -0.9545
vn -0.1183 -0.2439 -0.9626
vn -0.4497 0.3658 -0.8148
vn -0.4634 0.1384 -0.8752
vn -0.4226 -0.2901 -0.8587
vn -0.6800 0.2403 -0.6928
vn -0.6928 0.0267 -0.7207
vn -0.6406 -0.3068 -0.7040
vn -0.2202 0.5132 -0.8296
vn -0.9938 -0.0886 -0.0670
vn -0.3080 0.9508 -0.0339
vn -0.4481 0.4347 -0.7812
vn -0.6738 0.3169 -0.6675
vn -0.2430 0.6274 -0.7398
vn -0.4632 0.5503 -0.6947
vn -0.6685 0.4409 -0.5990
vn -0.2681 0.7725 -0.5756
vn -0.4670 0.6965 -0.5447
vn -0.6392 0.5916 -0.4914
vn -0.9889 0.1375 -0.0569
vn -0.9052 0.4228 -0.0421
vn -0.9649 0.0279 -0.2612
vn -0.9436 0.2320 -0.2361
vn -0.8596 0.4736 -0.1915
vn -0.8526 0.1779 -0.4914
vn -0.8298 0.3341 -0.4469
vn -0.7738 0.5134 -0.3711
vn -0.3077 0.9343 -0.1799
vn -0.2892 0.8735 -0.3915
vn -0.5289 0.8480 -0.0343
vn -0.5223 0.8337 -0.1790
vn -0.4860 0.7875 -0.3790
vn -0.7457 0.6653 -0.0352
vn -0.7179 0.6742 -0.1734
vn -0.6557 0.6691 -0.3498
vn 0.7757 -0.3573 0.5202
vn 0.7242 0.5690 -0.3896
vn -0.3396 0.9021 0.2663
vn 0.9079 -0.1950 0.3712
vn 0.9841 0.0046 0.1777
vn 0.7455 -0.1596 0.6472
vn 0.8892 0.0218 0.4570
vn 0.9495 0.2079 0.2349
vn 0.5564 0.2620 0.7885
vn 0.7253 0.4145 0.5496
vn 0.8037 0.5065 0.3123
vn 0.5883 0.7490 -0.3048
vn 0.3538 0.9195 -0.1710
vn 0.8648 0.4388 -0.2442
vn 0.7519 0.6360 -0.1738
vn 0.5262 0.8482 -0.0603
vn 0.9740 0.2244 -0.0324
vn 0.9068 0.4208 0.0254
vn 0.7322 0.6728 0.1060
vn -0.1805 0.8799 0.4395
vn 0.1765 0.6883 0.7036
vn -0.1312 0.9826 0.1312
vn 0.0523 0.9614 0.2702
vn 0.3932 0.7868 0.4757
vn 0.1053 0.9942 -0.0222
vn 0.2853 0.9546 0.0857
vn 0.5397 0.8029 0.2531
vn 0.7783 -0.4107 0.4749
vn 0.5470 -0.7743 -0.3182
vn 0.7907 0.4299 -0.4358
vn 0.7796 -0.5070 0.3677
vn 0.7512 -0.6322 0.1898
vn 0.9076 -0.2562 0.3326
vn 0.9048 -0.3573 0.2316
vn 0.8684 -0.4899 0.0770
vn 0.9869 -0.0665 0.1467
vn 0.9809 -0.1818 0.0687
vn 0.9429 -0.3313 -0.0348
vn 0.6912 -0.5934 -0.4123
vn 0.8006 -0.3555 -0.4824
vn 0.6136 -0.7663 -0.1903
vn 0.7521 -0.5954 -0.2826
vn 0.8547 -0.3788 -0.3550
vn 0.6967 -0.7173 0.0063
vn 0.8194 -0.5664 -0.0881
vn 0.9009 -0.3969 -0.1756
vn 0.9078 0.3104 -0.2821
vn 0.9898 0.1281 -0.0629
vn 0.8480 0.2131 -0.4853
vn 0.9369 0.1127 -0.3308
vn 0.9927 -0.0240 -0.1184
vn 0.8566 -0.0814 -0.5095
vn 0.9170 -0.1426 -0.3724
vn 0.9594 -0.2106 -0.1877
vn 0.9766 -0.1632 0.1399
vn 0.3305 0.7901 -0.5162
vn -0.2490 0.6988 0.6706
vn 0.9993 0.0356 -0.0124
vn 0.9404 0.2769 -0.1973
vn 0.9466 0.0059 0.3223
vn 0.9631 0.2234 0.1500
vn 0.8911 0.4504 -0.0554
vn 0.7623 0.2888 0.5792
vn 0.7862 0.4878 0.3794
vn 0.7484 0.6457 0.1512
vn 0.2362 0.9123 -0.3344
vn 0.0974 0.9937 -0.0556
vn 0.5482 0.6911 -0.4710
vn 0.4624 0.8351 -0.2980
vn 0.3187 0.9472 -0.0355
vn 0.7857 0.5060 -0.3560
vn 0.7214 0.6612 -0.2058
vn 0.5826 0.8127 0.0112
vn -0.0021 0.6889 0.7249
vn 0.3985 0.5505 0.7335
vn -0.1597 0.8544 0.4944
vn 0.0976 0.8508 0.5164
vn 0.4643 0.7204 0.5152
vn -0.0414 0.9715 0.2332
vn 0.1924 0.9517 0.2391
vn 0.4848 0.8345 0.2619
vn 0.9714 -0.2316 0.0531
vn 0.4428 -0.5487 -0.7092
vn 0.3979 0.6755 -0.6208
vn 0.9425 -0.3236 -0.0839
vn 0.8583 -0.4357 -0.2711
vn 0.9946 -0.0438 -0.0938
vn 0.9637 -0.1448 -0.2243
vn 0.8814 -0.2702 -0.3876
vn 0.9457 0.1864 -0.2664
vn 0.9256 0.0671 -0.3726
vn 0.8681 -0.0798 -0.4900
vn 0.4855 -0.3449 -0.8033
vn 0.5105 -0.0680 -0.8572
vn 0.5723 -0.5538 -0.6048
vn 0.6139 -0.3623 -0.7013
vn 0.6360 -0.1134 -0.7633
vn 0.7358 -0.5116 -0.4437
vn 0.7683 -0.3404 -0.5420
vn 0.7713 -0.1401 -0.6208
vn 0.5998 0.5725 -0.5591
vn 0.8113 0.3997 -0.4267
vn 0.4624 0.4900 -0.7390
vn 0.6425 0.3851 -0.6625
vn 0.8186 0.2457 -0.5192
vn 0.5025 0.2200 -0.8361
vn 0.6454 0.1366 -0.7516
vn 0.7869 0.0614 -0.6140
vn 0.0092 0.3946 0.9188
vn 0.9480 0.3093 0.0751
vn -0.1123 0.9919 0.0596
vn 0.2382 0.4259 0.8729
vn 0.5053 0.4348 0.7454
vn -0.0265 0.5547 0.8316
vn 0.1947 0.5841 0.7880
vn 0.4415 0.5851 0.6803
vn -0.0714 0.7382 0.6708
vn 0.1301 0.7571 0.6403
vn 0.3457 0.7399 0.5771
vn 0.8516 0.5194 0.0701
vn 0.6567 0.7517 0.0604
vn 0.8846 0.3664 0.2886
vn 0.7818 0.5602 0.2736
vn 0.6007 0.7627 0.2398
vn 0.7289 0.4145 0.5448
vn 0.6397 0.5768 0.5081
vn 0.5089 0.7402 0.4394
vn -0.1132 0.9634 0.2432
vn -0.1006 0.8744 0.4747
vn 0.1257 0.9903 0.0591
vn 0.1136 0.9635 0.2424
vn 0.1036 0.8805 0.4625
vn 0.4058 0.9122 0.0573
vn 0.3755 0.8978 0.2302
vn 0.3236 0.8451 0.4255
vn 0.0386 0.2776 0.9599
vn 0.3028 -0.9507 0.0677
vn 0.9854 0.1524 0.0758
vn 0.1002 0.0372 0.9943
vn 0.1882 -0.3495 0.9178
vn 0.2766 0.3094 0.9098
vn 0.3555 0.0746 0.9317
vn 0.4367 -0.2809 0.8546
vn 0.5486 0.3218 0.7717
vn 0.6178 0.1074 0.7790
vn 0.6574 -0.1890 0.7295
vn 0.5275 -0.8468 0.0678
vn 0.7565 -0.6509 0.0640
vn 0.2991 -0.9013 0.3133
vn 0.5381 -0.7850 0.3069
vn 0.7635 -0.5830 0.2779
vn 0.2630 -0.7018 0.6620
vn 0.5036 -0.5947 0.6267
vn 0.7116 -0.4452 0.5436
vn 0.9299 0.2201 0.2948
vn 0.7755 0.2908 0.5604
vn 0.9936 -0.0842 0.0757
vn 0.9544 -0.0135 0.2982
vn 0.8211 0.0754 0.5657
vn 0.9189 -0.3887 0.0680
vn 0.9050 -0.3222 0.2776
vn 0.8225 -0.2098 0.5287
vn 0.3145 -0.9484 -0.0402
vn 0.0128 0.4973 -0.8675
vn 0.9831 0.1694 -0.0693
vn 0.3340 -0.9019 -0.2738
vn 0.3093 -0.6593 -0.6853
vn 0.5432 -0.8386 -0.0410
vn 0.5950 -0.7606 -0.2597
vn 0.5935 -0.5182 -0.6158
vn 0.7633 -0.6447 -0.0414
vn 0.8032 -0.5488 -0.2317
vn 0.7813 -0.3590 -0.5105
vn 0.2628 0.5169 -0.8147
vn 0.5245 0.4952 -0.6926
vn 0.0831 0.2866 -0.9544
vn 0.3682 0.3151 -0.8747
vn 0.6221 0.3055 -0.7209
vn 0.2072 -0.1748 -0.9626
vn 0.5045 -0.0943 -0.8582
vn 0.7100 -0.0214 -0.7039
vn 0.9954 -0.0684 -0.0666
vn 0.9228 -0.3817 -0.0516
vn 0.9204 0.2833 -0.2694
vn 0.9624 0.0493 -0.2673
vn 0.9306 -0.2765 -0.2399
vn 0.7541 0.4155 -0.5086
vn 0.8270 0.2127 -0.5204
vn 0.8649 -0.0988 -0.4922
vn 0.0775 -0.9069 0.4141
vn 0.9893 0.1401 0.0413
vn 0.0786 0.2739 0.9585
vn 0.3200 -0.8577 0.4025
vn 0.6355 -0.6918 0.3428
vn 0.0781 -0.7829 0.6173
vn 0.3177 -0.7245 0.6117
vn 0.6113 -0.5719 0.5470
vn 0.0732 -0.5546 0.8289
vn 0.2907 -0.5012 0.8150
vn 0.5419 -0.4028 0.7377
vn 0.9414 0.2093 0.2643
vn 0.7994 0.2800 0.5315
vn 0.9874 -0.0916 0.1293
vn 0.9328 -0.0171 0.3601
vn 0.7888 0.0706 0.6106
vn 0.8763 -0.4152 0.2444
vn 0.8277 -0.3232 0.4587
vn 0.7211 -0.1971 0.6642
vn 0.0791 0.0430 0.9959
vn 0.0738 -0.2685 0.9604
vn 0.3047 0.3011 0.9036
vn 0.3069 0.0705 0.9491
vn 0.2881 -0.2319 0.9291
vn 0.5791 0.3112 0.7535
vn 0.5771 0.0991 0.8106
vn 0.5328 -0.1680 0.8294
vn 0.5395 -0.7646 -0.3526
vn -0.6020 0.6508 -0.4627
vn 0.6829 0.5159 -0.5173
vn 0.4560 -0.7143 -0.5309
vn 0.1132 -0.4479 -0.8869
vn 0.6837 -0.5737 -0.4510
vn 0.6356 -0.4628 -0.6180
vn 0.3925 -0.1582 -0.9061
vn 0.7836 -0.3341 -0.5237
vn 0.7251 -0.2034 -0.6579
vn 0.5237 0.0404 -0.8510
vn -0.3734 0.7443 -0.5538
vn -0.1179 0.7841 -0.6094
vn -0.5603 0.5409 -0.6273
vn -0.2709 0.6572 -0.7034
vn 0.0026 0.6878 -0.7259
vn -0.3465 0.1200 -0.9304
vn -0.0029 0.3314 -0.9435
vn 0.2134 0.4235 -0.8804
vn 0.7699 0.2933 -0.5668
vn 0.8206 -0.0395 -0.5701
vn 0.4873 0.6400 -0.5941
vn 0.6081 0.4406 -0.6603
vn 0.7207 0.1032 -0.6855
vn 0.1764 0.7553 -0.6311
vn 0.3034 0.6182 -0.7251
vn 0.4820 0.3286 -0.8122
vn 0.4365 -0.8917 -0.1193
vn -0.2687 0.6470 -0.7135
vn 0.9061 0.3089 -0.2890
vn 0.4179 -0.8473 -0.3279
vn 0.2675 -0.5769 -0.7718
vn 0.6425 -0.7464 -0.1730
vn 0.6648 -0.6515 -0.3655
vn 0.5811 -0.3611 -0.7293
vn 0.8150 -0.5356 -0.2209
vn 0.8233 -0.4174 -0.3847
vn 0.7394 -0.1822 -0.6482
vn -0.0100 0.6881 -0.7255
vn 0.2584 0.6781 -0.6881
vn -0.2010 0.4942 -0.8458
vn 0.1112 0.5491 -0.8283
vn 0.3826 0.5360 -0.7525
vn -0.0052 0.0143 -0.9999
vn 0.3462 0.1497 -0.9262
vn 0.5543 0.2188 -0.8030
vn 0.9527 0.0713 -0.2953
vn 0.9285 -0.2587 -0.2663
vn 0.7780 0.4469 -0.4416
vn 0.8629 0.2219 -0.4540
vn 0.8970 -0.1235 -0.4244
vn 0.5319 0.5997 -0.5979
vn 0.6435 0.4252 -0.6364
vn 0.7612 0.1046 -0.6400
vn 0.4331 -0.8991 -0.0631
vn 0.9608 0.2222 -0.1657
vn 0.4628 -0.4363 0.7717
vn 0.6328 -0.7660 -0.1132
vn 0.8135 -0.5596 -0.1581
vn 0.4576 -0.8842 0.0941
vn 0.6488 -0.7596 0.0448
vn 0.8192 -0.5734 -0.0048
vn 0.4814 -0.8192 0.3116
vn 0.6541 -0.7116 0.2566
vn 0.7994 -0.5706 0.1880
vn 0.9928 0.1154 0.0333
vn 0.9567 -0.0364 0.2889
vn 0.9837 -0.0068 -0.1798
vn 0.9955 -0.0945 0.0109
vn 0.9475 -0.2031 0.2469
vn 0.9361 -0.3013 -0.1818
vn 0.9361 -0.3513 -0.0171
vn 0.9000 -0.3956 0.1828
vn 0.4821 -0.5604 0.6735
vn 0.4893 -0.7125 0.5029
vn 0.6591 -0.3335 0.6741
vn 0.6711 -0.4611 0.5805
vn 0.6612 -0.6153 0.4293
vn 0.8403 -0.1910 0.5074
vn 0.8381 -0.3266 0.4368
vn 0.8058 -0.4882 0.3353
vn -0.0064 0.5584 -0.8296
vn -0.1033 0.9941 -0.0339
vn 0.9446 0.3214 -0.0670
vn -0.0320 0.6719 -0.7400
vn -0.0679 0.8150 -0.5755
vn 0.2338 0.5791 -0.7810
vn 0.1998 0.6913 -0.6944
vn 0.1448 0.8259 -0.5450
vn 0.4875 0.5628 -0.6675
vn 0.4328 0.6740 -0.5987
vn 0.3450 0.7997 -0.4913
vn 0.1402 0.9895 -0.0340
vn 0.4127 0.9102 -0.0349
vn -0.0967 0.9789 -0.1801
vn 0.1409 0.9739 -0.1782
vn 0.3834 0.9072 -0.1731
vn -0.0890 0.9159 -0.3913
vn 0.1258 0.9167 -0.3792
vn 0.3285 0.8773 -0.3499
vn 0.8712 0.4158 -0.2611
vn 0.7075 0.5076 -0.4916
vn 0.8484 0.5263 -0.0572
vn 0.7690 0.5938 -0.2369
vn 0.6239 0.6411 -0.4469
vn 0.6566 0.7530 -0.0424
vn 0.5939 0.7813 -0.1919
vn 0.4997 0.7827 -0.3711
vn -0.2131 0.9761 0.0431
vn 0.8502 0.4516 -0.2706
vn -0.2740 0.6605 -0.6990
vn 0.0317 0.9993 -0.0196
vn 0.2886 0.9535 -0.0866
vn -0.2326 0.9701 -0.0694
vn 0.0103 0.9917 -0.1284
vn 0.2377 0.9535 -0.1852
vn -0.2700 0.9256 -0.2654
vn -0.0460 0.9503 -0.3080
vn 0.1475 0.9319 -0.3314
vn 0.7160 0.5591 -0.4180
vn 0.4901 0.6560 -0.5740
vn 0.7349 0.6389 -0.2276
vn 0.6076 0.7087 -0.3587
vn 0.4149 0.7550 -0.5078
vn 0.5296 0.8335 -0.1571
vn 0.4369 0.8609 -0.2610
vn 0.3055 0.8651 -0.3978
vn -0.2822 0.7367 -0.6145
vn -0.2864 0.8493 -0.4434
vn -0.0209 0.7048 -0.7091
vn -0.0357 0.7788 -0.6263
vn -0.0607 0.8823 -0.4667
vn 0.2382 0.7033 -0.6697
vn 0.2006 0.7782 -0.5952
vn 0.1353 0.8739 -0.4669
vn -0.2061 0.9731 0.1027
vn 0.4515 -0.3562 0.8181
vn 0.9140 0.3761 -0.1524
vn -0.1215 0.9365 0.3288
vn 0.0639 0.7253 0.6855
vn 0.0423 0.9982 0.0414
vn 0.1538 0.9561 0.2496
vn 0.3390 0.7563 0.5595
vn 0.3184 0.9475 -0.0283
vn 0.4312 0.8896 0.1506
vn 0.5577 0.7252 0.4038
vn 0.6549 -0.2478 0.7139
vn 0.8384 -0.0991 0.5360
vn 0.4113 -0.1299 0.9022
vn 0.6383 -0.0132 0.7697
vn 0.8163 0.1174 0.5656
vn 0.2752 0.3027 0.9125
vn 0.5252 0.3846 0.7591
vn 0.7067 0.4267 0.5643
vn 0.8008 0.5855 -0.1264
vn 0.5810 0.8095 -0.0851
vn 0.9650 0.2576 0.0484
vn 0.8765 0.4764 0.0701
vn 0.6778 0.7292 0.0941
vn 0.9480 0.0764 0.3089
vn 0.8985 0.2870 0.3322
vn 0.7585 0.5588 0.3354
vn -0.3553 0.9059 0.2304
vn 0.6111 0.6411 -0.4643
vn -0.6030 0.6512 -0.4608
vn -0.1509 0.9841 0.0939
vn 0.0674 0.9963 -0.0532
vn -0.4051 0.9036 0.1395
vn -0.2002 0.9797 0.0067
vn -0.0066 0.9925 -0.1223
vn -0.4971 0.8670 -0.0345
vn -0.3042 0.9415 -0.1453
vn -0.1336 0.9639 -0.2302
vn 0.4179 0.7307 -0.5399
vn 0.1406 0.7916 -0.5947
vn 0.4846 0.7957 -0.3634
vn 0.3132 0.8459 -0.4317
vn 0.0793 0.8623 -0.5001
vn 0.2843 0.9358 -0.2084
vn 0.1644 0.9496 -0.2670
vn -0.0016 0.9369 -0.3497
vn -0.5946 0.7105 -0.3764
vn -0.5590 0.8040 -0.2026
vn -0.3763 0.7480 -0.5467
vn -0.3733 0.8041 -0.4626
vn -0.3593 0.8855 -0.2947
vn -0.1284 0.7944 -0.5936
vn -0.1483 0.8480 -0.5087
vn -0.1803 0.9163 -0.3577
vn 0.0716 0.9638 -0.2568
vn 0.0784 0.4236 0.9025
vn 0.9608 0.2769 -0.0104
vn 0.0711 0.9971 -0.0272
vn 0.0678 0.9589 0.2757
vn 0.2762 0.9293 -0.2450
vn 0.2747 0.9613 -0.0214
vn 0.2589 0.9312 0.2566
vn 0.5239 0.8245 -0.2139
vn 0.5115 0.8592 -0.0131
vn 0.4683 0.8560 0.2192
vn 0.3005 0.4468 0.8427
vn 0.5690 0.4427 0.6930
vn 0.0764 0.6201 0.7808
vn 0.2928 0.6336 0.7161
vn 0.5398 0.6080 0.5822
vn 0.0695 0.8286 0.5554
vn 0.2646 0.8211 0.5057
vn 0.4768 0.7691 0.4258
vn 0.8853 0.4586 -0.0772
vn 0.7296 0.6655 -0.1575
vn 0.9155 0.3448 0.2073
vn 0.8411 0.5240 0.1338
vn 0.6983 0.7148 0.0380
vn 0.7813 0.4077 0.4726
vn 0.7246 0.5715 0.3852
vn 0.6268 0.7334 0.2630
vt 0.000000 0.000000
s 1
f 2572/3/2572 2575/3/2575 2578/3/2578 2577/3/2577
f 2575/3/2575 2576/3/2576 2579/3/2579 2578/3/2578
f 2576/3/2576 2588/3/2588 2589/3/2589 2579/3/2579
f 2577/3/2577 2578/3/2578 2581/3/2581 2580/3/2580
f 2578/3/2578 2579/3/2579 2582/3/2582 2581/3/2581
f 2579/3/2579 2589/3/2589 2590/3/2590 2582/3/2582
f 2573/3/2573 2583/3/2583 2586/3/2586 2585/3/2585
f 2583/3/2583 2584/3/2584 2587/3/2587 2586/3/2586
f 2584/3/2584 2596/3/2596 2597/3/2597 2587/3/2587
f 2585/3/2585 2586/3/2586 2589/3/2589 2588/3/2588
f 2586/3/2586 2587/3/2587 2590/3/2590 2589/3/2589
f 2587/3/2587 2597/3/2597 2598/3/2598 2590/3/2590
f 2574/3/2574 2591/3/2591 2594/3/2594 2593/3/2593
f 2591/3/2591 2592/3/2592 2595/3/2595 2594/3/2594
f 2592/3/2592 2580/3/2580 2581/3/2581 2595/3/2595
f 2593/3/2593 2594/3/2594 2597/3/2597 2596/3/2596
f 2594/3/2594 2595/3/2595 2598/3/2598 2597/3/2597
f 2595/3/2595 2581/3/2581 2582/3/2582 2598/3/2598
f 2582/3/2582 2590/3/2590 2598/3/2598
f 2599/3/2599 2602/3/2602 2605/3/2605 2604/3/2604
f 2602/3/2602 2603/3/2603 2606/3/2606 2605/3/2605
f 2603/3/2603 2615/3/2615 2616/3/2616 2606/3/2606
f 2604/3/2604 2605/3/2605 2608/3/2608 2607/3/2607
f 2605/3/2605 2606/3/2606 2609/3/2609 2608/3/2608
f 2606/3/2606 2616/3/2616 2617/3/2617 2609/3/2609
f 2600/3/2600 2610/3/2610 2613/3/2613 2612/3/2612
f 2610/3/2610 2611/3/2611 2614/3/2614 2613/3/2613
f 2611/3/2611 2623/3/2623 2624/3/2624 2614/3/2614
f 2612/3/2612 2613/3/2613 2616/3/2616 2615/3/2615
f 2613/3/2613 2614/3/2614 2617/3/2617 2616/3/2616
f 2614/3/2614 2624/3/2624 2625/3/2625 2617/3/2617
f 2601/3/2601 2618/3/2618 2621/3/2621 2620/3/2620
f 2618/3/2618 2619/3/2619 2622/3/2622 2621/3/2621
f 2619/3/2619 2607/3/2607 2608/3/2608 2622/3/2622
f 2620/3/2620 2621/3/2621 2624/3/2624 2623/3/2623
f 2621/3/2621 2622/3/2622 2625/3/2625 2624/3/2624
f 2622/3/2622 2608/3/2608 2609/3/2609 2625/3/2625
f 2609/3/2609 2617/3/2617 2625/3/2625
f 2626/3/2626 2629/3/2629 2632/3/2632 2631/3/2631
f 2629/3/2629 2630/3/2630 2633/3/2633 2632/3/2632
f 2630/3/2630 2642/3/2642 2643/3/2643 2633/3/2633
f 2631/3/2631 2632/3/2632 2635/3/2635 2634/3/2634
f 2632/3/2632 2633/3/2633 2636/3/2636 2635/3/2635
f 2633/3/2633 2643/3/2643 2644/3/2644 2636/3/2636
f 2627/3/2627 2637/3/2637 2640/3/2640 2639/3/2639
f 2637/3/2637 2638/3/2638 2641/3/2641 2640/3/2640
f 2638/3/2638 2650/3/2650 2651/3/2651 2641/3/2641
f 2639/3/2639 2640/3/2640 2643/3/2643 2642/3/2642
f 2640/3/2640 2641/3/2641 2644/3/2644 2643/3/2643
f 2641/3/2641 2651/3/2651 2652/3/2652 2644/3/2644
f 2628/3/2628 2645/3/2645 2648/3/2648 2647/3/2647
f 2645/3/2645 2646/3/2646 2649/3/2649 2648/3/2648
f 2646/3/2646 2634/3/2634 2635/3/2635 2649/3/2649
f 2647/3/2647 2648/3/2648 2651/3/2651 2650/3/2650
f 2648/3/2648 2649/3/2649 2652/3/2652 2651/3/2651
f 2649/3/2649 2635/3/2635 2636/3/2636 2652/3/2652
f 2636/3/2636 2644/3/2644 2652/3/2652
f 2659/3/2659 2662/3/2662 2665/3/2665 2664/3/2664
f 2662/3/2662 2663/3/2663 2666/3/2666 2665/3/2665
f 2663/3/2663 2675/3/2675 2676/3/2676 2666/3/2666
f 2664/3/2664 2665/3/2665 2668/3/2668 2667/3/2667
f 2665/3/2665 2666/3/2666 2669/3/2669 2668/3/2668
f 2666/3/2666 2676/3/2676 2677/3/2677 2669/3/2669
f 2660/3/2660 2670/3/2670 2673/3/2673 2672/3/2672
f 2670/3/2670 2671/3/2671 2674/3/2674 2673/3/2673
f 2671/3/2671 2683/3/2683 2684/3/2684 2674/3/2674
f 2672/3/2672 2673/3/2673 2676/3/2676 2675/3/2675
f 2673/3/2673 2674/3/2674 2677/3/2677 2676/3/2676
f 2674/3/2674 2684/3/2684 2685/3/2685 2677/3/2677
f 2661/3/2661 2678/3/2678 2681/3/2681 2680/3/2680
f 2678/3/2678 2679/3/2679 2682/3/2682 2681/3/2681
f 2679/3/2679 2667/3/2667 2668/3/2668 2682/3/2682
f 2680/3/2680 2681/3/2681 2684/3/2684 2683/3/2683
f 2681/3/2681 2682/3/2682 2685/3/2685 2684/3/2684
f 2682/3/2682 2668/3/2668 2669/3/2669 2685/3/2685
f 2669/3/2669 2677/3/2677 2685/3/2685
f 2686/3/2686 2690/3/2690 2693/3/2693 2692/3/2692
f 2690/3/2690 2691/3/2691 2694/3/2694 2693/3/2693
f 2691/3/2691 2703/3/2703 2704/3/2704 2694/3/2694
f 2692/3/2692 2693/3/2693 2696/3/2696 2695/3/2695
f 2693/3/2693 2694/3/2694 2697/3/2697 2696/3/2696
f 2694/3/2694 2704/3/2704 2705/3/2705 2697/3/2697
f 2687/3/2687 2698/3/2698 2701/3/2701 2700/3/2700
f 2698/3/2698 2699/3/2699 2702/3/2702 2701/3/2701
f 2699/3/2699 2711/3/2711 2712/3/2712 2702/3/2702
f 2700/3/2700 2701/3/2701 2704/3/2704 2703/3/2703
f 2701/3/2701 2702/3/2702 2705/3/2705 2704/3/2704
f 2702/3/2702 2712/3/2712 2713/3/2713 2705/3/2705
f 2688/3/2688 2706/3/2706 2709/3/2709 2708/3/2708
f 2706/3/2706 2707/3/2707 2710/3/2710 2709/3/2709
f 2707/3/2707 2719/3/2719 2720/3/2720 2710/3/2710
f 2708/3/2708 2709/3/2709 2712/3/2712 2711/3/2711
f 2709/3/2709 2710/3/2710 2713/3/2713 2712/3/2712
f 2710/3/2710 2720/3/2720 2721/3/2721 2713/3/2713
f 2689/3/2689 2714/3/2714 2717/3/2717 2716/3/2716
f 2714/3/2714 2715/3/2715 2718/3/2718 2717/3/2717
f 2715/3/2715 2695/3/2695 2696/3/2696 2718/3/2718
f 2716/3/2716 2717/3/2717 2720/3/2720 2719/3/2719
f 2717/3/2717 2718/3/2718 2721/3/2721 2720/3/2720
f 2718/3/2718 2696/3/2696 2697/3/2697 2721/3/2721
f 2697/3/2697 2705/3/2705 2713/3/2713 2721/3/2721
f 2722/3/2722 2725/3/2725 2728/3/2728 2727/3/2727
f 2725/3/2725 2726/3/2726 2729/3/2729 2728/3/2728
f 2726/3/2726 2738/3/2738 2739/3/2739 2729/3/2729
f 2727/3/2727 2728/3/2728 2731/3/2731 2730/3/2730
f 2728/3/2728 2729/3/2729 2732/3/2732 2731/3/2731
f 2729/3/2729 2739/3/2739 2740/3/2740 2732/3/2732
f 2723/3/2723 2733/3/2733 2736/3/2736 2735/3/2735
f 2733/3/2733 2734/3/2734 2737/3/2737 2736/3/2736
f 2734/3/2734 2746/3/2746 2747/3/2747 2737/3/2737
f 2735/3/2735 2736/3/2736 2739/3/2739 2738/3/2738
f 2736/3/2736 2737/3/2737 2740/3/2740 2739/3/2739
f 2737/3/2737 2747/3/2747 2748/3/2748 2740/3/2740
f 2724/3/2724 2741/3/2741 2744/3/2744 2743/3/2743
f 2741/3/2741 2742/3/2742 2745/3/2745 2744/3/2744
f 2742/3/2742 2730/3/2730 2731/3/2731 2745/3/2745
f 2743/3/2743 2744/3/2744 2747/3/2747 2746/3/2746
f 2744/3/2744 2745/3/2745 2748/3/2748 2747/3/2747
f 2745/3/2745 2731/3/2731 2732/3/2732 2748/3/2748
f 2732/3/2732 2740/3/2740 2748/3/2748
f 2755/3/2755 2758/3/2758 2761/3/2761 2760/3/2760
f 2758/3/2758 2759/3/2759 2762/3/2762 2761/3/2761
f 2759/3/2759 2771/3/2771 2772/3/2772 2762/3/2762
f 2760/3/2760 2761/3/2761 2764/3/2764 2763/3/2763
f 2761/3/2761 2762/3/2762 2765/3/2765 2764/3/2764
f 2762/3/2762 2772/3/2772 2773/3/2773 2765/3/2765
f 2756/3/2756 2766/3/2766 2769/3/2769 2768/3/2768
f 2766/3/2766 2767/3/2767 2770/3/2770 2769/3/2769
f 2767/3/2767 2779/3/2779 2780/3/2780 2770/3/2770
f 2768/3/2768 2769/3/2769 2772/3/2772 2771/3/2771
f 2769/3/2769 2770/3/2770 2773/3/2773 2772/3/2772
f 2770/3/2770 2780/3/2780 2781/3/2781 2773/3/2773
f 2757/3/2757 2774/3/2774 2777/3/2777 2776/3/2776
f 2774/3/2774 2775/3/2775 2778/3/2778 2777/3/2777
f 2775/3/2775 2763/3/2763 2764/3/2764 2778/3/2778
f 2776/3/2776 2777/3/2777 2780/3/2780 2779/3/2779
f 2777/3/2777 2778/3/2778 2781/3/2781 2780/3/2780
f 2778/3/2778 2764/3/2764 2765/3/2765 2781/3/2781
f 2765/3/2765 2773/3/2773 2781/3/2781
f 2782/3/2782 2785/3/2785 2788/3/2788 2787/3/2787
f 2785/3/2785 2786/3/2786 2789/3/2789 2788/3/2788
f 2786/3/2786 2798/3/2798 2799/3/2799 2789/3/2789
f 2787/3/2787 2788/3/2788 2791/3/2791 2790/3/2790
f 2788/3/2788 2789/3/2789 2792/3/2792 2791/3/2791
f 2789/3/2789 2799/3/2799 2800/3/2800 2792/3/2792
f 2783/3/2783 2793/3/2793 2796/3/2796 2795/3/2795
f 2793/3/2793 2794/3/2794 2797/3/2797 2796/3/2796
f 2794/3/2794 2806/3/2806 2807/3/2807 2797/3/2797
f 2795/3/2795 2796/3/2796 2799/3/2799 2798/3/2798
f 2796/3/2796 2797/3/2797 2800/3/2800 2799/3/2799
f 2797/3/2797 2807/3/2807 2808/3/2808 2800/3/2800
f 2784/3/2784 2801/3/2801 2804/3/2804 2803/3/2803
f 2801/3/2801 2802/3/2802 2805/3/2805 2804/3/2804
f 2802/3/2802 2790/3/2790 2791/3/2791 2805/3/2805
f 2803/3/2803 2804/3/2804 2807/3/2807 2806/3/2806
f 2804/3/2804 2805/3/2805 2808/3/2808 2807/3/2807
f 2805/3/2805 2791/3/2791 2792/3/2792 2808/3/2808
f 2792/3/2792 2800/3/2800 2808/3/2808
f 2809/3/2809 2812/3/2812 2815/3/2815 2814/3/2814
f 2812/3/2812 2813/3/2813 2816/3/2816 2815/3/2815
f 2813/3/2813 2825/3/2825 2826/3/2826 2816/3/2816
f 2814/3/2814 2815/3/2815 2818/3/2818 2817/3/2817
f 2815/3/2815 2816/3/2816 2819/3/2819 2818/3/2818
f 2816/3/2816 2826/3/2826 2827/3/2827 2819/3/2819
f 2810/3/2810 2820/3/2820 2823/3/2823 2822/3/2822
f 2820/3/2820 2821/3/2821 2824/3/2824 2823/3/2823
f 2821/3/2821 2833/3/2833 2834/3/2834 2824/3/2824
f 2822/3/2822 2823/3/2823 2826/3/2826 2825/3/2825
f 2823/3/2823 2824/3/2824 2827/3/2827 2826/3/2826
f 2824/3/2824 2834/3/2834 2835/3/2835 2827/3/2827
f 2811/3/2811 2828/3/2828 2831/3/2831 2830/3/2830
f 2828/3/2828 2829/3/2829 2832/3/2832 2831/3/2831
f 2829/3/2829 2817/3/2817 2818/3/2818 2832/3/2832
f 2830/3/2830 2831/3/2831 2834/3/2834 2833/3/2833
f 2831/3/2831 2832/3/2832 2835/3/2835 2834/3/2834
f 2832/3/2832 2818/3/2818 2819/3/2819 2835/3/2835
f 2819/3/2819 2827/3/2827 2835/3/2835
f 2836/3/2836 2840/3/2840 2843/3/2843 2842/3/2842
f 2840/3/2840 2841/3/2841 2844/3/2844 2843/3/2843
f 2841/3/2841 2853/3/2853 2854/3/2854 2844/3/2844
f 2842/3/2842 2843/3/2843 2846/3/2846 2845/3/2845
f 2843/3/2843 2844/3/2844 2847/3/2847 2846/3/2846
f 2844/3/2844 2854/3/2854 2855/3/2855 2847/3/2847
f 2837/3/2837 2848/3/2848 2851/3/2851 2850/3/2850
f 2848/3/2848 2849/3/2849 2852/3/2852 2851/3/2851
f 2849/3/2849 2861/3/2861 2862/3/2862 2852/3/2852
f 2850/3/2850 2851/3/2851 2854/3/2854 2853/3/2853
f 2851/3/2851 2852/3/2852 2855/3/2855 2854/3/2854
f 2852/3/2852 2862/3/2862 2863/3/2863 2855/3/2855
f 2838/3/2838 2856/3/2856 2859/3/2859 2858/3/2858
f 2856/3/2856 2857/3/2857 2860/3/2860 2859/3/2859
f 2857/3/2857 2869/3/2869 2870/3/2870 2860/3/2860
f 2858/3/2858 2859/3/2859 2862/3/2862 2861/3/2861
f 2859/3/2859 2860/3/2860 2863/3/2863 2862/3/2862
f 2860/3/2860 2870/3/2870 2871/3/2871 2863/3/2863
f 2839/3/2839 2864/3/2864 2867/3/2867 2866/3/2866
f 2864/3/2864 2865/3/2865 2868/3/2868 2867/3/2867
f 2865/3/2865 2845/3/2845 2846/3/2846 2868/3/2868
f 2866/3/2866 2867/3/2867 2870/3/2870 2869/3/2869
f 2867/3/2867 2868/3/2868 2871/3/2871 2870/3/2870
f 2868/3/2868 2846/3/2846 2847/3/2847 2871/3/2871
f 2847/3/2847 2855/3/2855 2863/3/2863 2871/3/2871
f 2872/3/2872 2875/3/2875 2878/3/2878 2877/3/2877
f 2875/3/2875 2876/3/2876 2879/3/2879 2878/3/2878
f 2876/3/2876 2888/3/2888 2889/3/2889 2879/3/2879
f 2877/3/2877 2878/3/2878 2881/3/2881 2880/3/2880
f 2878/3/2878 2879/3/2879 2882/3/2882 2881/3/2881
f 2879/3/2879 2889/3/2889 2890/3/2890 2882/3/2882
f 2873/3/2873 2883/3/2883 2886/3/2886 2885/3/2885
f 2883/3/2883 2884/3/2884 2887/3/2887 2886/3/2886
f 2884/3/2884 2896/3/2896 2897/3/2897 2887/3/2887
f 2885/3/2885 2886/3/2886 2889/3/2889 2888/3/2888
f 2886/3/2886 2887/3/2887 2890/3/2890 2889/3/2889
f 2887/3/2887 2897/3/2897 2898/3/2898 2890/3/2890
f 2874/3/2874 2891/3/2891 2894/3/2894 2893/3/2893
f 2891/3/2891 2892/3/2892 2895/3/2895 2894/3/2894
f 2892/3/2892 2880/3/2880 2881/3/2881 2895/3/2895
f 2893/3/2893 2894/3/2894 2897/3/2897 2896/3/2896
f 2894/3/2894 2895/3/2895 2898/3/2898 2897/3/2897
f 2895/3/2895 2881/3/2881 2882/3/2882 2898/3/2898
f 2882/3/2882 2890/3/2890 2898/3/2898
f 2899/3/2899 2902/3/2902 2905/3/2905 2904/3/2904
f 2902/3/2902 2903/3/2903 2906/3/2906 2905/3/2905
f 2903/3/2903 2915/3/2915 2916/3/2916 2906/3/2906
f 2904/3/2904 2905/3/2905 2908/3/2908 2907/3/2907
f 2905/3/2905 2906/3/2906 2909/3/2909 2908/3/2908
f 2906/3/2906 2916/3/2916 2917/3/2917 2909/3/2909
f 2900/3/2900 2910/3/2910 2913/3/2913 2912/3/2912
f 2910/3/2910 2911/3/2911 2914/3/2914 2913/3/2913
f 2911/3/2911 2923/3/2923 2924/3/2924 2914/3/2914
f 2912/3/2912 2913/3/2913 2916/3/2916 2915/3/2915
f 2913/3/2913 2914/3/2914 2917/3/2917 2916/3/2916
f 2914/3/2914 2924/3/2924 2925/3/2925 2917/3/2917
f 2901/3/2901 2918/3/2918 2921/3/2921 2920/3/2920
f 2918/3/2918 2919/3/2919 2922/3/2922 2921/3/2921
f 2919/3/2919 2907/3/2907 2908/3/2908 2922/3/2922
f 2920/3/2920 2921/3/2921 2924/3/2924 2923/3/2923
f 2921/3/2921 2922/3/2922 2925/3/2925 2924/3/2924
f 2922/3/2922 2908/3/2908 2909/3/2909 2925/3/2925
f 2909/3/2909 2917/3/2917 2925/3/2925
f 2926/3/2926 2929/3/2929 2932/3/2932 2931/3/2931
f 2929/3/2929 2930/3/2930 2933/3/2933 2932/3/2932
f 2930/3/2930 2942/3/2942 2943/3/2943 2933/3/2933
f 2931/3/2931 2932/3/2932 2935/3/2935 2934/3/2934
f 2932/3/2932 2933/3/2933 2936/3/2936 2935/3/2935
f 2933/3/2933 2943/3/2943 2944/3/2944 2936/3/2936
f 2927/3/2927 2937/3/2937 2940/3/2940 2939/3/2939
f 2937/3/2937 2938/3/2938 2941/3/2941 2940/3/2940
f 2938/3/2938 2950/3/2950 2951/3/2951 2941/3/2941
f 2939/3/2939 2940/3/2940 2943/3/2943 2942/3/2942
f 2940/3/2940 2941/3/2941 2944/3/2944 2943/3/2943
f 2941/3/2941 2951/3/2951 2952/3/2952 2944/3/2944
f 2928/3/2928 2945/3/2945 2948/3/2948 2947/3/2947
f 2945/3/2945 2946/3/2946 2949/3/2949 2948/3/2948
f 2946/3/2946 2934/3/2934 2935/3/2935 2949/3/2949
f 2947/3/2947 2948/3/2948 2951/3/2951 2950/3/2950
f 2948/3/2948 2949/3/2949 2952/3/2952 2951/3/2951
f 2949/3/2949 2935/3/2935 2936/3/2936 2952/3/2952
f 2936/3/2936 2944/3/2944 2952/3/2952
f 2953/3/2953 2956/3/2956 2959/3/2959 2958/3/2958
f 2956/3/2956 2957/3/2957 2960/3/2960 2959/3/2959
f 2957/3/2957 2969/3/2969 2970/3/2970 2960/3/2960
f 2958/3/2958 2959/3/2959 2962/3/2962 2961/3/2961
f 2959/3/2959 2960/3/2960 2963/3/2963 2962/3/2962
f 2960/3/2960 2970/3/2970 2971/3/2971 2963/3/2963
f 2954/3/2954 2964/3/2964 2967/3/2967 2966/3/2966
f 2964/3/2964 2965/3/2965 2968/3/2968 2967/3/2967
f 2965/3/2965 2977/3/2977 2978/3/2978 2968/3/2968
f 2966/3/2966 2967/3/2967 2970/3/2970 2969/3/2969
f 2967/3/2967 2968/3/2968 2971/3/2971 2970/3/2970
f 2968/3/2968 2978/3/2978 2979/3/2979 2971/3/2971
f 2955/3/2955 2972/3/2972 2975/3/2975 2974/3/2974
f 2972/3/2972 2973/3/2973 2976/3/2976 2975/3/2975
f 2973/3/2973 2961/3/2961 2962/3/2962 2976/3/2976
f 2974/3/2974 2975/3/2975 2978/3/2978 2977/3/2977
f 2975/3/2975 2976/3/2976 2979/3/2979 2978/3/2978
f 2976/3/2976 2962/3/2962 2963/3/2963 2979/3/2979
f 2963/3/2963 2971/3/2971 2979/3/2979
f 2980/3/2980 2983/3/2983 2986/3/2986 2985/3/2985
f 2983/3/2983 2984/3/2984 2987/3/2987 2986/3/2986
f 2984/3/2984 2996/3/2996 2997/3/2997 2987/3/2987
f 2985/3/2985 2986/3/2986 2989/3/2989 2988/3/2988
f 2986/3/2986 2987/3/2987 2990/3/2990 2989/3/2989
f 2987/3/2987 2997/3/2997 2998/3/2998 2990/3/2990
f 2981/3/2981 2991/3/2991 2994/3/2994 2993/3/2993
f 2991/3/2991 2992/3/2992 2995/3/2995 2994/3/2994
f 2992/3/2992 3004/3/3004 3005/3/3005 2995/3/2995
f 2993/3/2993 2994/3/2994 2997/3/2997 2996/3/2996
f 2994/3/2994 2995/3/2995 2998/3/2998 2997/3/2997
f 2995/3/2995 3005/3/3005 3006/3/3006 2998/3/2998
f 2982/3/2982 2999/3/2999 3002/3/3002 3001/3/3001
f 2999/3/2999 3000/3/3000 3003/3/3003 3002/3/3002
f 3000/3/3000 2988/3/2988 2989/3/2989 3003/3/3003
f 3001/3/3001 3002/3/3002 3005/3/3005 3004/3/3004
f 3002/3/3002 3003/3/3003 3006/3/3006 3005/3/3005
f 3003/3/3003 2989/3/2989 2990/3/2990 3006/3/3006
f 2990/3/2990 2998/3/2998 3006/3/3006
f 3007/3/3007 3010/3/3010 3013/3/3013 3012/3/3012
f 3010/3/3010 3011/3/3011 3014/3/3014 3013/3/3013
f 3011/3/3011 3023/3/3023 3024/3/3024 3014/3/3014
f 3012/3/3012 3013/3/3013 3016/3/3016 3015/3/3015
f 3013/3/3013 3014/3/3014 3017/3/3017 3016/3/3016
f 3014/3/3014 3024/3/3024 3025/3/3025 3017/3/3017
f 3008/3/3008 3018/3/3018 3021/3/3021 3020/3/3020
f 3018/3/3018 3019/3/3019 3022/3/3022 3021/3/3021
f 3019/3/3019 3031/3/3031 3032/3/3032 3022/3/3022
f 3020/3/3020 3021/3/3021 3024/3/3024 3023/3/3023
f 3021/3/3021 3022/3/3022 3025/3/3025 3024/3/3024
f 3022/3/3022 3032/3/3032 3033/3/3033 3025/3/3025
f 3009/3/3009 3026/3/3026 3029/3/3029 3028/3/3028
f 3026/3/3026 3027/3/3027 3030/3/3030 3029/3/3029
f 3027/3/3027 3015/3/3015 3016/3/3016 3030/3/3030
f 3028/3/3028 3029/3/3029 3032/3/3032 3031/3/3031
f 3029/3/3029 3030/3/3030 3033/3/3033 3032/3/3032
f 3030/3/3030 3016/3/3016 3017/3/3017 3033/3/3033
f 3017/3/3017 3025/3/3025 3033/3/3033
f 3034/3/3034 3037/3/3037 3040/3/3040 3039/3/3039
f 3037/3/3037 3038/3/3038 3041/3/3041 3040/3/3040
f 3038/3/3038 3050/3/3050 3051/3/3051 3041/3/3041
f 3039/3/3039 3040/3/3040 3043/3/3043 3042/3/3042
f 3040/3/3040 3041/3/3041 3044/3/3044 3043/3/3043
f 3041/3/3041 3051/3/3051 3052/3/3052 3044/3/3044
f 3035/3/3035 3045/3/3045 3048/3/3048 3047/3/3047
f 3045/3/3045 3046/3/3046 3049/3/3049 3048/3/3048
f 3046/3/3046 3058/3/3058 3059/3/3059 3049/3/3049
f 3047/3/3047 3048/3/3048 3051/3/3051 3050/3/3050
f 3048/3/3048 3049/3/3049 3052/3/3052 3051/3/3051
f 3049/3/3049 3059/3/3059 3060/3/3060 3052/3/3052
f 3036/3/3036 3053/3/3053 3056/3/3056 3055/3/3055
f 3053/3/3053 3054/3/3054 3057/3/3057 3056/3/3056
f 3054/3/3054 3042/3/3042 3043/3/3043 3057/3/3057
f 3055/3/3055 3056/3/3056 3059/3/3059 3058/3/3058
f 3056/3/3056 3057/3/3057 3060/3/3060 3059/3/3059
f 3057/3/3057 3043/3/3043 3044/3/3044 3060/3/3060
f 3044/3/3044 3052/3/3052 3060/3/3060
f 3061/3/3061 3064/3/3064 3067/3/3067 3066/3/3066
f 3064/3/3064 3065/3/3065 3068/3/3068 3067/3/3067
f 3065/3/3065 3077/3/3077 3078/3/3078 3068/3/3068
f 3066/3/3066 3067/3/3067 3070/3/3070 3069/3/3069
f 3067/3/3067 3068/3/3068 3071/3/3071 3070/3/3070
f 3068/3/3068 3078/3/3078 3079/3/3079 3071/3/3071
f 3062/3/3062 3072/3/3072 3075/3/3075 3074/3/3074
f 3072/3/3072 3073/3/3073 3076/3/3076 3075/3/3075
f 3073/3/3073 3085/3/3085 3086/3/3086 3076/3/3076
f 3074/3/3074 3075/3/3075 3078/3/3078 3077/3/3077
f 3075/3/3075 3076/3/3076 3079/3/3079 3078/3/3078
f 3076/3/3076 3086/3/3086 3087/3/3087 3079/3/3079
f 3063/3/3063 3080/3/3080 3083/3/3083 3082/3/3082
f 3080/3/3080 3081/3/3081 3084/3/3084 3083/3/3083
f 3081/3/3081 3069/3/3069 3070/3/3070 3084/3/3084
f 3082/3/3082 3083/3/3083 3086/3/3086 3085/3/3085
f 3083/3/3083 3084/3/3084 3087/3/3087 3086/3/3086
f 3084/3/3084 3070/3/3070 3071/3/3071 3087/3/3087
f 3071/3/3071 3079/3/3079 3087/3/3087
f 3088/3/3088 3091/3/3091 3094/3/3094 3093/3/3093
f 3091/3/3091 3092/3/3092 3095/3/3095 3094/3/3094
f 3092/3/3092 3104/3/3104 3105/3/3105 3095/3/3095
f 3093/3/3093 3094/3/3094 3097/3/3097 3096/3/3096
f 3094/3/3094 3095/3/3095 3098/3/3098 3097/3/3097
f 3095/3/3095 3105/3/3105 3106/3/3106 3098/3/3098
f 3089/3/3089 3099/3/3099 3102/3/3102 3101/3/3101
f 3099/3/3099 3100/3/3100 3103/3/3103 3102/3/3102
f 3100/3/3100 3112/3/3112 3113/3/3113 3103/3/3103
f 3101/3/3101 3102/3/3102 3105/3/3105 3104/3/3104
f 3102/3/3102 3103/3/3103 3106/3/3106 3105/3/3105
f 3103/3/3103 3113/3/3113 3114/3/3114 3106/3/3106
f 3090/3/3090 3107/3/3107 3110/3/3110 3109/3/3109
f 3107/3/3107 3108/3/3108 3111/3/3111 3110/3/3110
f 3108/3/3108 3096/3/3096 3097/3/3097 3111/3/3111
f 3109/3/3109 3110/3/3110 3113/3/3113 3112/3/3112
f 3110/3/3110 3111/3/3111 3114/3/3114 3113/3/3113
f 3111/3/3111 3097/3/3097 3098/3/3098 3114/3/3114
f 3098/3/3098 3106/3/3106 3114/3/3114
f 3115/3/3115 3118/3/3118 3121/3/3121 3120/3/3120
f 3118/3/3118 3119/3/3119 3122/3/3122 3121/3/3121
f 3119/3/3119 3131/3/3131 3132/3/3132 3122/3/3122
f 3120/3/3120 3121/3/3121 3124/3/3124 3123/3/3123
f 3121/3/3121 3122/3/3122 3125/3/3125 3124/3/3124
f 3122/3/3122 3132/3/3132 3133/3/3133 3125/3/3125
f 3116/3/3116 3126/3/3126 3129/3/3129 3128/3/3128
f 3126/3/3126 3127/3/3127 3130/3/3130 3129/3/3129
f 3127/3/3127 3139/3/3139 3140/3/3140 3130/3/3130
f 3128/3/3128 3129/3/3129 3132/3/3132 3131/3/3131
f 3129/3/3129 3130/3/3130 3133/3/3133 3132/3/3132
f 3130/3/3130 3140/3/3140 3141/3/3141 3133/3/3133
f 3117/3/3117 3134/3/3134 3137/3/3137 3136/3/3136
f 3134/3/3134 3135/3/3135 3138/3/3138 3137/3/3137
f 3135/3/3135 3123/3/3123 3124/3/3124 3138/3/3138
f 3136/3/3136 3137/3/3137 3140/3/3140 3139/3/3139
f 3137/3/3137 3138/3/3138 3141/3/3141 3140/3/3140
f 3138/3/3138 3124/3/3124 3125/3/3125 3141/3/3141
f 3125/3/3125 3133/3/3133 3141/3/3141
f 3142/3/3142 3145/3/3145 3148/3/3148 3147/3/3147
f 3145/3/3145 3146/3/3146 3149/3/3149 3148/3/3148
f 3146/3/3146 3158/3/3158 3159/3/3159 3149/3/3149
f 3147/3/3147 3148/3/3148 3151/3/3151 3150/3/3150
f 3148/3/3148 3149/3/3149 3152/3/3152 3151/3/3151
f 3149/3/3149 3159/3/3159 3160/3/3160 3152/3/3152
f 3143/3/3143 3153/3/3153 3156/3/3156 3155/3/3155
f 3153/3/3153 3154/3/3154 3157/3/3157 3156/3/3156
f 3154/3/3154 3166/3/3166 3167/3/3167 3157/3/3157
f 3155/3/3155 3156/3/3156 3159/3/3159 3158/3/3158
f 3156/3/3156 3157/3/3157 3160/3/3160 3159/3/3159
f 3157/3/3157 3167/3/3167 3168/3/3168 3160/3/3160
f 3144/3/3144 3161/3/3161 3164/3/3164 3163/3/3163
f 3161/3/3161 3162/3/3162 3165/3/3165 3164/3/3164
f 3162/3/3162 3150/3/3150 3151/3/3151 3165/3/3165
f 3163/3/3163 3164/3/3164 3167/3/3167 3166/3/3166
f 3164/3/3164 3165/3/3165 3168/3/3168 3167/3/3167
f 3165/3/3165 3151/3/3151 3152/3/3152 3168/3/3168
f 3152/3/3152 3160/3/3160 3168/3/3168
f 3169/3/3169 3172/3/3172 3175/3/3175 3174/3/3174
f 3172/3/3172 3173/3/3173 3176/3/3176 3175/3/3175
f 3173/3/3173 3185/3/3185 3186/3/3186 3176/3/3176
f 3174/3/3174 3175/3/3175 3178/3/3178 3177/3/3177
f 3175/3/3175 3176/3/3176 3179/3/3179 3178/3/3178
f 3176/3/3176 3186/3/3186 3187/3/3187 3179/3/3179
f 3170/3/3170 3180/3/3180 3183/3/3183 3182/3/3182
f 3180/3/3180 3181/3/3181 3184/3/3184 3183/3/3183
f 3181/3/3181 3193/3/3193 3194/3/3194 3184/3/3184
f 3182/3/3182 3183/3/3183 3186/3/3186 3185/3/3185
f 3183/3/3183 3184/3/3184 3187/3/3187 3186/3/3186
f 3184/3/3184 3194/3/3194 3195/3/3195 3187/3/3187
f 3171/3/3171 3188/3/3188 3191/3/3191 3190/3/3190
f 3188/3/3188 3189/3/3189 3192/3/3192 3191/3/3191
f 3189/3/3189 3177/3/3177 3178/3/3178 3192/3/3192
f 3190/3/3190 3191/3/3191 3194/3/3194 3193/3/3193
f 3191/3/3191 3192/3/3192 3195/3/3195 3194/3/3194
f 3192/3/3192 3178/3/3178 3179/3/3179 3195/3/3195
f 3179/3/3179 3187/3/3187 3195/3/3195
f 3196/3/3196 3199/3/3199 3202/3/3202 3201/3/3201
f 3199/3/3199 3200/3/3200 3203/3/3203 3202/3/3202
f 3200/3/3200 3212/3/3212 3213/3/3213 3203/3/3203
f 3201/3/3201 3202/3/3202 3205/3/3205 3204/3/3204
f 3202/3/3202 3203/3/3203 3206/3/3206 3205/3/3205
f 3203/3/3203 3213/3/3213 3214/3/3214 3206/3/3206
f 3197/3/3197 3207/3/3207 3210/3/3210 3209/3/3209
f 3207/3/3207 3208/3/3208 3211/3/3211 3210/3/3210
f 3208/3/3208 3220/3/3220 3221/3/3221 3211/3/3211
f 3209/3/3209 3210/3/3210 3213/3/3213 3212/3/3212
f 3210/3/3210 3211/3/3211 3214/3/3214 3213/3/3213
f 3211/3/3211 3221/3/3221 3222/3/3222 3214/3/3214
f 3198/3/3198 3215/3/3215 3218/3/3218 3217/3/3217
f 3215/3/3215 3216/3/3216 3219/3/3219 3218/3/3218
f 3216/3/3216 3204/3/3204 3205/3/3205 3219/3/3219
f 3217/3/3217 3218/3/3218 3221/3/3221 3220/3/3220
f 3218/3/3218 3219/3/3219 3222/3/3222 3221/3/3221
f 3219/3/3219 3205/3/3205 3206/3/3206 3222/3/3222
f 3206/3/3206 3214/3/3214 3222/3/3222
f 3223/3/3223 3226/3/3226 3229/3/3229 3228/3/3228
f 3226/3/3226 3227/3/3227 3230/3/3230 3229/3/3229
f 3227/3/3227 3239/3/3239 3240/3/3240 3230/3/3230
f 3228/3/3228 3229/3/3229 3232/3/3232 3231/3/3231
f 3229/3/3229 3230/3/3230 3233/3/3233 3232/3/3232
f 3230/3/3230 3240/3/3240 3241/3/3241 3233/3/3233
f 3224/3/3224 3234/3/3234 3237/3/3237 3236/3/3236
f 3234/3/3234 3235/3/3235 3238/3/3238 3237/3/3237
f 3235/3/3235 3247/3/3247 3248/3/3248 3238/3/3238
f 3236/3/3236 3237/3/3237 3240/3/3240 3239/3/3239
f 3237/3/3237 3238/3/3238 3241/3/3241 3240/3/3240
f 3238/3/3238 3248/3/3248 3249/3/3249 3241/3/3241
f 3225/3/3225 3242/3/3242 3245/3/3245 3244/3/3244
f 3242/3/3242 3243/3/3243 3246/3/3246 3245/3/3245
f 3243/3/3243 3231/3/3231 3232/3/3232 3246/3/3246
f 3244/3/3244 3245/3/3245 3248/3/3248 3247/3/3247
f 3245/3/3245 3246/3/3246 3249/3/3249 3248/3/3248
f 3246/3/3246 3232/3/3232 3233/3/3233 3249/3/3249
f 3233/3/3233 3241/3/3241 3249/3/3249
f 3250/3/3250 3254/3/3254 3257/3/3257 3256/3/3256
f 3254/3/3254 3255/3/3255 3258/3/3258 3257/3/3257
f 3255/3/3255 3267/3/3267 3268/3/3268 3258/3/3258
f 3256/3/3256 3257/3/3257 3260/3/3260 3259/3/3259
f 3257/3/3257 3258/3/3258 3261/3/3261 3260/3/3260
f 3258/3/3258 3268/3/3268 3269/3/3269 3261/3/3261
f 3251/3/3251 3262/3/3262 3265/3/3265 3264/3/3264
f 3262/3/3262 3263/3/3263 3266/3/3266 3265/3/3265
f 3263/3/3263 3275/3/3275 3276/3/3276 3266/3/3266
f 3264/3/3264 3265/3/3265 3268/3/3268 3267/3/3267
f 3265/3/3265 3266/3/3266 3269/3/3269 3268/3/3268
f 3266/3/3266 3276/3/3276 3277/3/3277 3269/3/3269
f 3252/3/3252 3270/3/3270 3273/3/3273 3272/3/3272
f 3270/3/3270 3271/3/3271 3274/3/3274 3273/3/3273
f 3271/3/3271 3283/3/3283 3284/3/3284 3274/3/3274
f 3272/3/3272 3273/3/3273 3276/3/3276 3275/3/3275
f 3273/3/3273 3274/3/3274 3277/3/3277 3276/3/3276
f 3274/3/3274 3284/3/3284 3285/3/3285 3277/3/3277
f 3253/3/3253 3278/3/3278 3281/3/3281 3280/3/3280
f 3278/3/3278 3279/3/3279 3282/3/3282 3281/3/3281
f 3279/3/3279 3259/3/3259 3260/3/3260 3282/3/3282
f 3280/3/3280 3281/3/3281 3284/3/3284 3283/3/3283
f 3281/3/3281 3282/3/3282 3285/3/3285 3284/3/3284
f 3282/3/3282 3260/3/3260 3261/3/3261 3285/3/3285
f 3261/3/3261 3269/3/3269 3277/3/3277 3285/3/3285
f 3286/3/3286 3290/3/3290 3293/3/3293 3292/3/3292
f 3290/3/3290 3291/3/3291 3294/3/3294 3293/3/3293
f 3291/3/3291 3303/3/3303 3304/3/3304 3294/3/3294
f 3292/3/3292 3293/3/3293 3296/3/3296 3295/3/3295
f 3293/3/3293 3294/3/3294 3297/3/3297 3296/3/3296
f 3294/3/3294 3304/3/3304 3305/3/3305 3297/3/3297
f 3287/3/3287 3298/3/3298 3301/3/3301 3300/3/3300
f 3298/3/3298 3299/3/3299 3302/3/3302 3301/3/3301
f 3299/3/3299 3311/3/3311 3312/3/3312 3302/3/3302
f 3300/3/3300 3301/3/3301 3304/3/3304 3303/3/3303
f 3301/3/3301 3302/3/3302 3305/3/3305 3304/3/3304
f 3302/3/3302 3312/3/3312 3313/3/3313 3305/3/3305
f 3288/3/3288 3306/3/3306 3309/3/3309 3308/3/3308
f 3306/3/3306 3307/3/3307 3310/3/3310 3309/3/3309
f 3307/3/3307 3319/3/3319 3320/3/3320 3310/3/3310
f 3308/3/3308 3309/3/3309 3312/3/3312 3311/3/3311
f 3309/3/3309 3310/3/3310 3313/3/3313 3312/3/3312
f 3310/3/3310 3320/3/3320 3321/3/3321 3313/3/3313
f 3289/3/3289 3314/3/3314 3317/3/3317 3316/3/3316
f 3314/3/3314 3315/3/3315 3318/3/3318 3317/3/3317
f 3315/3/3315 3295/3/3295 3296/3/3296 3318/3/3318
f 3316/3/3316 3317/3/3317 3320/3/3320 3319/3/3319
f 3317/3/3317 3318/3/3318 3321/3/3321 3320/3/3320
f 3318/3/3318 3296/3/3296 3297/3/3297 3321/3/3321
f 3297/3/3297 3305/3/3305 3313/3/3313 3321/3/3321
f 3322/3/3322 3325/3/3325 3328/3/3328 3327/3/3327
f 3325/3/3325 3326/3/3326 3329/3/3329 3328/3/3328
f 3326/3/3326 3338/3/3338 3339/3/3339 3329/3/3329
f 3327/3/3327 3328/3/3328 3331/3/3331 3330/3/3330
f 3328/3/3328 3329/3/3329 3332/3/3332 3331/3/3331
f 3329/3/3329 3339/3/3339 3340/3/3340 3332/3/3332
f 3323/3/3323 3333/3/3333 3336/3/3336 3335/3/3335
f 3333/3/3333 3334/3/3334 3337/3/3337 3336/3/3336
f 3334/3/3334 3346/3/3346 3347/3/3347 3337/3/3337
f 3335/3/3335 3336/3/3336 3339/3/3339 3338/3/3338
f 3336/3/3336 3337/3/3337 3340/3/3340 3339/3/3339
f 3337/3/3337 3347/3/3347 3348/3/3348 3340/3/3340
f 3324/3/3324 3341/3/3341 3344/3/3344 3343/3/3343
f 3341/3/3341 3342/3/3342 3345/3/3345 3344/3/3344
f 3342/3/3342 3330/3/3330 3331/3/3331 3345/3/3345
f 3343/3/3343 3344/3/3344 3347/3/3347 3346/3/3346
f 3344/3/3344 3345/3/3345 3348/3/3348 3347/3/3347
f 3345/3/3345 3331/3/3331 3332/3/3332 3348/3/3348
f 3332/3/3332 3340/3/3340 3348/3/3348
f 3349/3/3349 3352/3/3352 3355/3/3355 3354/3/3354
f 3352/3/3352 3353/3/3353 3356/3/3356 3355/3/3355
f 3353/3/3353 3365/3/3365 3366/3/3366 3356/3/3356
f 3354/3/3354 3355/3/3355 3358/3/3358 3357/3/3357
f 3355/3/3355 3356/3/3356 3359/3/3359 3358/3/3358
f 3356/3/3356 3366/3/3366 3367/3/3367 3359/3/3359
f 3350/3/3350 3360/3/3360 3363/3/3363 3362/3/3362
f 3360/3/3360 3361/3/3361 3364/3/3364 3363/3/3363
f 3361/3/3361 3373/3/3373 3374/3/3374 3364/3/3364
f 3362/3/3362 3363/3/3363 3366/3/3366 3365/3/3365
f 3363/3/3363 3364/3/3364 3367/3/3367 3366/3/3366
f 3364/3/3364 3374/3/3374 3375/3/3375 3367/3/3367
f 3351/3/3351 3368/3/3368 3371/3/3371 3370/3/3370
f 3368/3/3368 3369/3/3369 3372/3/3372 3371/3/3371
f 3369/3/3369 3357/3/3357 3358/3/3358 3372/3/3372
f 3370/3/3370 3371/3/3371 3374/3/3374 3373/3/3373
f 3371/3/3371 3372/3/3372 3375/3/3375 3374/3/3374
f 3372/3/3372 3358/3/3358 3359/3/3359 3375/3/3375
f 3359/3/3359 3367/3/3367 3375/3/3375
f 3382/3/3382 3385/3/3385 3388/3/3388 3387/3/3387
f 3385/3/3385 3386/3/3386 3389/3/3389 3388/3/3388
f 3386/3/3386 3398/3/3398 3399/3/3399 3389/3/3389
f 3387/3/3387 3388/3/3388 3391/3/3391 3390/3/3390
f 3388/3/3388 3389/3/3389 3392/3/3392 3391/3/3391
f 3389/3/3389 3399/3/3399 3400/3/3400 3392/3/3392
f 3383/3/3383 3393/3/3393 3396/3/3396 3395/3/3395
f 3393/3/3393 3394/3/3394 3397/3/3397 3396/3/3396
f 3394/3/3394 3406/3/3406 3407/3/3407 3397/3/3397
f 3395/3/3395 3396/3/3396 3399/3/3399 3398/3/3398
f 3396/3/3396 3397/3/3397 3400/3/3400 3399/3/3399
f 3397/3/3397 3407/3/3407 3408/3/3408 3400/3/3400
f 3384/3/3384 3401/3/3401 3404/3/3404 3403/3/3403
f 3401/3/3401 3402/3/3402 3405/3/3405 3404/3/3404
f 3402/3/3402 3390/3/3390 3391/3/3391 3405/3/3405
f 3403/3/3403 3404/3/3404 3407/3/3407 3406/3/3406
f 3404/3/3404 3405/3/3405 3408/3/3408 3407/3/3407
f 3405/3/3405 3391/3/3391 3392/3/3392 3408/3/3408
f 3392/3/3392 3400/3/3400 3408/3/3408
f 3409/3/3409 3412/3/3412 3415/3/3415 3414/3/3414
f 3412/3/3412 3413/3/3413 3416/3/3416 3415/3/3415
f 3413/3/3413 3425/3/3425 3426/3/3426 3416/3/3416
f 3414/3/3414 3415/3/3415 3418/3/3418 3417/3/3417
f 3415/3/3415 3416/3/3416 3419/3/3419 3418/3/3418
f 3416/3/3416 3426/3/3426 3427/3/3427 3419/3/3419
f 3410/3/3410 3420/3/3420 3423/3/3423 3422/3/3422
f 3420/3/3420 3421/3/3421 3424/3/3424 3423/3/3423
f 3421/3/3421 3433/3/3433 3434/3/3434 3424/3/3424
f 3422/3/3422 3423/3/3423 3426/3/3426 3425/3/3425
f 3423/3/3423 3424/3/3424 3427/3/3427 3426/3/3426
f 3424/3/3424 3434/3/3434 3435/3/3435 3427/3/3427
f 3411/3/3411 3428/3/3428 3431/3/3431 3430/3/3430
f 3428/3/3428 3429/3/3429 3432/3/3432 3431/3/3431
f 3429/3/3429 3417/3/3417 3418/3/3418 3432/3/3432
f 3430/3/3430 3431/3/3431 3434/3/3434 3433/3/3433
f 3431/3/3431 3432/3/3432 3435/3/3435 3434/3/3434
f 3432/3/3432 3418/3/3418 3419/3/3419 3435/3/3435
f 3419/3/3419 3427/3/3427 3435/3/3435
f 3436/3/3436 3439/3/3439 3442/3/3442 3441/3/3441
f 3439/3/3439 3440/3/3440 3443/3/3443 3442/3/3442
f 3440/3/3440 3452/3/3452 3453/3/3453 3443/3/3443
f 3441/3/3441 3442/3/3442 3445/3/3445 3444/3/3444
f 3442/3/3442 3443/3/3443 3446/3/3446 3445/3/3445
f 3443/3/3443 3453/3/3453 3454/3/3454 3446/3/3446
f 3437/3/3437 3447/3/3447 3450/3/3450 3449/3/3449
f 3447/3/3447 3448/3/3448 3451/3/3451 3450/3/3450
f 3448/3/3448 3460/3/3460 3461/3/3461 3451/3/3451
f 3449/3/3449 3450/3/3450 3453/3/3453 3452/3/3452
f 3450/3/3450 3451/3/3451 3454/3/3454 3453/3/3453
f 3451/3/3451 3461/3/3461 3462/3/3462 3454/3/3454
f 3438/3/3438 3455/3/3455 3458/3/3458 3457/3/3457
f 3455/3/3455 3456/3/3456 3459/3/3459 3458/3/3458
f 3456/3/3456 3444/3/3444 3445/3/3445 3459/3/3459
f 3457/3/3457 3458/3/3458 3461/3/3461 3460/3/3460
f 3458/3/3458 3459/3/3459 3462/3/3462 3461/3/3461
f 3459/3/3459 3445/3/3445 3446/3/3446 3462/3/3462
f 3446/3/3446 3454/3/3454 3462/3/3462
f 3463/3/3463 3466/3/3466 3469/3/3469 3468/3/3468
f 3466/3/3466 3467/3/3467 3470/3/3470 3469/3/3469
f 3467/3/3467 3479/3/3479 3480/3/3480 3470/3/3470
f 3468/3/3468 3469/3/3469 3472/3/3472 3471/3/3471
f 3469/3/3469 3470/3/3470 3473/3/3473 3472/3/3472
f 3470/3/3470 3480/3/3480 3481/3/3481 3473/3/3473
f 3464/3/3464 3474/3/3474 3477/3/3477 3476/3/3476
f 3474/3/3474 3475/3/3475 3478/3/3478 3477/3/3477
f 3475/3/3475 3487/3/3487 3488/3/3488 3478/3/3478
f 3476/3/3476 3477/3/3477 3480/3/3480 3479/3/3479
f 3477/3/3477 3478/3/3478 3481/3/3481 3480/3/3480
f 3478/3/3478 3488/3/3488 3489/3/3489 3481/3/3481
f 3465/3/3465 3482/3/3482 3485/3/3485 3484/3/3484
f 3482/3/3482 3483/3/3483 3486/3/3486 3485/3/3485
f 3483/3/3483 3471/3/3471 3472/3/3472 3486/3/3486
f 3484/3/3484 3485/3/3485 3488/3/3488 3487/3/3487
f 3485/3/3485 3486/3/3486 3489/3/3489 3488/3/3488
f 3486/3/3486 3472/3/3472 3473/3/3473 3489/3/3489
f 3473/3/3473 3481/3/3481 3489/3/3489
f 3496/3/3496 3499/3/3499 3502/3/3502 3501/3/3501
f 3499/3/3499 3500/3/3500 3503/3/3503 3502/3/3502
f 3500/3/3500 3512/3/3512 3513/3/3513 3503/3/3503
f 3501/3/3501 3502/3/3502 3505/3/3505 3504/3/3504
f 3502/3/3502 3503/3/3503 3506/3/3506 3505/3/3505
f 3503/3/3503 3513/3/3513 3514/3/3514 3506/3/3506
f 3497/3/3497 3507/3/3507 3510/3/3510 3509/3/3509
f 3507/3/3507 3508/3/3508 3511/3/3511 3510/3/3510
f 3508/3/3508 3520/3/3520 3521/3/3521 3511/3/3511
f 3509/3/3509 3510/3/3510 3513/3/3513 3512/3/3512
f 3510/3/3510 3511/3/3511 3514/3/3514 3513/3/3513
f 3511/3/3511 3521/3/3521 3522/3/3522 3514/3/3514
f 3498/3/3498 3515/3/3515 3518/3/3518 3517/3/3517
f 3515/3/3515 3516/3/3516 3519/3/3519 3518/3/3518
f 3516/3/3516 3504/3/3504 3505/3/3505 3519/3/3519
f 3517/3/3517 3518/3/3518 3521/3/3521 3520/3/3520
f 3518/3/3518 3519/3/3519 3522/3/3522 3521/3/3521
f 3519/3/3519 3505/3/3505 3506/3/3506 3522/3/3522
f 3506/3/3506 3514/3/3514 3522/3/3522
f 3523/3/3523 3526/3/3526 3529/3/3529 3528/3/3528
f 3526/3/3526 3527/3/3527 3530/3/3530 3529/3/3529
f 3527/3/3527 3539/3/3539 3540/3/3540 3530/3/3530
f 3528/3/3528 3529/3/3529 3532/3/3532 3531/3/3531
f 3529/3/3529 3530/3/3530 3533/3/3533 3532/3/3532
f 3530/3/3530 3540/3/3540 3541/3/3541 3533/3/3533
f 3524/3/3524 3534/3/3534 3537/3/3537 3536/3/3536
f 3534/3/3534 3535/3/3535 3538/3/3538 3537/3/3537
f 3535/3/3535 3547/3/3547 3548/3/3548 3538/3/3538
f 3536/3/3536 3537/3/3537 3540/3/3540 3539/3/3539
f 3537/3/3537 3538/3/3538 3541/3/3541 3540/3/3540
f 3538/3/3538 3548/3/3548 3549/3/3549 3541/3/3541
f 3525/3/3525 3542/3/3542 3545/3/3545 3544/3/3544
f 3542/3/3542 3543/3/3543 3546/3/3546 3545/3/3545
f 3543/3/3543 3531/3/3531 3532/3/3532 3546/3/3546
f 3544/3/3544 3545/3/3545 3548/3/3548 3547/3/3547
f 3545/3/3545 3546/3/3546 3549/3/3549 3548/3/3548
f 3546/3/3546 3532/3/3532 3533/3/3533 3549/3/3549
f 3533/3/3533 3541/3/3541 3549/3/3549
f 3550/3/3550 3553/3/3553 3556/3/3556 3555/3/3555
f 3553/3/3553 3554/3/3554 3557/3/3557 3556/3/3556
f 3554/3/3554 3566/3/3566 3567/3/3567 3557/3/3557
f 3555/3/3555 3556/3/3556 3559/3/3559 3558/3/3558
f 3556/3/3556 3557/3/3557 3560/3/3560 3559/3/3559
f 3557/3/3557 3567/3/3567 3568/3/3568 3560/3/3560
f 3551/3/3551 3561/3/3561 3564/3/3564 3563/3/3563
f 3561/3/3561 3562/3/3562 3565/3/3565 3564/3/3564
f 3562/3/3562 3574/3/3574 3575/3/3575 3565/3/3565
f 3563/3/3563 3564/3/3564 3567/3/3567 3566/3/3566
f 3564/3/3564 3565/3/3565 3568/3/3568 3567/3/3567
f 3565/3/3565 3575/3/3575 3576/3/3576 3568/3/3568
f 3552/3/3552 3569/3/3569 3572/3/3572 3571/3/3571
f 3569/3/3569 3570/3/3570 3573/3/3573 3572/3/3572
f 3570/3/3570 3558/3/3558 3559/3/3559 3573/3/3573
f 3571/3/3571 3572/3/3572 3575/3/3575 3574/3/3574
f 3572/3/3572 3573/3/3573 3576/3/3576 3575/3/3575
f 3573/3/3573 3559/3/3559 3560/3/3560 3576/3/3576
f 3560/3/3560 3568/3/3568 3576/3/3576
f 3577/3/3577 3580/3/3580 3583/3/3583 3582/3/3582
f 3580/3/3580 3581/3/3581 3584/3/3584 3583/3/3583
f 3581/3/3581 3593/3/3593 3594/3/3594 3584/3/3584
f 3582/3/3582 3583/3/3583 3586/3/3586 3585/3/3585
f 3583/3/3583 3584/3/3584 3587/3/3587 3586/3/3586
f 3584/3/3584 3594/3/3594 3595/3/3595 3587/3/3587
f 3578/3/3578 3588/3/3588 3591/3/3591 3590/3/3590
f 3588/3/3588 3589/3/3589 3592/3/3592 3591/3/3591
f 3589/3/3589 3601/3/3601 3602/3/3602 3592/3/3592
f 3590/3/3590 3591/3/3591 3594/3/3594 3593/3/3593
f 3591/3/3591 3592/3/3592 3595/3/3595 3594/3/3594
f 3592/3/3592 3602/3/3602 3603/3/3603 3595/3/3595
f 3579/3/3579 3596/3/3596 3599/3/3599 3598/3/3598
f 3596/3/3596 3597/3/3597 3600/3/3600 3599/3/3599
f 3597/3/3597 3585/3/3585 3586/3/3586 3600/3/3600
f 3598/3/3598 3599/3/3599 3602/3/3602 3601/3/3601
f 3599/3/3599 3600/3/3600 3603/3/3603 3602/3/3602
f 3600/3/3600 3586/3/3586 3587/3/3587 3603/3/3603
f 3587/3/3587 3595/3/3595 3603/3/3603
f 3604/3/3604 3607/3/3607 3610/3/3610 3609/3/3609
f 3607/3/3607 3608/3/3608 3611/3/3611 3610/3/3610
f 3608/3/3608 3620/3/3620 3621/3/3621 3611/3/3611
f 3609/3/3609 3610/3/3610 3613/3/3613 3612/3/3612
f 3610/3/3610 3611/3/3611 3614/3/3614 3613/3/3613
f 3611/3/3611 3621/3/3621 3622/3/3622 3614/3/3614
f 3605/3/3605 3615/3/3615 3618/3/3618 3617/3/3617
f 3615/3/3615 3616/3/3616 3619/3/3619 3618/3/3618
f 3616/3/3616 3628/3/3628 3629/3/3629 3619/3/3619
f 3617/3/3617 3618/3/3618 3621/3/3621 3620/3/3620
f 3618/3/3618 3619/3/3619 3622/3/3622 3621/3/3621
f 3619/3/3619 3629/3/3629 3630/3/3630 3622/3/3622
f 3606/3/3606 3623/3/3623 3626/3/3626 3625/3/3625
f 3623/3/3623 3624/3/3624 3627/3/3627 3626/3/3626
f 3624/3/3624 3612/3/3612 3613/3/3613 3627/3/3627
f 3625/3/3625 3626/3/3626 3629/3/3629 3628/3/3628
f 3626/3/3626 3627/3/3627 3630/3/3630 3629/3/3629
f 3627/3/3627 3613/3/3613 3614/3/3614 3630/3/3630
f 3614/3/3614 3622/3/3622 3630/3/3630
f 3631/3/3631 3634/3/3634 3637/3/3637 3636/3/3636
f 3634/3/3634 3635/3/3635 3638/3/3638 3637/3/3637
f 3635/3/3635 3647/3/3647 3648/3/3648 3638/3/3638
f 3636/3/3636 3637/3/3637 3640/3/3640 3639/3/3639
f 3637/3/3637 3638/3/3638 3641/3/3641 3640/3/3640
f 3638/3/3638 3648/3/3648 3649/3/3649 3641/3/3641
f 3632/3/3632 3642/3/3642 3645/3/3645 3644/3/3644
f 3642/3/3642 3643/3/3643 3646/3/3646 3645/3/3645
f 3643/3/3643 3655/3/3655 3656/3/3656 3646/3/3646
f 3644/3/3644 3645/3/3645 3648/3/3648 3647/3/3647
f 3645/3/3645 3646/3/3646 3649/3/3649 3648/3/3648
f 3646/3/3646 3656/3/3656 3657/3/3657 3649/3/3649
f 3633/3/3633 3650/3/3650 3653/3/3653 3652/3/3652
f 3650/3/3650 3651/3/3651 3654/3/3654 3653/3/3653
f 3651/3/3651 3639/3/3639 3640/3/3640 3654/3/3654
f 3652/3/3652 3653/3/3653 3656/3/3656 3655/3/3655
f 3653/3/3653 3654/3/3654 3657/3/3657 3656/3/3656
f 3654/3/3654 3640/3/3640 3641/3/3641 3657/3/3657
f 3641/3/3641 3649/3/3649 3657/3/3657
f 3658/3/3658 3661/3/3661 3664/3/3664 3663/3/3663
f 3661/3/3661 3662/3/3662 3665/3/3665 3664/3/3664
f 3662/3/3662 3674/3/3674 3675/3/3675 3665/3/3665
f 3663/3/3663 3664/3/3664 3667/3/3667 3666/3/3666
f 3664/3/3664 3665/3/3665 3668/3/3668 3667/3/3667
f 3665/3/3665 3675/3/3675 3676/3/3676 3668/3/3668
f 3659/3/3659 3669/3/3669 3672/3/3672 3671/3/3671
f 3669/3/3669 3670/3/3670 3673/3/3673 3672/3/3672
f 3670/3/3670 3682/3/3682 3683/3/3683 3673/3/3673
f 3671/3/3671 3672/3/3672 3675/3/3675 3674/3/3674
f 3672/3/3672 3673/3/3673 3676/3/3676 3675/3/3675
f 3673/3/3673 3683/3/3683 3684/3/3684 3676/3/3676
f 3660/3/3660 3677/3/3677 3680/3/3680 3679/3/3679
f 3677/3/3677 3678/3/3678 3681/3/3681 3680/3/3680
f 3678/3/3678 3666/3/3666 3667/3/3667 3681/3/3681
f 3679/3/3679 3680/3/3680 3683/3/3683 3682/3/3682
f 3680/3/3680 3681/3/3681 3684/3/3684 3683/3/3683
f 3681/3/3681 3667/3/3667 3668/3/3668 3684/3/3684
f 3668/3/3668 3676/3/3676 3684/3/3684
f 3685/3/3685 3688/3/3688 3691/3/3691 3690/3/3690
f 3688/3/3688 3689/3/3689 3692/3/3692 3691/3/3691
f 3689/3/3689 3701/3/3701 3702/3/3702 3692/3/3692
f 3690/3/3690 3691/3/3691 3694/3/3694 3693/3/3693
f 3691/3/3691 3692/3/3692 3695/3/3695 3694/3/3694
f 3692/3/3692 3702/3/3702 3703/3/3703 3695/3/3695
f 3686/3/3686 3696/3/3696 3699/3/3699 3698/3/3698
f 3696/3/3696 3697/3/3697 3700/3/3700 3699/3/3699
f 3697/3/3697 3709/3/3709 3710/3/3710 3700/3/3700
f 3698/3/3698 3699/3/3699 3702/3/3702 3701/3/3701
f 3699/3/3699 3700/3/3700 3703/3/3703 3702/3/3702
f 3700/3/3700 3710/3/3710 3711/3/3711 3703/3/3703
f 3687/3/3687 3704/3/3704 3707/3/3707 3706/3/3706
f 3704/3/3704 3705/3/3705 3708/3/3708 3707/3/3707
f 3705/3/3705 3693/3/3693 3694/3/3694 3708/3/3708
f 3706/3/3706 3707/3/3707 3710/3/3710 3709/3/3709
f 3707/3/3707 3708/3/3708 3711/3/3711 3710/3/3710
f 3708/3/3708 3694/3/3694 3695/3/3695 3711/3/3711
f 3695/3/3695 3703/3/3703 3711/3/3711
f 3712/3/3712 3715/3/3715 3718/3/3718 3717/3/3717
f 3715/3/3715 3716/3/3716 3719/3/3719 3718/3/3718
f 3716/3/3716 3728/3/3728 3729/3/3729 3719/3/3719
f 3717/3/3717 3718/3/3718 3721/3/3721 3720/3/3720
f 3718/3/3718 3719/3/3719 3722/3/3722 3721/3/3721
f 3719/3/3719 3729/3/3729 3730/3/3730 3722/3/3722
f 3713/3/3713 3723/3/3723 3726/3/3726 3725/3/3725
f 3723/3/3723 3724/3/3724 3727/3/3727 3726/3/3726
f 3724/3/3724 3736/3/3736 3737/3/3737 3727/3/3727
f 3725/3/3725 3726/3/3726 3729/3/3729 3728/3/3728
f 3726/3/3726 3727/3/3727 3730/3/3730 3729/3/3729
f 3727/3/3727 3737/3/3737 3738/3/3738 3730/3/3730
f 3714/3/3714 3731/3/3731 3734/3/3734 3733/3/3733
f 3731/3/3731 3732/3/3732 3735/3/3735 3734/3/3734
f 3732/3/3732 3720/3/3720 3721/3/3721 3735/3/3735
f 3733/3/3733 3734/3/3734 3737/3/3737 3736/3/3736
f 3734/3/3734 3735/3/3735 3738/3/3738 3737/3/3737
f 3735/3/3735 3721/3/3721 3722/3/3722 3738/3/3738
f 3722/3/3722 3730/3/3730 3738/3/3738
f 3739/3/3739 3742/3/3742 3745/3/3745 3744/3/3744
f 3742/3/3742 3743/3/3743 3746/3/3746 3745/3/3745
f 3743/3/3743 3755/3/3755 3756/3/3756 3746/3/3746
f 3744/3/3744 3745/3/3745 3748/3/3748 3747/3/3747
f 3745/3/3745 3746/3/3746 3749/3/3749 3748/3/3748
f 3746/3/3746 3756/3/3756 3757/3/3757 3749/3/3749
f 3740/3/3740 3750/3/3750 3753/3/3753 3752/3/3752
f 3750/3/3750 3751/3/3751 3754/3/3754 3753/3/3753
f 3751/3/3751 3763/3/3763 3764/3/3764 3754/3/3754
f 3752/3/3752 3753/3/3753 3756/3/3756 3755/3/3755
f 3753/3/3753 3754/3/3754 3757/3/3757 3756/3/3756
f 3754/3/3754 3764/3/3764 3765/3/3765 3757/3/3757
f 3741/3/3741 3758/3/3758 3761/3/3761 3760/3/3760
f 3758/3/3758 3759/3/3759 3762/3/3762 3761/3/3761
f 3759/3/3759 3747/3/3747 3748/3/3748 3762/3/3762
f 3760/3/3760 3761/3/3761 3764/3/3764 3763/3/3763
f 3761/3/3761 3762/3/3762 3765/3/3765 3764/3/3764
f 3762/3/3762 3748/3/3748 3749/3/3749 3765/3/3765
f 3749/3/3749 3757/3/3757 3765/3/3765
f 3766/3/3766 3769/3/3769 3772/3/3772 3771/3/3771
f 3769/3/3769 3770/3/3770 3773/3/3773 3772/3/3772
f 3770/3/3770 3782/3/3782 3783/3/3783 3773/3/3773
f 3771/3/3771 3772/3/3772 3775/3/3775 3774/3/3774
f 3772/3/3772 3773/3/3773 3776/3/3776 3775/3/3775
f 3773/3/3773 3783/3/3783 3784/3/3784 3776/3/3776
f 3767/3/3767 3777/3/3777 3780/3/3780 3779/3/3779
f 3777/3/3777 3778/3/3778 3781/3/3781 3780/3/3780
f 3778/3/3778 3790/3/3790 3791/3/3791 3781/3/3781
f 3779/3/3779 3780/3/3780 3783/3/3783 3782/3/3782
f 3780/3/3780 3781/3/3781 3784/3/3784 3783/3/3783
f 3781/3/3781 3791/3/3791 3792/3/3792 3784/3/3784
f 3768/3/3768 3785/3/3785 3788/3/3788 3787/3/3787
f 3785/3/3785 3786/3/3786 3789/3/3789 3788/3/3788
f 3786/3/3786 3774/3/3774 3775/3/3775 3789/3/3789
f 3787/3/3787 3788/3/3788 3791/3/3791 3790/3/3790
f 3788/3/3788 3789/3/3789 3792/3/3792 3791/3/3791
f 3789/3/3789 3775/3/3775 3776/3/3776 3792/3/3792
f 3776/3/3776 3784/3/3784 3792/3/3792
f 3793/3/3793 3796/3/3796 3799/3/3799 3798/3/3798
f 3796/3/3796 3797/3/3797 3800/3/3800 3799/3/3799
f 3797/3/3797 3809/3/3809 3810/3/3810 3800/3/3800
f 3798/3/3798 3799/3/3799 3802/3/3802 3801/3/3801
f 3799/3/3799 3800/3/3800 3803/3/3803 3802/3/3802
f 3800/3/3800 3810/3/3810 3811/3/3811 3803/3/3803
f 3794/3/3794 3804/3/3804 3807/3/3807 3806/3/3806
f 3804/3/3804 3805/3/3805 3808/3/3808 3807/3/3807
f 3805/3/3805 3817/3/3817 3818/3/3818 3808/3/3808
f 3806/3/3806 3807/3/3807 3810/3/3810 3809/3/3809
f 3807/3/3807 3808/3/3808 3811/3/3811 3810/3/3810
f 3808/3/3808 3818/3/3818 3819/3/3819 3811/3/3811
f 3795/3/3795 3812/3/3812 3815/3/3815 3814/3/3814
f 3812/3/3812 3813/3/3813 3816/3/3816 3815/3/3815
f 3813/3/3813 3801/3/3801 3802/3/3802 3816/3/3816
f 3814/3/3814 3815/3/3815 3818/3/3818 3817/3/3817
f 3815/3/3815 3816/3/3816 3819/3/3819 3818/3/3818
f 3816/3/3816 3802/3/3802 3803/3/3803 3819/3/3819
f 3803/3/3803 3811/3/3811 3819/3/3819
f 3820/3/3820 3823/3/3823 3826/3/3826 3825/3/3825
f 3823/3/3823 3824/3/3824 3827/3/3827 3826/3/3826
f 3824/3/3824 3836/3/3836 3837/3/3837 3827/3/3827
f 3825/3/3825 3826/3/3826 3829/3/3829 3828/3/3828
f 3826/3/3826 3827/3/3827 3830/3/3830 3829/3/3829
f 3827/3/3827 3837/3/3837 3838/3/3838 3830/3/3830
f 3821/3/3821 3831/3/3831 3834/3/3834 3833/3/3833
f 3831/3/3831 3832/3/3832 3835/3/3835 3834/3/3834
f 3832/3/3832 3844/3/3844 3845/3/3845 3835/3/3835
f 3833/3/3833 3834/3/3834 3837/3/3837 3836/3/3836
f 3834/3/3834 3835/3/3835 3838/3/3838 3837/3/3837
f 3835/3/3835 3845/3/3845 3846/3/3846 3838/3/3838
f 3822/3/3822 3839/3/3839 3842/3/3842 3841/3/3841
f 3839/3/3839 3840/3/3840 3843/3/3843 3842/3/3842
f 3840/3/3840 3828/3/3828 3829/3/3829 3843/3/3843
f 3841/3/3841 3842/3/3842 3845/3/3845 3844/3/3844
f 3842/3/3842 3843/3/3843 3846/3/3846 3845/3/3845
f 3843/3/3843 3829/3/3829 3830/3/3830 3846/3/3846
f 3830/3/3830 3838/3/3838 3846/3/3846
f 3847/3/3847 3850/3/3850 3853/3/3853 3852/3/3852
f 3850/3/3850 3851/3/3851 3854/3/3854 3853/3/3853
f 3851/3/3851 3863/3/3863 3864/3/3864 3854/3/3854
f 3852/3/3852 3853/3/3853 3856/3/3856 3855/3/3855
f 3853/3/3853 3854/3/3854 3857/3/3857 3856/3/3856
f 3854/3/3854 3864/3/3864 3865/3/3865 3857/3/3857
f 3848/3/3848 3858/3/3858 3861/3/3861 3860/3/3860
f 3858/3/3858 3859/3/3859 3862/3/3862 3861/3/3861
f 3859/3/3859 3871/3/3871 3872/3/3872 3862/3/3862
f 3860/3/3860 3861/3/3861 3864/3/3864 3863/3/3863
f 3861/3/3861 3862/3/3862 3865/3/3865 3864/3/3864
f 3862/3/3862 3872/3/3872 3873/3/3873 3865/3/3865
f 3849/3/3849 3866/3/3866 3869/3/3869 3868/3/3868
f 3866/3/3866 3867/3/3867 3870/3/3870 3869/3/3869
f 3867/3/3867 3855/3/3855 3856/3/3856 3870/3/3870
f 3868/3/3868 3869/3/3869 3872/3/3872 3871/3/3871
f 3869/3/3869 3870/3/3870 3873/3/3873 3872/3/3872
f 3870/3/3870 3856/3/3856 3857/3/3857 3873/3/3873
f 3857/3/3857 3865/3/3865 3873/3/3873
f 3874/3/3874 3877/3/3877 3880/3/3880 3879/3/3879
f 3877/3/3877 3878/3/3878 3881/3/3881 3880/3/3880
f 3878/3/3878 3890/3/3890 3891/3/3891 3881/3/3881
f 3879/3/3879 3880/3/3880 3883/3/3883 3882/3/3882
f 3880/3/3880 3881/3/3881 3884/3/3884 3883/3/3883
f 3881/3/3881 3891/3/3891 3892/3/3892 3884/3/3884
f 3875/3/3875 3885/3/3885 3888/3/3888 3887/3/3887
f 3885/3/3885 3886/3/3886 3889/3/3889 3888/3/3888
f 3886/3/3886 3898/3/3898 3899/3/3899 3889/3/3889
f 3887/3/3887 3888/3/3888 3891/3/3891 3890/3/3890
f 3888/3/3888 3889/3/3889 3892/3/3892 3891/3/3891
f 3889/3/3889 3899/3/3899 3900/3/3900 3892/3/3892
f 3876/3/3876 3893/3/3893 3896/3/3896 3895/3/3895
f 3893/3/3893 3894/3/3894 3897/3/3897 3896/3/3896
f 3894/3/3894 3882/3/3882 3883/3/3883 3897/3/3897
f 3895/3/3895 3896/3/3896 3899/3/3899 3898/3/3898
f 3896/3/3896 3897/3/3897 3900/3/3900 3899/3/3899
f 3897/3/3897 3883/3/3883 3884/3/3884 3900/3/3900
f 3884/3/3884 3892/3/3892 3900/3/3900
f 3901/3/3901 3904/3/3904 3907/3/3907 3906/3/3906
f 3904/3/3904 3905/3/3905 3908/3/3908 3907/3/3907
f 3905/3/3905 3917/3/3917 3918/3/3918 3908/3/3908
f 3906/3/3906 3907/3/3907 3910/3/3910 3909/3/3909
f 3907/3/3907 3908/3/3908 3911/3/3911 3910/3/3910
f 3908/3/3908 3918/3/3918 3919/3/3919 3911/3/3911
f 3902/3/3902 3912/3/3912 3915/3/3915 3914/3/3914
f 3912/3/3912 3913/3/3913 3916/3/3916 3915/3/3915
f 3913/3/3913 3925/3/3925 3926/3/3926 3916/3/3916
f 3914/3/3914 3915/3/3915 3918/3/3918 3917/3/3917
f 3915/3/3915 3916/3/3916 3919/3/3919 3918/3/3918
f 3916/3/3916 3926/3/3926 3927/3/3927 3919/3/3919
f 3903/3/3903 3920/3/3920 3923/3/3923 3922/3/3922
f 3920/3/3920 3921/3/3921 3924/3/3924 3923/3/3923
f 3921/3/3921 3909/3/3909 3910/3/3910 3924/3/3924
f 3922/3/3922 3923/3/3923 3926/3/3926 3925/3/3925
f 3923/3/3923 3924/3/3924 3927/3/3927 3926/3/3926
f 3924/3/3924 3910/3/3910 3911/3/3911 3927/3/3927
f 3911/3/3911 3919/3/3919 3927/3/3927
f 3928/3/3928 3931/3/3931 3934/3/3934 3933/3/3933
f 3931/3/3931 3932/3/3932 3935/3/3935 3934/3/3934
f 3932/3/3932 3944/3/3944 3945/3/3945 3935/3/3935
f 3933/3/3933 3934/3/3934 3937/3/3937 3936/3/3936
f 3934/3/3934 3935/3/3935 3938/3/3938 3937/3/3937
f 3935/3/3935 3945/3/3945 3946/3/3946 3938/3/3938
f 3929/3/3929 3939/3/3939 3942/3/3942 3941/3/3941
f 3939/3/3939 3940/3/3940 3943/3/3943 3942/3/3942
f 3940/3/3940 3952/3/3952 3953/3/3953 3943/3/3943
f 3941/3/3941 3942/3/3942 3945/3/3945 3944/3/3944
f 3942/3/3942 3943/3/3943 3946/3/3946 3945/3/3945
f 3943/3/3943 3953/3/3953 3954/3/3954 3946/3/3946
f 3930/3/3930 3947/3/3947 3950/3/3950 3949/3/3949
f 3947/3/3947 3948/3/3948 3951/3/3951 3950/3/3950
f 3948/3/3948 3936/3/3936 3937/3/3937 3951/3/3951
f 3949/3/3949 3950/3/3950 3953/3/3953 3952/3/3952
f 3950/3/3950 3951/3/3951 3954/3/3954 3953/3/3953
f 3951/3/3951 3937/3/3937 3938/3/3938 3954/3/3954
f 3938/3/3938 3946/3/3946 3954/3/3954
f 3955/3/3955 3958/3/3958 3961/3/3961 3960/3/3960
f 3958/3/3958 3959/3/3959 3962/3/3962 3961/3/3961
f 3959/3/3959 3971/3/3971 3972/3/3972 3962/3/3962
f 3960/3/3960 3961/3/3961 3964/3/3964 3963/3/3963
f 3961/3/3961 3962/3/3962 3965/3/3965 3964/3/3964
f 3962/3/3962 3972/3/3972 3973/3/3973 3965/3/3965
f 3956/3/3956 3966/3/3966 3969/3/3969 3968/3/3968
f 3966/3/3966 3967/3/3967 3970/3/3970 3969/3/3969
f 3967/3/3967 3979/3/3979 3980/3/3980 3970/3/3970
f 3968/3/3968 3969/3/3969 3972/3/3972 3971/3/3971
f 3969/3/3969 3970/3/3970 3973/3/3973 3972/3/3972
f 3970/3/3970 3980/3/3980 3981/3/3981 3973/3/3973
f 3957/3/3957 3974/3/3974 3977/3/3977 3976/3/3976
f 3974/3/3974 3975/3/3975 3978/3/3978 3977/3/3977
f 3975/3/3975 3963/3/3963 3964/3/3964 3978/3/3978
f 3976/3/3976 3977/3/3977 3980/3/3980 3979/3/3979
f 3977/3/3977 3978/3/3978 3981/3/3981 3980/3/3980
f 3978/3/3978 3964/3/3964 3965/3/3965 3981/3/3981
f 3965/3/3965 3973/3/3973 3981/3/3981
f 3982/3/3982 3985/3/3985 3988/3/3988 3987/3/3987
f 3985/3/3985 3986/3/3986 3989/3/3989 3988/3/3988
f 3986/3/3986 3998/3/3998 3999/3/3999 3989/3/3989
f 3987/3/3987 3988/3/3988 3991/3/3991 3990/3/3990
f 3988/3/3988 3989/3/3989 3992/3/3992 3991/3/3991
f 3989/3/3989 3999/3/3999 4000/3/4000 3992/3/3992
f 3983/3/3983 3993/3/3993 3996/3/3996 3995/3/3995
f 3993/3/3993 3994/3/3994 3997/3/3997 3996/3/3996
f 3994/3/3994 4006/3/4006 4007/3/4007 3997/3/3997
f 3995/3/3995 3996/3/3996 3999/3/3999 3998/3/3998
f 3996/3/3996 3997/3/3997 4000/3/4000 3999/3/3999
f 3997/3/3997 4007/3/4007 4008/3/4008 4000/3/4000
f 3984/3/3984 4001/3/4001 4004/3/4004 4003/3/4003
f 4001/3/4001 4002/3/4002 4005/3/4005 4004/3/4004
f 4002/3/4002 3990/3/3990 3991/3/3991 4005/3/4005
f 4003/3/4003 4004/3/4004 4007/3/4007 4006/3/4006
f 4004/3/4004 4005/3/4005 4008/3/4008 4007/3/4007
f 4005/3/4005 3991/3/3991 3992/3/3992 4008/3/4008
f 3992/3/3992 4000/3/4000 4008/3/4008
f 4009/3/4009 4012/3/4012 4015/3/4015 4014/3/4014
f 4012/3/4012 4013/3/4013 4016/3/4016 4015/3/4015
f 4013/3/4013 4025/3/4025 4026/3/4026 4016/3/4016
f 4014/3/4014 4015/3/4015 4018/3/4018 4017/3/4017
f 4015/3/4015 4016/3/4016 4019/3/4019 4018/3/4018
f 4016/3/4016 4026/3/4026 4027/3/4027 4019/3/4019
f 4010/3/4010 4020/3/4020 4023/3/4023 4022/3/4022
f 4020/3/4020 4021/3/4021 4024/3/4024 4023/3/4023
f 4021/3/4021 4033/3/4033 4034/3/4034 4024/3/4024
f 4022/3/4022 4023/3/4023 4026/3/4026 4025/3/4025
f 4023/3/4023 4024/3/4024 4027/3/4027 4026/3/4026
f 4024/3/4024 4034/3/4034 4035/3/4035 4027/3/4027
f 4011/3/4011 4028/3/4028 4031/3/4031 4030/3/4030
f 4028/3/4028 4029/3/4029 4032/3/4032 4031/3/4031
f 4029/3/4029 4017/3/4017 4018/3/4018 4032/3/4032
f 4030/3/4030 4031/3/4031 4034/3/4034 4033/3/4033
f 4031/3/4031 4032/3/4032 4035/3/4035 4034/3/4034
f 4032/3/4032 4018/3/4018 4019/3/4019 4035/3/4035
f 4019/3/4019 4027/3/4027 4035/3/4035
f 4036/3/4036 4039/3/4039 4042/3/4042 4041/3/4041
f 4039/3/4039 4040/3/4040 4043/3/4043 4042/3/4042
f 4040/3/4040 4052/3/4052 4053/3/4053 4043/3/4043
f 4041/3/4041 4042/3/4042 4045/3/4045 4044/3/4044
f 4042/3/4042 4043/3/4043 4046/3/4046 4045/3/4045
f 4043/3/4043 4053/3/4053 4054/3/4054 4046/3/4046
f 4037/3/4037 4047/3/4047 4050/3/4050 4049/3/4049
f 4047/3/4047 4048/3/4048 4051/3/4051 4050/3/4050
f 4048/3/4048 4060/3/4060 4061/3/4061 4051/3/4051
f 4049/3/4049 4050/3/4050 4053/3/4053 4052/3/4052
f 4050/3/4050 4051/3/4051 4054/3/4054 4053/3/4053
f 4051/3/4051 4061/3/4061 4062/3/4062 4054/3/4054
f 4038/3/4038 4055/3/4055 4058/3/4058 4057/3/4057
f 4055/3/4055 4056/3/4056 4059/3/4059 4058/3/4058
f 4056/3/4056 4044/3/4044 4045/3/4045 4059/3/4059
f 4057/3/4057 4058/3/4058 4061/3/4061 4060/3/4060
f 4058/3/4058 4059/3/4059 4062/3/4062 4061/3/4061
f 4059/3/4059 4045/3/4045 4046/3/4046 4062/3/4062
f 4046/3/4046 4054/3/4054 4062/3/4062
f 4063/3/4063 4066/3/4066 4069/3/4069 4068/3/4068
f 4066/3/4066 4067/3/4067 4070/3/4070 4069/3/4069
f 4067/3/4067 4079/3/4079 4080/3/4080 4070/3/4070
f 4068/3/4068 4069/3/4069 4072/3/4072 4071/3/4071
f 4069/3/4069 4070/3/4070 4073/3/4073 4072/3/4072
f 4070/3/4070 4080/3/4080 4081/3/4081 4073/3/4073
f 4064/3/4064 4074/3/4074 4077/3/4077 4076/3/4076
f 4074/3/4074 4075/3/4075 4078/3/4078 4077/3/4077
f 4075/3/4075 4087/3/4087 4088/3/4088 4078/3/4078
f 4076/3/4076 4077/3/4077 4080/3/4080 4079/3/4079
f 4077/3/4077 4078/3/4078 4081/3/4081 4080/3/4080
f 4078/3/4078 4088/3/4088 4089/3/4089 4081/3/4081
f 4065/3/4065 4082/3/4082 4085/3/4085 4084/3/4084
f 4082/3/4082 4083/3/4083 4086/3/4086 4085/3/4085
f 4083/3/4083 4071/3/4071 4072/3/4072 4086/3/4086
f 4084/3/4084 4085/3/4085 4088/3/4088 4087/3/4087
f 4085/3/4085 4086/3/4086 4089/3/4089 4088/3/4088
f 4086/3/4086 4072/3/4072 4073/3/4073 4089/3/4089
f 4073/3/4073 4081/3/4081 4089/3/4089
f 4090/3/4090 4093/3/4093 4096/3/4096 4095/3/4095
f 4093/3/4093 4094/3/4094 4097/3/4097 4096/3/4096
f 4094/3/4094 4106/3/4106 4107/3/4107 4097/3/4097
f 4095/3/4095 4096/3/4096 4099/3/4099 4098/3/4098
f 4096/3/4096 4097/3/4097 4100/3/4100 4099/3/4099
f 4097/3/4097 4107/3/4107 4108/3/4108 4100/3/4100
f 4091/3/4091 4101/3/4101 4104/3/4104 4103/3/4103
f 4101/3/4101 4102/3/4102 4105/3/4105 4104/3/4104
f 4102/3/4102 4114/3/4114 4115/3/4115 4105/3/4105
f 4103/3/4103 4104/3/4104 4107/3/4107 4106/3/4106
f 4104/3/4104 4105/3/4105 4108/3/4108 4107/3/4107
f 4105/3/4105 4115/3/4115 4116/3/4116 4108/3/4108
f 4092/3/4092 4109/3/4109 4112/3/4112 4111/3/4111
f 4109/3/4109 4110/3/4110 4113/3/4113 4112/3/4112
f 4110/3/4110 4098/3/4098 4099/3/4099 4113/3/4113
f 4111/3/4111 4112/3/4112 4115/3/4115 4114/3/4114
f 4112/3/4112 4113/3/4113 4116/3/4116 4115/3/4115
f 4113/3/4113 4099/3/4099 4100/3/4100 4116/3/4116
f 4100/3/4100 4108/3/4108 4116/3/4116
f 4117/3/4117 4120/3/4120 4123/3/4123 4122/3/4122
f 4120/3/4120 4121/3/4121 4124/3/4124 4123/3/4123
f 4121/3/4121 4133/3/4133 4134/3/4134 4124/3/4124
f 4122/3/4122 4123/3/4123 4126/3/4126 4125/3/4125
f 4123/3/4123 4124/3/4124 4127/3/4127 4126/3/4126
f 4124/3/4124 4134/3/4134 4135/3/4135 4127/3/4127
f 4118/3/4118 4128/3/4128 4131/3/4131 4130/3/4130
f 4128/3/4128 4129/3/4129 4132/3/4132 4131/3/4131
f 4129/3/4129 4141/3/4141 4142/3/4142 4132/3/4132
f 4130/3/4130 4131/3/4131 4134/3/4134 4133/3/4133
f 4131/3/4131 4132/3/4132 4135/3/4135 4134/3/4134
f 4132/3/4132 4142/3/4142 4143/3/4143 4135/3/4135
f 4119/3/4119 4136/3/4136 4139/3/4139 4138/3/4138
f 4136/3/4136 4137/3/4137 4140/3/4140 4139/3/4139
f 4137/3/4137 4125/3/4125 4126/3/4126 4140/3/4140
f 4138/3/4138 4139/3/4139 4142/3/4142 4141/3/4141
f 4139/3/4139 4140/3/4140 4143/3/4143 4142/3/4142
f 4140/3/4140 4126/3/4126 4127/3/4127 4143/3/4143
f 4127/3/4127 4135/3/4135 4143/3/4143
f 4144/3/4144 4147/3/4147 4150/3/4150 4149/3/4149
f 4147/3/4147 4148/3/4148 4151/3/4151 4150/3/4150
f 4148/3/4148 4160/3/4160 4161/3/4161 4151/3/4151
f 4149/3/4149 4150/3/4150 4153/3/4153 4152/3/4152
f 4150/3/4150 4151/3/4151 4154/3/4154 4153/3/4153
f 4151/3/4151 4161/3/4161 4162/3/4162 4154/3/4154
f 4145/3/4145 4155/3/4155 4158/3/4158 4157/3/4157
f 4155/3/4155 4156/3/4156 4159/3/4159 4158/3/4158
f 4156/3/4156 4168/3/4168 4169/3/4169 4159/3/4159
f 4157/3/4157 4158/3/4158 4161/3/4161 4160/3/4160
f 4158/3/4158 4159/3/4159 4162/3/4162 4161/3/4161
f 4159/3/4159 4169/3/4169 4170/3/4170 4162/3/4162
f 4146/3/4146 4163/3/4163 4166/3/4166 4165/3/4165
f 4163/3/4163 4164/3/4164 4167/3/4167 4166/3/4166
f 4164/3/4164 4152/3/4152 4153/3/4153 4167/3/4167
f 4165/3/4165 4166/3/4166 4169/3/4169 4168/3/4168
f 4166/3/4166 4167/3/4167 4170/3/4170 4169/3/4169
f 4167/3/4167 4153/3/4153 4154/3/4154 4170/3/4170
f 4154/3/4154 4162/3/4162 4170/3/4170
f 4171/3/4171 4174/3/4174 4177/3/4177 4176/3/4176
f 4174/3/4174 4175/3/4175 4178/3/4178 4177/3/4177
f 4175/3/4175 4187/3/4187 4188/3/4188 4178/3/4178
f 4176/3/4176 4177/3/4177 4180/3/4180 4179/3/4179
f 4177/3/4177 4178/3/4178 4181/3/4181 4180/3/4180
f 4178/3/4178 4188/3/4188 4189/3/4189 4181/3/4181
f 4172/3/4172 4182/3/4182 4185/3/4185 4184/3/4184
f 4182/3/4182 4183/3/4183 4186/3/4186 4185/3/4185
f 4183/3/4183 4195/3/4195 4196/3/4196 4186/3/4186
f 4184/3/4184 4185/3/4185 4188/3/4188 4187/3/4187
f 4185/3/4185 4186/3/4186 4189/3/4189 4188/3/4188
f 4186/3/4186 4196/3/4196 4197/3/4197 4189/3/4189
f 4173/3/4173 4190/3/4190 4193/3/4193 4192/3/4192
f 4190/3/4190 4191/3/4191 4194/3/4194 4193/3/4193
f 4191/3/4191 4179/3/4179 4180/3/4180 4194/3/4194
f 4192/3/4192 4193/3/4193 4196/3/4196 4195/3/4195
f 4193/3/4193 4194/3/4194 4197/3/4197 4196/3/4196
f 4194/3/4194 4180/3/4180 4181/3/4181 4197/3/4197
f 4181/3/4181 4189/3/4189 4197/3/4197
f 4198/3/4198 4201/3/4201 4204/3/4204 4203/3/4203
f 4201/3/4201 4202/3/4202 4205/3/4205 4204/3/4204
f 4202/3/4202 4214/3/4214 4215/3/4215 4205/3/4205
f 4203/3/4203 4204/3/4204 4207/3/4207 4206/3/4206
f 4204/3/4204 4205/3/4205 4208/3/4208 4207/3/4207
f 4205/3/4205 4215/3/4215 4216/3/4216 4208/3/4208
f 4199/3/4199 4209/3/4209 4212/3/4212 4211/3/4211
f 4209/3/4209 4210/3/4210 4213/3/4213 4212/3/4212
f 4210/3/4210 4222/3/4222 4223/3/4223 4213/3/4213
f 4211/3/4211 4212/3/4212 4215/3/4215 4214/3/4214
f 4212/3/4212 4213/3/4213 4216/3/4216 4215/3/4215
f 4213/3/4213 4223/3/4223 4224/3/4224 4216/3/4216
f 4200/3/4200 4217/3/4217 4220/3/4220 4219/3/4219
f 4217/3/4217 4218/3/4218 4221/3/4221 4220/3/4220
f 4218/3/4218 4206/3/4206 4207/3/4207 4221/3/4221
f 4219/3/4219 4220/3/4220 4223/3/4223 4222/3/4222
f 4220/3/4220 4221/3/4221 4224/3/4224 4223/3/4223
f 4221/3/4221 4207/3/4207 4208/3/4208 4224/3/4224
f 4208/3/4208 4216/3/4216 4224/3/4224
f 4225/3/4225 4228/3/4228 4231/3/4231 4230/3/4230
f 4228/3/4228 4229/3/4229 4232/3/4232 4231/3/4231
f 4229/3/4229 4241/3/4241 4242/3/4242 4232/3/4232
f 4230/3/4230 4231/3/4231 4234/3/4234 4233/3/4233
f 4231/3/4231 4232/3/4232 4235/3/4235 4234/3/4234
f 4232/3/4232 4242/3/4242 4243/3/4243 4235/3/4235
f 4226/3/4226 4236/3/4236 4239/3/4239 4238/3/4238
f 4236/3/4236 4237/3/4237 4240/3/4240 4239/3/4239
f 4237/3/4237 4249/3/4249 4250/3/4250 4240/3/4240
f 4238/3/4238 4239/3/4239 4242/3/4242 4241/3/4241
f 4239/3/4239 4240/3/4240 4243/3/4243 4242/3/4242
f 4240/3/4240 4250/3/4250 4251/3/4251 4243/3/4243
f 4227/3/4227 4244/3/4244 4247/3/4247 4246/3/4246
f 4244/3/4244 4245/3/4245 4248/3/4248 4247/3/4247
f 4245/3/4245 4233/3/4233 4234/3/4234 4248/3/4248
f 4246/3/4246 4247/3/4247 4250/3/4250 4249/3/4249
f 4247/3/4247 4248/3/4248 4251/3/4251 4250/3/4250
f 4248/3/4248 4234/3/4234 4235/3/4235 4251/3/4251
f 4235/3/4235 4243/3/4243 4251/3/4251
f 4252/3/4252 4255/3/4255 4258/3/4258 4257/3/4257
f 4255/3/4255 4256/3/4256 4259/3/4259 4258/3/4258
f 4256/3/4256 4268/3/4268 4269/3/4269 4259/3/4259
f 4257/3/4257 4258/3/4258 4261/3/4261 4260/3/4260
f 4258/3/4258 4259/3/4259 4262/3/4262 4261/3/4261
f 4259/3/4259 4269/3/4269 4270/3/4270 4262/3/4262
f 4253/3/4253 4263/3/4263 4266/3/4266 4265/3/4265
f 4263/3/4263 4264/3/4264 4267/3/4267 4266/3/4266
f 4264/3/4264 4276/3/4276 4277/3/4277 4267/3/4267
f 4265/3/4265 4266/3/4266 4269/3/4269 4268/3/4268
f 4266/3/4266 4267/3/4267 4270/3/4270 4269/3/4269
f 4267/3/4267 4277/3/4277 4278/3/4278 4270/3/4270
f 4254/3/4254 4271/3/4271 4274/3/4274 4273/3/4273
f 4271/3/4271 4272/3/4272 4275/3/4275 4274/3/4274
f 4272/3/4272 4260/3/4260 4261/3/4261 4275/3/4275
f 4273/3/4273 4274/3/4274 4277/3/4277 4276/3/4276
f 4274/3/4274 4275/3/4275 4278/3/4278 4277/3/4277
f 4275/3/4275 4261/3/4261 4262/3/4262 4278/3/4278
f 4262/3/4262 4270/3/4270 4278/3/4278
f 4279/3/4279 4282/3/4282 4285/3/4285 4284/3/4284
f 4282/3/4282 4283/3/4283 4286/3/4286 4285/3/4285
f 4283/3/4283 4295/3/4295 4296/3/4296 4286/3/4286
f 4284/3/4284 4285/3/4285 4288/3/4288 4287/3/4287
f 4285/3/4285 4286/3/4286 4289/3/4289 4288/3/4288
f 4286/3/4286 4296/3/4296 4297/3/4297 4289/3/4289
f 4280/3/4280 4290/3/4290 4293/3/4293 4292/3/4292
f 4290/3/4290 4291/3/4291 4294/3/4294 4293/3/4293
f 4291/3/4291 4303/3/4303 4304/3/4304 4294/3/4294
f 4292/3/4292 4293/3/4293 4296/3/4296 4295/3/4295
f 4293/3/4293 4294/3/4294 4297/3/4297 4296/3/4296
f 4294/3/4294 4304/3/4304 4305/3/4305 4297/3/4297
f 4281/3/4281 4298/3/4298 4301/3/4301 4300/3/4300
f 4298/3/4298 4299/3/4299 4302/3/4302 4301/3/4301
f 4299/3/4299 4287/3/4287 4288/3/4288 4302/3/4302
f 4300/3/4300 4301/3/4301 4304/3/4304 4303/3/4303
f 4301/3/4301 4302/3/4302 4305/3/4305 4304/3/4304
f 4302/3/4302 4288/3/4288 4289/3/4289 4305/3/4305
f 4289/3/4289 4297/3/4297 4305/3/4305
f 4306/3/4306 4309/3/4309 4312/3/4312 4311/3/4311
f 4309/3/4309 4310/3/4310 4313/3/4313 4312/3/4312
f 4310/3/4310 4322/3/4322 4323/3/4323 4313/3/4313
f 4311/3/4311 4312/3/4312 4315/3/4315 4314/3/4314
f 4312/3/4312 4313/3/4313 4316/3/4316 4315/3/4315
f 4313/3/4313 4323/3/4323 4324/3/4324 4316/3/4316
f 4307/3/4307 4317/3/4317 4320/3/4320 4319/3/4319
f 4317/3/4317 4318/3/4318 4321/3/4321 4320/3/4320
f 4318/3/4318 4330/3/4330 4331/3/4331 4321/3/4321
f 4319/3/4319 4320/3/4320 4323/3/4323 4322/3/4322
f 4320/3/4320 4321/3/4321 4324/3/4324 4323/3/4323
f 4321/3/4321 4331/3/4331 4332/3/4332 4324/3/4324
f 4308/3/4308 4325/3/4325 4328/3/4328 4327/3/4327
f 4325/3/4325 4326/3/4326 4329/3/4329 4328/3/4328
f 4326/3/4326 4314/3/4314 4315/3/4315 4329/3/4329
f 4327/3/4327 4328/3/4328 4331/3/4331 4330/3/4330
f 4328/3/4328 4329/3/4329 4332/3/4332 4331/3/4331
f 4329/3/4329 4315/3/4315 4316/3/4316 4332/3/4332
f 4316/3/4316 4324/3/4324 4332/3/4332
f 4333/3/4333 4336/3/4336 4339/3/4339 4338/3/4338
f 4336/3/4336 4337/3/4337 4340/3/4340 4339/3/4339
f 4337/3/4337 4349/3/4349 4350/3/4350 4340/3/4340
f 4338/3/4338 4339/3/4339 4342/3/4342 4341/3/4341
f 4339/3/4339 4340/3/4340 4343/3/4343 4342/3/4342
f 4340/3/4340 4350/3/4350 4351/3/4351 4343/3/4343
f 4334/3/4334 4344/3/4344 4347/3/4347 4346/3/4346
f 4344/3/4344 4345/3/4345 4348/3/4348 4347/3/4347
f 4345/3/4345 4357/3/4357 4358/3/4358 4348/3/4348
f 4346/3/4346 4347/3/4347 4350/3/4350 4349/3/4349
f 4347/3/4347 4348/3/4348 4351/3/4351 4350/3/4350
f 4348/3/4348 4358/3/4358 4359/3/4359 4351/3/4351
f 4335/3/4335 4352/3/4352 4355/3/4355 4354/3/4354
f 4352/3/4352 4353/3/4353 4356/3/4356 4355/3/4355
f 4353/3/4353 4341/3/4341 4342/3/4342 4356/3/4356
f 4354/3/4354 4355/3/4355 4358/3/4358 4357/3/4357
f 4355/3/4355 4356/3/4356 4359/3/4359 4358/3/4358
f 4356/3/4356 4342/3/4342 4343/3/4343 4359/3/4359
f 4343/3/4343 4351/3/4351 4359/3/4359
f 4360/3/4360 4363/3/4363 4366/3/4366 4365/3/4365
f 4363/3/4363 4364/3/4364 4367/3/4367 4366/3/4366
f 4364/3/4364 4376/3/4376 4377/3/4377 4367/3/4367
f 4365/3/4365 4366/3/4366 4369/3/4369 4368/3/4368
f 4366/3/4366 4367/3/4367 4370/3/4370 4369/3/4369
f 4367/3/4367 4377/3/4377 4378/3/4378 4370/3/4370
f 4361/3/4361 4371/3/4371 4374/3/4374 4373/3/4373
f 4371/3/4371 4372/3/4372 4375/3/4375 4374/3/4374
f 4372/3/4372 4384/3/4384 4385/3/4385 4375/3/4375
f 4373/3/4373 4374/3/4374 4377/3/4377 4376/3/4376
f 4374/3/4374 4375/3/4375 4378/3/4378 4377/3/4377
f 4375/3/4375 4385/3/4385 4386/3/4386 4378/3/4378
f 4362/3/4362 4379/3/4379 4382/3/4382 4381/3/4381
f 4379/3/4379 4380/3/4380 4383/3/4383 4382/3/4382
f 4380/3/4380 4368/3/4368 4369/3/4369 4383/3/4383
f 4381/3/4381 4382/3/4382 4385/3/4385 4384/3/4384
f 4382/3/4382 4383/3/4383 4386/3/4386 4385/3/4385
f 4383/3/4383 4369/3/4369 4370/3/4370 4386/3/4386
f 4370/3/4370 4378/3/4378 4386/3/4386
f 4387/3/4387 4390/3/4390 4393/3/4393 4392/3/4392
f 4390/3/4390 4391/3/4391 4394/3/4394 4393/3/4393
f 4391/3/4391 4403/3/4403 4404/3/4404 4394/3/4394
f 4392/3/4392 4393/3/4393 4396/3/4396 4395/3/4395
f 4393/3/4393 4394/3/4394 4397/3/4397 4396/3/4396
f 4394/3/4394 4404/3/4404 4405/3/4405 4397/3/4397
f 4388/3/4388 4398/3/4398 4401/3/4401 4400/3/4400
f 4398/3/4398 4399/3/4399 4402/3/4402 4401/3/4401
f 4399/3/4399 4411/3/4411 4412/3/4412 4402/3/4402
f 4400/3/4400 4401/3/4401 4404/3/4404 4403/3/4403
f 4401/3/4401 4402/3/4402 4405/3/4405 4404/3/4404
f 4402/3/4402 4412/3/4412 4413/3/4413 4405/3/4405
f 4389/3/4389 4406/3/4406 4409/3/4409 4408/3/4408
f 4406/3/4406 4407/3/4407 4410/3/4410 4409/3/4409
f 4407/3/4407 4395/3/4395 4396/3/4396 4410/3/4410
f 4408/3/4408 4409/3/4409 4412/3/4412 4411/3/4411
f 4409/3/4409 4410/3/4410 4413/3/4413 4412/3/4412
f 4410/3/4410 4396/3/4396 4397/3/4397 4413/3/4413
f 4397/3/4397 4405/3/4405 4413/3/4413
f 4414/3/4414 4417/3/4417 4420/3/4420 4419/3/4419
f 4417/3/4417 4418/3/4418 4421/3/4421 4420/3/4420
f 4418/3/4418 4430/3/4430 4431/3/4431 4421/3/4421
f 4419/3/4419 4420/3/4420 4423/3/4423 4422/3/4422
f 4420/3/4420 4421/3/4421 4424/3/4424 4423/3/4423
f 4421/3/4421 4431/3/4431 4432/3/4432 4424/3/4424
f 4415/3/4415 4425/3/4425 4428/3/4428 4427/3/4427
f 4425/3/4425 4426/3/4426 4429/3/4429 4428/3/4428
f 4426/3/4426 4438/3/4438 4439/3/4439 4429/3/4429
f 4427/3/4427 4428/3/4428 4431/3/4431 4430/3/4430
f 4428/3/4428 4429/3/4429 4432/3/4432 4431/3/4431
f 4429/3/4429 4439/3/4439 4440/3/4440 4432/3/4432
f 4416/3/4416 4433/3/4433 4436/3/4436 4435/3/4435
f 4433/3/4433 4434/3/4434 4437/3/4437 4436/3/4436
f 4434/3/4434 4422/3/4422 4423/3/4423 4437/3/4437
f 4435/3/4435 4436/3/4436 4439/3/4439 4438/3/4438
f 4436/3/4436 4437/3/4437 4440/3/4440 4439/3/4439
f 4437/3/4437 4423/3/4423 4424/3/4424 4440/3/4440
f 4424/3/4424 4432/3/4432 4440/3/4440
f 4441/3/4441 4444/3/4444 4447/3/4447 4446/3/4446
f 4444/3/4444 4445/3/4445 4448/3/4448 4447/3/4447
f 4445/3/4445 4457/3/4457 4458/3/4458 4448/3/4448
f 4446/3/4446 4447/3/4447 4450/3/4450 4449/3/4449
f 4447/3/4447 4448/3/4448 4451/3/4451 4450/3/4450
f 4448/3/4448 4458/3/4458 4459/3/4459 4451/3/4451
f 4442/3/4442 4452/3/4452 4455/3/4455 4454/3/4454
f 4452/3/4452 4453/3/4453 4456/3/4456 4455/3/4455
f 4453/3/4453 4465/3/4465 4466/3/4466 4456/3/4456
f 4454/3/4454 4455/3/4455 4458/3/4458 4457/3/4457
f 4455/3/4455 4456/3/4456 4459/3/4459 4458/3/4458
f 4456/3/4456 4466/3/4466 4467/3/4467 4459/3/4459
f 4443/3/4443 4460/3/4460 4463/3/4463 4462/3/4462
f 4460/3/4460 4461/3/4461 4464/3/4464 4463/3/4463
f 4461/3/4461 4449/3/4449 4450/3/4450 4464/3/4464
f 4462/3/4462 4463/3/4463 4466/3/4466 4465/3/4465
f 4463/3/4463 4464/3/4464 4467/3/4467 4466/3/4466
f 4464/3/4464 4450/3/4450 4451/3/4451 4467/3/4467
f 4451/3/4451 4459/3/4459 4467/3/4467
f 2872/3/2872 2899/3/2899 2904/3/2904 2875/3/2875
f 2875/3/2875 2904/3/2904 2907/3/2907 2876/3/2876
f 2876/3/2876 2907/3/2907 2919/3/2919 2888/3/2888
f 2888/3/2888 2919/3/2919 2918/3/2918 2885/3/2885
f 2885/3/2885 2918/3/2918 2901/3/2901 2873/3/2873
f 2926/3/2926 2953/3/2953 2958/3/2958 2929/3/2929
f 2929/3/2929 2958/3/2958 2961/3/2961 2930/3/2930
f 2930/3/2930 2961/3/2961 2973/3/2973 2942/3/2942
f 2942/3/2942 2973/3/2973 2972/3/2972 2939/3/2939
f 2939/3/2939 2972/3/2972 2955/3/2955 2927/3/2927
f 2980/3/2980 3007/3/3007 3012/3/3012 2983/3/2983
f 2983/3/2983 3012/3/3012 3015/3/3015 2984/3/2984
f 2984/3/2984 3015/3/3015 3027/3/3027 2996/3/2996
f 2996/3/2996 3027/3/3027 3026/3/3026 2993/3/2993
f 2993/3/2993 3026/3/3026 3009/3/3009 2981/3/2981
f 2839/3/2839 2687/3/2687 2700/3/2700 2864/3/2864
f 2864/3/2864 2700/3/2700 2703/3/2703 2865/3/2865
f 2865/3/2865 2703/3/2703 2691/3/2691 2845/3/2845
f 2845/3/2845 2691/3/2691 2690/3/2690 2842/3/2842
f 2842/3/2842 2690/3/2690 2686/3/2686 2836/3/2836
f 2687/3/2687 2955/3/2955 2974/3/2974 2698/3/2698
f 2698/3/2698 2974/3/2974 2977/3/2977 2699/3/2699
f 2699/3/2699 2977/3/2977 2965/3/2965 2711/3/2711
f 2711/3/2711 2965/3/2965 2964/3/2964 2708/3/2708
f 2708/3/2708 2964/3/2964 2954/3/2954 2688/3/2688
f 3036/3/3036 3009/3/3009 3028/3/3028 3053/3/3053
f 3053/3/3053 3028/3/3028 3031/3/3031 3054/3/3054
f 3054/3/3054 3031/3/3031 3019/3/3019 3042/3/3042
f 3042/3/3042 3019/3/3019 3018/3/3018 3039/3/3039
f 3039/3/3039 3018/3/3018 3008/3/3008 3034/3/3034
f 2661/3/2661 2653/3/2653 2655/3/2655 2678/3/2678
f 2678/3/2678 2655/3/2655 2656/3/2656 2679/3/2679
f 2679/3/2679 2656/3/2656 2657/3/2657 2667/3/2667
f 2667/3/2667 2657/3/2657 2658/3/2658 2664/3/2664
f 2664/3/2664 2658/3/2658 2654/3/2654 2659/3/2659
f 2628/3/2628 2901/3/2901 2920/3/2920 2645/3/2645
f 2645/3/2645 2920/3/2920 2923/3/2923 2646/3/2646
f 2646/3/2646 2923/3/2923 2911/3/2911 2634/3/2634
f 2634/3/2634 2911/3/2911 2910/3/2910 2631/3/2631
f 2631/3/2631 2910/3/2910 2900/3/2900 2626/3/2626
f 2601/3/2601 2573/3/2573 2585/3/2585 2618/3/2618
f 2618/3/2618 2585/3/2585 2588/3/2588 2619/3/2619
f 2619/3/2619 2588/3/2588 2576/3/2576 2607/3/2607
f 2607/3/2607 2576/3/2576 2575/3/2575 2604/3/2604
f 2604/3/2604 2575/3/2575 2572/3/2572 2599/3/2599
f 3035/3/3035 3061/3/3061 3066/3/3066 3045/3/3045
f 3045/3/3045 3066/3/3066 3069/3/3069 3046/3/3046
f 3046/3/3046 3069/3/3069 3081/3/3081 3058/3/3058
f 3058/3/3058 3081/3/3081 3080/3/3080 3055/3/3055
f 3055/3/3055 3080/3/3080 3063/3/3063 3036/3/3036
f 2755/3/2755 2722/3/2722 2727/3/2727 2758/3/2758
f 2758/3/2758 2727/3/2727 2730/3/2730 2759/3/2759
f 2759/3/2759 2730/3/2730 2742/3/2742 2771/3/2771
f 2771/3/2771 2742/3/2742 2741/3/2741 2768/3/2768
f 2768/3/2768 2741/3/2741 2724/3/2724 2756/3/2756
f 2782/3/2782 2874/3/2874 2893/3/2893 2785/3/2785
f 2785/3/2785 2893/3/2893 2896/3/2896 2786/3/2786
f 2786/3/2786 2896/3/2896 2884/3/2884 2798/3/2798
f 2798/3/2798 2884/3/2884 2883/3/2883 2795/3/2795
f 2795/3/2795 2883/3/2883 2873/3/2873 2783/3/2783
f 2809/3/2809 2749/3/2749 2751/3/2751 2812/3/2812
f 2812/3/2812 2751/3/2751 2752/3/2752 2813/3/2813
f 2813/3/2813 2752/3/2752 2753/3/2753 2825/3/2825
f 2825/3/2825 2753/3/2753 2754/3/2754 2822/3/2822
f 2822/3/2822 2754/3/2754 2750/3/2750 2810/3/2810
f 3062/3/3062 2982/3/2982 3001/3/3001 3072/3/3072
f 3072/3/3072 3001/3/3001 3004/3/3004 3073/3/3073
f 3073/3/3073 3004/3/3004 2992/3/2992 3085/3/3085
f 3085/3/3085 2992/3/2992 2991/3/2991 3082/3/3082
f 3082/3/3082 2991/3/2991 2981/3/2981 3063/3/3063
f 2838/3/2838 2928/3/2928 2947/3/2947 2856/3/2856
f 2856/3/2856 2947/3/2947 2950/3/2950 2857/3/2857
f 2857/3/2857 2950/3/2950 2938/3/2938 2869/3/2869
f 2869/3/2869 2938/3/2938 2937/3/2937 2866/3/2866
f 2866/3/2866 2937/3/2937 2927/3/2927 2839/3/2839
f 2756/3/2756 2601/3/2601 2620/3/2620 2766/3/2766
f 2766/3/2766 2620/3/2620 2623/3/2623 2767/3/2767
f 2767/3/2767 2623/3/2623 2611/3/2611 2779/3/2779
f 2779/3/2779 2611/3/2611 2610/3/2610 2776/3/2776
f 2776/3/2776 2610/3/2610 2600/3/2600 2757/3/2757
f 2783/3/2783 2628/3/2628 2647/3/2647 2793/3/2793
f 2793/3/2793 2647/3/2647 2650/3/2650 2794/3/2794
f 2794/3/2794 2650/3/2650 2638/3/2638 2806/3/2806
f 2806/3/2806 2638/3/2638 2637/3/2637 2803/3/2803
f 2803/3/2803 2637/3/2637 2627/3/2627 2784/3/2784
f 2810/3/2810 2661/3/2661 2680/3/2680 2820/3/2820
f 2820/3/2820 2680/3/2680 2683/3/2683 2821/3/2821
f 2821/3/2821 2683/3/2683 2671/3/2671 2833/3/2833
f 2833/3/2833 2671/3/2671 2670/3/2670 2830/3/2830
f 2830/3/2830 2670/3/2670 2660/3/2660 2811/3/2811
f 2573/3/2573 2724/3/2724 2743/3/2743 2583/3/2583
f 2583/3/2583 2743/3/2743 2746/3/2746 2584/3/2584
f 2584/3/2584 2746/3/2746 2734/3/2734 2596/3/2596
f 2596/3/2596 2734/3/2734 2733/3/2733 2593/3/2593
f 2593/3/2593 2733/3/2733 2723/3/2723 2574/3/2574
f 3090/3/3090 3116/3/3116 3128/3/3128 3107/3/3107
f 3107/3/3107 3128/3/3128 3131/3/3131 3108/3/3108
f 3108/3/3108 3131/3/3131 3119/3/3119 3096/3/3096
f 3096/3/3096 3119/3/3119 3118/3/3118 3093/3/3093
f 3093/3/3093 3118/3/3118 3115/3/3115 3088/3/3088
f 3144/3/3144 3170/3/3170 3182/3/3182 3161/3/3161
f 3161/3/3161 3182/3/3182 3185/3/3185 3162/3/3162
f 3162/3/3162 3185/3/3185 3173/3/3173 3150/3/3150
f 3150/3/3150 3173/3/3173 3172/3/3172 3147/3/3147
f 3147/3/3147 3172/3/3172 3169/3/3169 3142/3/3142
f 3198/3/3198 3224/3/3224 3236/3/3236 3215/3/3215
f 3215/3/3215 3236/3/3236 3239/3/3239 3216/3/3216
f 3216/3/3216 3239/3/3239 3227/3/3227 3204/3/3204
f 3204/3/3204 3227/3/3227 3226/3/3226 3201/3/3201
f 3201/3/3201 3226/3/3226 3223/3/3223 3196/3/3196
f 3250/3/3250 3286/3/3286 3292/3/3292 3254/3/3254
f 3254/3/3254 3292/3/3292 3295/3/3295 3255/3/3255
f 3255/3/3255 3295/3/3295 3315/3/3315 3267/3/3267
f 3267/3/3267 3315/3/3315 3314/3/3314 3264/3/3264
f 3264/3/3264 3314/3/3314 3289/3/3289 3251/3/3251
f 3288/3/3288 3171/3/3171 3190/3/3190 3306/3/3306
f 3306/3/3306 3190/3/3190 3193/3/3193 3307/3/3307
f 3307/3/3307 3193/3/3193 3181/3/3181 3319/3/3319
f 3319/3/3319 3181/3/3181 3180/3/3180 3316/3/3316
f 3316/3/3316 3180/3/3180 3170/3/3170 3289/3/3289
f 3322/3/3322 3225/3/3225 3244/3/3244 3325/3/3325
f 3325/3/3325 3244/3/3244 3247/3/3247 3326/3/3326
f 3326/3/3326 3247/3/3247 3235/3/3235 3338/3/3338
f 3338/3/3338 3235/3/3235 3234/3/3234 3335/3/3335
f 3335/3/3335 3234/3/3234 3224/3/3224 3323/3/3323
f 3349/3/3349 3376/3/3376 3378/3/3378 3352/3/3352
f 3352/3/3352 3378/3/3378 3379/3/3379 3353/3/3353
f 3353/3/3353 3379/3/3379 3380/3/3380 3365/3/3365
f 3365/3/3365 3380/3/3380 3381/3/3381 3362/3/3362
f 3362/3/3362 3381/3/3381 3377/3/3377 3350/3/3350
f 3382/3/3382 3117/3/3117 3136/3/3136 3385/3/3385
f 3385/3/3385 3136/3/3136 3139/3/3139 3386/3/3386
f 3386/3/3386 3139/3/3139 3127/3/3127 3398/3/3398
f 3398/3/3398 3127/3/3127 3126/3/3126 3395/3/3395
f 3395/3/3395 3126/3/3126 3116/3/3116 3383/3/3383
f 3409/3/3409 3436/3/3436 3441/3/3441 3412/3/3412
f 3412/3/3412 3441/3/3441 3444/3/3444 3413/3/3413
f 3413/3/3413 3444/3/3444 3456/3/3456 3425/3/3425
f 3425/3/3425 3456/3/3456 3455/3/3455 3422/3/3422
f 3422/3/3422 3455/3/3455 3438/3/3438 3410/3/3410
f 3323/3/3323 3464/3/3464 3476/3/3476 3333/3/3333
f 3333/3/3333 3476/3/3476 3479/3/3479 3334/3/3334
f 3334/3/3334 3479/3/3479 3467/3/3467 3346/3/3346
f 3346/3/3346 3467/3/3467 3466/3/3466 3343/3/3343
f 3343/3/3343 3466/3/3466 3463/3/3463 3324/3/3324
f 3498/3/3498 3524/3/3524 3536/3/3536 3515/3/3515
f 3515/3/3515 3536/3/3536 3539/3/3539 3516/3/3516
f 3516/3/3516 3539/3/3539 3527/3/3527 3504/3/3504
f 3504/3/3504 3527/3/3527 3526/3/3526 3501/3/3501
f 3501/3/3501 3526/3/3526 3523/3/3523 3496/3/3496
f 3552/3/3552 3090/3/3090 3109/3/3109 3569/3/3569
f 3569/3/3569 3109/3/3109 3112/3/3112 3570/3/3570
f 3570/3/3570 3112/3/3112 3100/3/3100 3558/3/3558
f 3558/3/3558 3100/3/3100 3099/3/3099 3555/3/3555
f 3555/3/3555 3099/3/3099 3089/3/3089 3550/3/3550
f 3579/3/3579 3490/3/3490 3492/3/3492 3596/3/3596
f 3596/3/3596 3492/3/3492 3493/3/3493 3597/3/3597
f 3597/3/3597 3493/3/3493 3494/3/3494 3585/3/3585
f 3585/3/3585 3494/3/3494 3495/3/3495 3582/3/3582
f 3582/3/3582 3495/3/3495 3491/3/3491 3577/3/3577
f 3464/3/3464 3198/3/3198 3217/3/3217 3474/3/3474
f 3474/3/3474 3217/3/3217 3220/3/3220 3475/3/3475
f 3475/3/3475 3220/3/3220 3208/3/3208 3487/3/3487
f 3487/3/3487 3208/3/3208 3207/3/3207 3484/3/3484
f 3484/3/3484 3207/3/3207 3197/3/3197 3465/3/3465
f 3251/3/3251 3144/3/3144 3163/3/3163 3262/3/3262
f 3262/3/3262 3163/3/3163 3166/3/3166 3263/3/3263
f 3263/3/3263 3166/3/3166 3154/3/3154 3275/3/3275
f 3275/3/3275 3154/3/3154 3153/3/3153 3272/3/3272
f 3272/3/3272 3153/3/3153 3143/3/3143 3252/3/3252
f 3497/3/3497 3411/3/3411 3430/3/3430 3507/3/3507
f 3507/3/3507 3430/3/3430 3433/3/3433 3508/3/3508
f 3508/3/3508 3433/3/3433 3421/3/3421 3520/3/3520
f 3520/3/3520 3421/3/3421 3420/3/3420 3517/3/3517
f 3517/3/3517 3420/3/3420 3410/3/3410 3498/3/3498
f 3551/3/3551 3384/3/3384 3403/3/3403 3561/3/3561
f 3561/3/3561 3403/3/3403 3406/3/3406 3562/3/3562
f 3562/3/3562 3406/3/3406 3394/3/3394 3574/3/3574
f 3574/3/3574 3394/3/3394 3393/3/3393 3571/3/3571
f 3571/3/3571 3393/3/3393 3383/3/3383 3552/3/3552
f 3578/3/3578 3351/3/3351 3370/3/3370 3588/3/3588
f 3588/3/3588 3370/3/3370 3373/3/3373 3589/3/3589
f 3589/3/3589 3373/3/3373 3361/3/3361 3601/3/3601
f 3601/3/3601 3361/3/3361 3360/3/3360 3598/3/3598
f 3598/3/3598 3360/3/3360 3350/3/3350 3579/3/3579
f 3437/3/3437 3525/3/3525 3544/3/3544 3447/3/3447
f 3447/3/3447 3544/3/3544 3547/3/3547 3448/3/3448
f 3448/3/3448 3547/3/3547 3535/3/3535 3460/3/3460
f 3460/3/3460 3535/3/3535 3534/3/3534 3457/3/3457
f 3457/3/3457 3534/3/3534 3524/3/3524 3438/3/3438
f 2626/3/2626 3382/3/3382 3387/3/3387 2629/3/2629
f 2629/3/2629 3387/3/3387 3390/3/3390 2630/3/2630
f 2630/3/2630 3390/3/3390 3402/3/3402 2642/3/2642
f 2642/3/2642 3402/3/3402 3401/3/3401 2639/3/2639
f 2639/3/2639 3401/3/3401 3384/3/3384 2627/3/2627
f 3550/3/3550 2782/3/2782 2787/3/2787 3553/3/3553
f 3553/3/3553 2787/3/2787 2790/3/2790 3554/3/3554
f 3554/3/3554 2790/3/2790 2802/3/2802 3566/3/3566
f 3566/3/3566 2802/3/2802 2801/3/2801 3563/3/3563
f 3563/3/3563 2801/3/2801 2784/3/2784 3551/3/3551
f 2659/3/2659 3349/3/3349 3354/3/3354 2662/3/2662
f 2662/3/2662 3354/3/3354 3357/3/3357 2663/3/2663
f 2663/3/2663 3357/3/3357 3369/3/3369 2675/3/2675
f 2675/3/2675 3369/3/3369 3368/3/3368 2672/3/2672
f 2672/3/2672 3368/3/3368 3351/3/3351 2660/3/2660
f 3577/3/3577 2809/3/2809 2814/3/2814 3580/3/3580
f 3580/3/3580 2814/3/2814 2817/3/2817 3581/3/3581
f 3581/3/3581 2817/3/2817 2829/3/2829 3593/3/3593
f 3593/3/3593 2829/3/2829 2828/3/2828 3590/3/3590
f 3590/3/3590 2828/3/2828 2811/3/2811 3578/3/3578
f 2757/3/2757 3497/3/3497 3509/3/3509 2774/3/2774
f 2774/3/2774 3509/3/3509 3512/3/3512 2775/3/2775
f 2775/3/2775 3512/3/3512 3500/3/3500 2763/3/2763
f 2763/3/2763 3500/3/3500 3499/3/3499 2760/3/2760
f 2760/3/2760 3499/3/3499 3496/3/3496 2755/3/2755
f 3525/3/3525 2723/3/2723 2735/3/2735 3542/3/3542
f 3542/3/3542 2735/3/2735 2738/3/2738 3543/3/3543
f 3543/3/3543 2738/3/2738 2726/3/2726 3531/3/3531
f 3531/3/3531 2726/3/2726 2725/3/2725 3528/3/3528
f 3528/3/3528 2725/3/2725 2722/3/2722 3523/3/3523
f 2953/3/2953 3169/3/3169 3174/3/3174 2956/3/2956
f 2956/3/2956 3174/3/3174 3177/3/3177 2957/3/2957
f 2957/3/2957 3177/3/3177 3189/3/3189 2969/3/2969
f 2969/3/2969 3189/3/3189 3188/3/3188 2966/3/2966
f 2966/3/2966 3188/3/3188 3171/3/3171 2954/3/2954
f 3287/3/3287 2689/3/2689 2716/3/2716 3298/3/3298
f 3298/3/3298 2716/3/2716 2719/3/2719 3299/3/3299
f 3299/3/3299 2719/3/2719 2707/3/2707 3311/3/3311
f 3311/3/3311 2707/3/2707 2706/3/2706 3308/3/3308
f 3308/3/3308 2706/3/2706 2688/3/2688 3288/3/3288
f 3436/3/3436 2572/3/2572 2577/3/2577 3439/3/3439
f 3439/3/3439 2577/3/2577 2580/3/2580 3440/3/3440
f 3440/3/3440 2580/3/2580 2592/3/2592 3452/3/3452
f 3452/3/3452 2592/3/2592 2591/3/2591 3449/3/3449
f 3449/3/3449 2591/3/2591 2574/3/2574 3437/3/3437
f 3088/3/3088 2872/3/2872 2877/3/2877 3091/3/3091
f 3091/3/3091 2877/3/2877 2880/3/2880 3092/3/3092
f 3092/3/3092 2880/3/2880 2892/3/2892 3104/3/3104
f 3104/3/3104 2892/3/2892 2891/3/2891 3101/3/3101
f 3101/3/3101 2891/3/2891 2874/3/2874 3089/3/3089
f 3007/3/3007 3223/3/3223 3228/3/3228 3010/3/3010
f 3010/3/3010 3228/3/3228 3231/3/3231 3011/3/3011
f 3011/3/3011 3231/3/3231 3243/3/3243 3023/3/3023
f 3023/3/3023 3243/3/3243 3242/3/3242 3020/3/3020
f 3020/3/3020 3242/3/3242 3225/3/3225 3008/3/3008
f 3324/3/3324 3035/3/3035 3047/3/3047 3341/3/3341
f 3341/3/3341 3047/3/3047 3050/3/3050 3342/3/3342
f 3342/3/3342 3050/3/3050 3038/3/3038 3330/3/3330
f 3330/3/3330 3038/3/3038 3037/3/3037 3327/3/3327
f 3327/3/3327 3037/3/3037 3034/3/3034 3322/3/3322
f 3061/3/3061 3463/3/3463 3468/3/3468 3064/3/3064
f 3064/3/3064 3468/3/3468 3471/3/3471 3065/3/3065
f 3065/3/3065 3471/3/3471 3483/3/3483 3077/3/3077
f 3077/3/3077 3483/3/3483 3482/3/3482 3074/3/3074
f 3074/3/3074 3482/3/3482 3465/3/3465 3062/3/3062
f 3196/3/3196 2980/3/2980 2985/3/2985 3199/3/3199
f 3199/3/3199 2985/3/2985 2988/3/2988 3200/3/3200
f 3200/3/3200 2988/3/2988 3000/3/3000 3212/3/3212
f 3212/3/3212 3000/3/3000 2999/3/2999 3209/3/3209
f 3209/3/3209 2999/3/2999 2982/3/2982 3197/3/3197
f 2899/3/2899 3115/3/3115 3120/3/3120 2902/3/2902
f 2902/3/2902 3120/3/3120 3123/3/3123 2903/3/2903
f 2903/3/2903 3123/3/3123 3135/3/3135 2915/3/2915
f 2915/3/2915 3135/3/3135 3134/3/3134 2912/3/2912
f 2912/3/2912 3134/3/3134 3117/3/3117 2900/3/2900
f 2837/3/2837 3253/3/3253 3280/3/3280 2848/3/2848
f 2848/3/2848 3280/3/3280 3283/3/3283 2849/3/2849
f 2849/3/2849 3283/3/3283 3271/3/3271 2861/3/2861
f 2861/3/2861 3271/3/3271 3270/3/3270 2858/3/2858
f 2858/3/2858 3270/3/3270 3252/3/3252 2838/3/2838
f 3142/3/3142 2926/3/2926 2931/3/2931 3145/3/3145
f 3145/3/3145 2931/3/2931 2934/3/2934 3146/3/3146
f 3146/3/3146 2934/3/2934 2946/3/2946 3158/3/3158
f 3158/3/3158 2946/3/2946 2945/3/2945 3155/3/3155
f 3155/3/3155 2945/3/2945 2928/3/2928 3143/3/3143
f 3411/3/3411 2600/3/2600 2612/3/2612 3428/3/3428
f 3428/3/3428 2612/3/2612 2615/3/2615 3429/3/3429
f 3429/3/3429 2615/3/2615 2603/3/2603 3417/3/3417
f 3417/3/3417 2603/3/2603 2602/3/2602 3414/3/3414
f 3414/3/3414 2602/3/2602 2599/3/2599 3409/3/3409
f 3822/3/3822 3848/3/3848 3860/3/3860 3839/3/3839
f 3839/3/3839 3860/3/3860 3863/3/3863 3840/3/3840
f 3840/3/3840 3863/3/3863 3851/3/3851 3828/3/3828
f 3828/3/3828 3851/3/3851 3850/3/3850 3825/3/3825
f 3825/3/3825 3850/3/3850 3847/3/3847 3820/3/3820
f 3876/3/3876 3902/3/3902 3914/3/3914 3893/3/3893
f 3893/3/3893 3914/3/3914 3917/3/3917 3894/3/3894
f 3894/3/3894 3917/3/3917 3905/3/3905 3882/3/3882
f 3882/3/3882 3905/3/3905 3904/3/3904 3879/3/3879
f 3879/3/3879 3904/3/3904 3901/3/3901 3874/3/3874
f 3930/3/3930 3956/3/3956 3968/3/3968 3947/3/3947
f 3947/3/3947 3968/3/3968 3971/3/3971 3948/3/3948
f 3948/3/3948 3971/3/3971 3959/3/3959 3936/3/3936
f 3936/3/3936 3959/3/3959 3958/3/3958 3933/3/3933
f 3933/3/3933 3958/3/3958 3955/3/3955 3928/3/3928
f 2689/3/2689 3903/3/3903 3922/3/3922 2714/3/2714
f 2714/3/2714 3922/3/3922 3925/3/3925 2715/3/2715
f 2715/3/2715 3925/3/3925 3913/3/3913 2695/3/2695
f 2695/3/2695 3913/3/3913 3912/3/3912 2692/3/2692
f 2692/3/2692 3912/3/3912 3902/3/3902 2686/3/2686
f 3982/3/3982 3957/3/3957 3976/3/3976 3985/3/3985
f 3985/3/3985 3976/3/3976 3979/3/3979 3986/3/3986
f 3986/3/3986 3979/3/3979 3967/3/3967 3998/3/3998
f 3998/3/3998 3967/3/3967 3966/3/3966 3995/3/3995
f 3995/3/3995 3966/3/3966 3956/3/3956 3983/3/3983
f 3685/3/3685 2654/3/2654 2658/3/2658 3688/3/3688
f 3688/3/3688 2658/3/2658 2657/3/2657 3689/3/3689
f 3689/3/3689 2657/3/2657 2656/3/2656 3701/3/3701
f 3701/3/3701 2656/3/2656 2655/3/2655 3698/3/3698
f 3698/3/3698 2655/3/2655 2653/3/2653 3686/3/3686
f 3658/3/3658 3849/3/3849 3868/3/3868 3661/3/3661
f 3661/3/3661 3868/3/3868 3871/3/3871 3662/3/3662
f 3662/3/3662 3871/3/3871 3859/3/3859 3674/3/3674
f 3674/3/3674 3859/3/3859 3858/3/3858 3671/3/3671
f 3671/3/3671 3858/3/3858 3848/3/3848 3659/3/3659
f 3631/3/3631 3604/3/3604 3609/3/3609 3634/3/3634
f 3634/3/3634 3609/3/3609 3612/3/3612 3635/3/3635
f 3635/3/3635 3612/3/3612 3624/3/3624 3647/3/3647
f 3647/3/3647 3624/3/3624 3623/3/3623 3644/3/3644
f 3644/3/3644 3623/3/3623 3606/3/3606 3632/3/3632
f 3983/3/3983 4010/3/4010 4022/3/4022 3993/3/3993
f 3993/3/3993 4022/3/4022 4025/3/4025 3994/3/3994
f 3994/3/3994 4025/3/4025 4013/3/4013 4006/3/4006
f 4006/3/4006 4013/3/4013 4012/3/4012 4003/3/4003
f 4003/3/4003 4012/3/4012 4009/3/4009 3984/3/3984
f 3741/3/3741 3713/3/3713 3725/3/3725 3758/3/3758
f 3758/3/3758 3725/3/3725 3728/3/3728 3759/3/3759
f 3759/3/3759 3728/3/3728 3716/3/3716 3747/3/3747
f 3747/3/3747 3716/3/3716 3715/3/3715 3744/3/3744
f 3744/3/3744 3715/3/3715 3712/3/3712 3739/3/3739
f 3768/3/3768 3822/3/3822 3841/3/3841 3785/3/3785
f 3785/3/3785 3841/3/3841 3844/3/3844 3786/3/3786
f 3786/3/3786 3844/3/3844 3832/3/3832 3774/3/3774
f 3774/3/3774 3832/3/3832 3831/3/3831 3771/3/3771
f 3771/3/3771 3831/3/3831 3821/3/3821 3766/3/3766
f 3795/3/3795 2750/3/2750 2754/3/2754 3812/3/3812
f 3812/3/3812 2754/3/2754 2753/3/2753 3813/3/3813
f 3813/3/3813 2753/3/2753 2752/3/2752 3801/3/3801
f 3801/3/3801 2752/3/2752 2751/3/2751 3798/3/3798
f 3798/3/3798 2751/3/2751 2749/3/2749 3793/3/3793
f 4010/3/4010 3930/3/3930 3949/3/3949 4020/3/4020
f 4020/3/4020 3949/3/3949 3952/3/3952 4021/3/4021
f 4021/3/4021 3952/3/3952 3940/3/3940 4033/3/4033
f 4033/3/4033 3940/3/3940 3939/3/3939 4030/3/4030
f 4030/3/4030 3939/3/3939 3929/3/3929 4011/3/4011
f 2836/3/2836 3876/3/3876 3895/3/3895 2840/3/2840
f 2840/3/2840 3895/3/3895 3898/3/3898 2841/3/2841
f 2841/3/2841 3898/3/3898 3886/3/3886 2853/3/2853
f 2853/3/2853 3886/3/3886 3885/3/3885 2850/3/2850
f 2850/3/2850 3885/3/3885 3875/3/3875 2837/3/2837
f 3740/3/3740 3633/3/3633 3652/3/3652 3750/3/3750
f 3750/3/3750 3652/3/3652 3655/3/3655 3751/3/3751
f 3751/3/3751 3655/3/3655 3643/3/3643 3763/3/3763
f 3763/3/3763 3643/3/3643 3642/3/3642 3760/3/3760
f 3760/3/3760 3642/3/3642 3632/3/3632 3741/3/3741
f 3767/3/3767 3660/3/3660 3679/3/3679 3777/3/3777
f 3777/3/3777 3679/3/3679 3682/3/3682 3778/3/3778
f 3778/3/3778 3682/3/3682 3670/3/3670 3790/3/3790
f 3790/3/3790 3670/3/3670 3669/3/3669 3787/3/3787
f 3787/3/3787 3669/3/3669 3659/3/3659 3768/3/3768
f 3794/3/3794 3687/3/3687 3706/3/3706 3804/3/3804
f 3804/3/3804 3706/3/3706 3709/3/3709 3805/3/3805
f 3805/3/3805 3709/3/3709 3697/3/3697 3817/3/3817
f 3817/3/3817 3697/3/3697 3696/3/3696 3814/3/3814
f 3814/3/3814 3696/3/3696 3686/3/3686 3795/3/3795
f 3605/3/3605 3714/3/3714 3733/3/3733 3615/3/3615
f 3615/3/3615 3733/3/3733 3736/3/3736 3616/3/3616
f 3616/3/3616 3736/3/3736 3724/3/3724 3628/3/3628
f 3628/3/3628 3724/3/3724 3723/3/3723 3625/3/3625
f 3625/3/3625 3723/3/3723 3713/3/3713 3606/3/3606
f 4036/3/4036 4063/3/4063 4068/3/4068 4039/3/4039
f 4039/3/4039 4068/3/4068 4071/3/4071 4040/3/4040
f 4040/3/4040 4071/3/4071 4083/3/4083 4052/3/4052
f 4052/3/4052 4083/3/4083 4082/3/4082 4049/3/4049
f 4049/3/4049 4082/3/4082 4065/3/4065 4037/3/4037
f 4090/3/4090 4117/3/4117 4122/3/4122 4093/3/4093
f 4093/3/4093 4122/3/4122 4125/3/4125 4094/3/4094
f 4094/3/4094 4125/3/4125 4137/3/4137 4106/3/4106
f 4106/3/4106 4137/3/4137 4136/3/4136 4103/3/4103
f 4103/3/4103 4136/3/4136 4119/3/4119 4091/3/4091
f 4144/3/4144 4171/3/4171 4176/3/4176 4147/3/4147
f 4147/3/4147 4176/3/4176 4179/3/4179 4148/3/4148
f 4148/3/4148 4179/3/4179 4191/3/4191 4160/3/4160
f 4160/3/4160 4191/3/4191 4190/3/4190 4157/3/4157
f 4157/3/4157 4190/3/4190 4173/3/4173 4145/3/4145
f 3286/3/3286 4119/3/4119 4138/3/4138 3290/3/3290
f 3290/3/3290 4138/3/4138 4141/3/4141 3291/3/3291
f 3291/3/3291 4141/3/4141 4129/3/4129 3303/3/3303
f 3303/3/3303 4129/3/4129 4128/3/4128 3300/3/3300
f 3300/3/3300 4128/3/4128 4118/3/4118 3287/3/3287
f 4200/3/4200 4173/3/4173 4192/3/4192 4217/3/4217
f 4217/3/4217 4192/3/4192 4195/3/4195 4218/3/4218
f 4218/3/4218 4195/3/4195 4183/3/4183 4206/3/4206
f 4206/3/4206 4183/3/4183 4182/3/4182 4203/3/4203
f 4203/3/4203 4182/3/4182 4172/3/4172 4198/3/4198
f 4227/3/4227 3377/3/3377 3381/3/3381 4244/3/4244
f 4244/3/4244 3381/3/3381 3380/3/3380 4245/3/4245
f 4245/3/4245 3380/3/3380 3379/3/3379 4233/3/4233
f 4233/3/4233 3379/3/3379 3378/3/3378 4230/3/4230
f 4230/3/4230 3378/3/3378 3376/3/3376 4225/3/4225
f 4254/3/4254 4065/3/4065 4084/3/4084 4271/3/4271
f 4271/3/4271 4084/3/4084 4087/3/4087 4272/3/4272
f 4272/3/4272 4087/3/4087 4075/3/4075 4260/3/4260
f 4260/3/4260 4075/3/4075 4074/3/4074 4257/3/4257
f 4257/3/4257 4074/3/4074 4064/3/4064 4252/3/4252
f 4281/3/4281 4307/3/4307 4319/3/4319 4298/3/4298
f 4298/3/4298 4319/3/4319 4322/3/4322 4299/3/4299
f 4299/3/4299 4322/3/4322 4310/3/4310 4287/3/4287
f 4287/3/4287 4310/3/4310 4309/3/4309 4284/3/4284
f 4284/3/4284 4309/3/4309 4306/3/4306 4279/3/4279
f 4199/3/4199 4333/3/4333 4338/3/4338 4209/3/4209
f 4209/3/4209 4338/3/4338 4341/3/4341 4210/3/4210
f 4210/3/4210 4341/3/4341 4353/3/4353 4222/3/4222
f 4222/3/4222 4353/3/4353 4352/3/4352 4219/3/4219
f 4219/3/4219 4352/3/4352 4335/3/4335 4200/3/4200
f 4360/3/4360 4387/3/4387 4392/3/4392 4363/3/4363
f 4363/3/4363 4392/3/4392 4395/3/4395 4364/3/4364
f 4364/3/4364 4395/3/4395 4407/3/4407 4376/3/4376
f 4376/3/4376 4407/3/4407 4406/3/4406 4373/3/4373
f 4373/3/4373 4406/3/4406 4389/3/4389 4361/3/4361
f 4414/3/4414 4038/3/4038 4057/3/4057 4417/3/4417
f 4417/3/4417 4057/3/4057 4060/3/4060 4418/3/4418
f 4418/3/4418 4060/3/4060 4048/3/4048 4430/3/4430
f 4430/3/4430 4048/3/4048 4047/3/4047 4427/3/4427
f 4427/3/4427 4047/3/4047 4037/3/4037 4415/3/4415
f 4441/3/4441 3491/3/3491 3495/3/3495 4444/3/4444
f 4444/3/4444 3495/3/3495 3494/3/3494 4445/3/4445
f 4445/3/4445 3494/3/3494 3493/3/3493 4457/3/4457
f 4457/3/4457 3493/3/3493 3492/3/3492 4454/3/4454
f 4454/3/4454 3492/3/3492 3490/3/3490 4442/3/4442
f 4334/3/4334 4146/3/4146 4165/3/4165 4344/3/4344
f 4344/3/4344 4165/3/4165 4168/3/4168 4345/3/4345
f 4345/3/4345 4168/3/4168 4156/3/4156 4357/3/4357
f 4357/3/4357 4156/3/4156 4155/3/4155 4354/3/4354
f 4354/3/4354 4155/3/4155 4145/3/4145 4335/3/4335
f 3253/3/3253 4092/3/4092 4111/3/4111 3278/3/3278
f 3278/3/3278 4111/3/4111 4114/3/4114 3279/3/3279
f 3279/3/3279 4114/3/4114 4102/3/4102 3259/3/3259
f 3259/3/3259 4102/3/4102 4101/3/4101 3256/3/3256
f 3256/3/3256 4101/3/4101 4091/3/4091 3250/3/3250
f 4361/3/4361 4281/3/4281 4300/3/4300 4371/3/4371
f 4371/3/4371 4300/3/4300 4303/3/4303 4372/3/4372
f 4372/3/4372 4303/3/4303 4291/3/4291 4384/3/4384
f 4384/3/4384 4291/3/4291 4290/3/4290 4381/3/4381
f 4381/3/4381 4290/3/4290 4280/3/4280 4362/3/4362
f 4415/3/4415 4254/3/4254 4273/3/4273 4425/3/4425
f 4425/3/4425 4273/3/4273 4276/3/4276 4426/3/4426
f 4426/3/4426 4276/3/4276 4264/3/4264 4438/3/4438
f 4438/3/4438 4264/3/4264 4263/3/4263 4435/3/4435
f 4435/3/4435 4263/3/4263 4253/3/4253 4416/3/4416
f 4442/3/4442 4227/3/4227 4246/3/4246 4452/3/4452
f 4452/3/4452 4246/3/4246 4249/3/4249 4453/3/4453
f 4453/3/4453 4249/3/4249 4237/3/4237 4465/3/4465
f 4465/3/4465 4237/3/4237 4236/3/4236 4462/3/4462
f 4462/3/4462 4236/3/4236 4226/3/4226 4443/3/4443
f 4307/3/4307 4389/3/4389 4408/3/4408 4317/3/4317
f 4317/3/4317 4408/3/4408 4411/3/4411 4318/3/4318
f 4318/3/4318 4411/3/4411 4399/3/4399 4330/3/4330
f 4330/3/4330 4399/3/4399 4398/3/4398 4327/3/4327
f 4327/3/4327 4398/3/4398 4388/3/4388 4308/3/4308
f 3660/3/3660 4253/3/4253 4265/3/4265 3677/3/3677
f 3677/3/3677 4265/3/4265 4268/3/4268 3678/3/3678
f 3678/3/3678 4268/3/4268 4256/3/4256 3666/3/3666
f 3666/3/3666 4256/3/4256 4255/3/4255 3663/3/3663
f 3663/3/3663 4255/3/4255 4252/3/4252 3658/3/3658
f 4416/3/4416 3767/3/3767 3779/3/3779 4433/3/4433
f 4433/3/4433 3779/3/3779 3782/3/3782 4434/3/4434
f 4434/3/4434 3782/3/3782 3770/3/3770 4422/3/4422
f 4422/3/4422 3770/3/3770 3769/3/3769 4419/3/4419
f 4419/3/4419 3769/3/3769 3766/3/3766 4414/3/4414
f 3687/3/3687 4226/3/4226 4238/3/4238 3704/3/3704
f 3704/3/3704 4238/3/4238 4241/3/4241 3705/3/3705
f 3705/3/3705 4241/3/4241 4229/3/4229 3693/3/3693
f 3693/3/3693 4229/3/4229 4228/3/4228 3690/3/3690
f 3690/3/3690 4228/3/4228 4225/3/4225 3685/3/3685
f 4443/3/4443 3794/3/3794 3806/3/3806 4460/3/4460
f 4460/3/4460 3806/3/3806 3809/3/3809 4461/3/4461
f 4461/3/4461 3809/3/3809 3797/3/3797 4449/3/4449
f 4449/3/4449 3797/3/3797 3796/3/3796 4446/3/4446
f 4446/3/4446 3796/3/3796 3793/3/3793 4441/3/4441
f 3739/3/3739 4360/3/4360 4365/3/4365 3742/3/3742
f 3742/3/3742 4365/3/4365 4368/3/4368 3743/3/3743
f 3743/3/3743 4368/3/4368 4380/3/4380 3755/3/3755
f 3755/3/3755 4380/3/4380 4379/3/4379 3752/3/3752
f 3752/3/3752 4379/3/4379 4362/3/4362 3740/3/3740
f 4387/3/4387 3712/3/3712 3717/3/3717 4390/3/4390
f 4390/3/4390 3717/3/3717 3720/3/3720 4391/3/4391
f 4391/3/4391 3720/3/3720 3732/3/3732 4403/3/4403
f 4403/3/4403 3732/3/3732 3731/3/3731 4400/3/4400
f 4400/3/4400 3731/3/3731 3714/3/3714 4388/3/4388
f 3903/3/3903 4118/3/4118 4130/3/4130 3920/3/3920
f 3920/3/3920 4130/3/4130 4133/3/4133 3921/3/3921
f 3921/3/3921 4133/3/4133 4121/3/4121 3909/3/3909
f 3909/3/3909 4121/3/4121 4120/3/4120 3906/3/3906
f 3906/3/3906 4120/3/4120 4117/3/4117 3901/3/3901
f 4308/3/4308 3605/3/3605 3617/3/3617 4325/3/4325
f 4325/3/4325 3617/3/3617 3620/3/3620 4326/3/4326
f 4326/3/4326 3620/3/3620 3608/3/3608 4314/3/4314
f 4314/3/4314 3608/3/3608 3607/3/3607 4311/3/4311
f 4311/3/4311 3607/3/3607 3604/3/3604 4306/3/4306
f 4038/3/4038 3821/3/3821 3833/3/3833 4055/3/4055
f 4055/3/4055 3833/3/3833 3836/3/3836 4056/3/4056
f 4056/3/4056 3836/3/3836 3824/3/3824 4044/3/4044
f 4044/3/4044 3824/3/3824 3823/3/3823 4041/3/4041
f 4041/3/4041 3823/3/3823 3820/3/3820 4036/3/4036
f 3957/3/3957 4172/3/4172 4184/3/4184 3974/3/3974
f 3974/3/3974 4184/3/4184 4187/3/4187 3975/3/3975
f 3975/3/3975 4187/3/4187 4175/3/4175 3963/3/3963
f 3963/3/3963 4175/3/4175 4174/3/4174 3960/3/3960
f 3960/3/3960 4174/3/4174 4171/3/4171 3955/3/3955
f 4198/3/4198 3982/3/3982 3987/3/3987 4201/3/4201
f 4201/3/4201 3987/3/3987 3990/3/3990 4202/3/4202
f 4202/3/4202 3990/3/3990 4002/3/4002 4214/3/4214
f 4214/3/4214 4002/3/4002 4001/3/4001 4211/3/4211
f 4211/3/4211 4001/3/4001 3984/3/3984 4199/3/4199
f 4011/3/4011 4334/3/4334 4346/3/4346 4028/3/4028
f 4028/3/4028 4346/3/4346 4349/3/4349 4029/3/4029
f 4029/3/4029 4349/3/4349 4337/3/4337 4017/3/4017
f 4017/3/4017 4337/3/4337 4336/3/4336 4014/3/4014
f 4014/3/4014 4336/3/4336 4333/3/4333 4009/3/4009
f 4146/3/4146 3929/3/3929 3941/3/3941 4163/3/4163
f 4163/3/4163 3941/3/3941 3944/3/3944 4164/3/4164
f 4164/3/4164 3944/3/3944 3932/3/3932 4152/3/4152
f 4152/3/4152 3932/3/3932 3931/3/3931 4149/3/4149
f 4149/3/4149 3931/3/3931 3928/3/3928 4144/3/4144
f 3849/3/3849 4064/3/4064 4076/3/4076 3866/3/3866
f 3866/3/3866 4076/3/4076 4079/3/4079 3867/3/3867
f 3867/3/3867 4079/3/4079 4067/3/4067 3855/3/3855
f 3855/3/3855 4067/3/4067 4066/3/4066 3852/3/3852
f 3852/3/3852 4066/3/4066 4063/3/4063 3847/3/3847
f 4092/3/4092 3875/3/3875 3887/3/3887 4109/3/4109
f 4109/3/4109 3887/3/3887 3890/3/3890 4110/3/4110
f 4110/3/4110 3890/3/3890 3878/3/3878 4098/3/4098
f 4098/3/4098 3878/3/3878 3877/3/3877 4095/3/4095
f 4095/3/4095 3877/3/3877 3874/3/3874 4090/3/4090
f 4279/3/4279 3631/3/3631 3636/3/3636 4282/3/4282
f 4282/3/4282 3636/3/3636 3639/3/3639 4283/3/4283
f 4283/3/4283 3639/3/3639 3651/3/3651 4295/3/4295
f 4295/3/4295 3651/3/3651 3650/3/3650 4292/3/4292
f 4292/3/4292 3650/3/3650 3633/3/3633 4280/3/4280
f 2599/3/2599 2572/3/2572 3436/3/3436 3409/3/3409
f 2724/3/2724 2573/3/2573 2601/3/2601 2756/3/2756
f 2574/3/2574 2723/3/2723 3525/3/3525 3437/3/3437
f 2757/3/2757 2600/3/2600 3411/3/3411 3497/3/3497
f 2626/3/2626 2900/3/2900 3117/3/3117 3382/3/3382
f 2873/3/2873 2901/3/2901 2628/3/2628 2783/3/2783
f 2784/3/2784 2627/3/2627 3384/3/3384 3551/3/3551
f 2659/3/2659 2654/3/2654 3376/3/3376 3349/3/3349
f 3685/3/3685 4225/3/4225 3376/3/3376 2654/3/2654
f 2750/3/2750 2653/3/2653 2661/3/2661 2810/3/2810
f 2750/3/2750 3795/3/3795 3686/3/3686 2653/3/2653
f 2811/3/2811 2660/3/2660 3351/3/3351 3578/3/3578
f 3876/3/3876 2836/3/2836 2686/3/2686 3902/3/3902
f 2927/3/2927 2955/3/2955 2687/3/2687 2839/3/2839
f 2688/3/2688 2954/3/2954 3171/3/3171 3288/3/3288
f 2689/3/2689 3287/3/3287 4118/3/4118 3903/3/3903
f 2722/3/2722 2755/3/2755 3496/3/3496 3523/3/3523
f 2749/3/2749 2809/3/2809 3577/3/3577 3491/3/3491
f 2749/3/2749 3491/3/3491 4441/3/4441 3793/3/3793
f 2874/3/2874 2782/3/2782 3550/3/3550 3089/3/3089
f 2928/3/2928 2838/3/2838 3252/3/3252 3143/3/3143
f 3875/3/3875 4092/3/4092 3253/3/3253 2837/3/2837
f 2899/3/2899 2872/3/2872 3088/3/3088 3115/3/3115
f 2953/3/2953 2926/3/2926 3142/3/3142 3169/3/3169
f 3007/3/3007 2980/3/2980 3196/3/3196 3223/3/3223
f 2981/3/2981 3009/3/3009 3036/3/3036 3063/3/3063
f 2982/3/2982 3062/3/3062 3465/3/3465 3197/3/3197
f 3034/3/3034 3008/3/3008 3225/3/3225 3322/3/3322
f 3061/3/3061 3035/3/3035 3324/3/3324 3463/3/3463
f 3090/3/3090 3552/3/3552 3383/3/3383 3116/3/3116
f 3144/3/3144 3251/3/3251 3289/3/3289 3170/3/3170
f 3198/3/3198 3464/3/3464 3323/3/3323 3224/3/3224
f 4091/3/4091 4119/3/4119 3286/3/3286 3250/3/3250
f 3490/3/3490 3579/3/3579 3350/3/3350 3377/3/3377
f 3490/3/3490 3377/3/3377 4227/3/4227 4442/3/4442
f 3524/3/3524 3498/3/3498 3410/3/3410 3438/3/3438
f 3631/3/3631 4279/3/4279 4306/3/4306 3604/3/3604
f 3713/3/3713 3741/3/3741 3632/3/3632 3606/3/3606
f 3605/3/3605 4308/3/4308 4388/3/4388 3714/3/3714
f 3740/3/3740 4362/3/4362 4280/3/4280 3633/3/3633
f 3658/3/3658 4252/3/4252 4064/3/4064 3849/3/3849
f 3822/3/3822 3768/3/3768 3659/3/3659 3848/3/3848
f 3767/3/3767 4416/3/4416 4253/3/4253 3660/3/3660
f 3794/3/3794 4443/3/4443 4226/3/4226 3687/3/3687
f 3712/3/3712 4387/3/4387 4360/3/4360 3739/3/3739
f 3821/3/3821 4038/3/4038 4414/3/4414 3766/3/3766
f 3847/3/3847 4063/3/4063 4036/3/4036 3820/3/3820
f 3901/3/3901 4117/3/4117 4090/3/4090 3874/3/3874
f 3955/3/3955 4171/3/4171 4144/3/4144 3928/3/3928
f 3930/3/3930 4010/3/4010 3983/3/3983 3956/3/3956
f 3929/3/3929 4146/3/4146 4334/3/4334 4011/3/4011
f 3982/3/3982 4198/3/4198 4172/3/4172 3957/3/3957
f 4009/3/4009 4333/3/4333 4199/3/4199 3984/3/3984
f 4037/3/4037 4065/3/4065 4254/3/4254 4415/3/4415
f 4145/3/4145 4173/3/4173 4200/3/4200 4335/3/4335
f 4389/3/4389 4307/3/4307 4281/3/4281 4361/3/4361
o Vert
v 0.133257 -0.009141 1.328397
v 0.103975 -0.009141 1.299114
v 0.063975 -0.009141 1.288396
v 0.023975 -0.009141 1.299114
v -0.005307 -0.009141 1.328396
v -0.016025 -0.009141 1.368396
v -0.005307 -0.009141 1.408396
v 0.023975 -0.009141 1.437678
v 0.063975 -0.009141 1.448397
v 0.103975 -0.009141 1.437679
v 0.133257 -0.009141 1.408397
v 0.143975 -0.009141 1.368397
v 0.133257 0.200201 1.328397
v 0.103975 0.200201 1.299114
v 0.063975 0.200201 1.288396
v 0.023975 0.200201 1.299114
v -0.005307 0.200201 1.328396
v -0.016025 0.200201 1.368396
v -0.005307 0.200201 1.408396
v 0.023975 0.200201 1.437678
v 0.063975 0.200201 1.448397
v 0.103975 0.200201 1.437679
v 0.133257 0.200201 1.408397
v 0.143975 0.200201 1.368397
v 0.105267 2.044327 1.351539
v 0.087815 2.031987 1.339199
v 0.063975 2.027470 1.334682
v 0.040136 2.031987 1.339199
v 0.022684 2.044327 1.351539
v 0.016296 2.061185 1.368397
v 0.022684 2.078042 1.385254
v 0.040136 2.090382 1.397594
v 0.063975 2.094899 1.402111
v 0.087815 2.090382 1.397594
v 0.105267 2.078042 1.385254
v 0.111654 2.061185 1.368397
v 0.090166 2.046063 -0.640899
v 0.079097 2.034994 -0.640899
v 0.063976 2.030942 -0.640899
v 0.048854 2.034994 -0.640899
v 0.037785 2.046063 -0.640899
v 0.033733 2.061185 -0.640899
v 0.037785 2.076306 -0.640899
v 0.048854 2.087375 -0.640899
v 0.063976 2.091427 -0.640899
v 0.079097 2.087375 -0.640899
v 0.090166 2.076306 -0.640899
v 0.094218 2.061185 -0.640899
v 0.105267 2.061185 1.344557
v 0.087815 2.061185 1.327105
v 0.063975 2.061185 1.320717
v 0.040136 2.061185 1.327105
v 0.022684 2.061185 1.344557
v 0.016296 2.061185 1.368397
v 0.022684 2.061185 1.392236
v 0.040136 2.061185 1.409688
v 0.063975 2.061185 1.416076
v 0.087815 2.061185 1.409688
v 0.105267 2.061185 1.392236
v 0.111654 2.061185 1.368397
v 0.091887 4.910604 1.352282
v 0.080090 4.910604 1.340485
v 0.063975 4.910604 1.336167
v 0.047860 4.910604 1.340485
v 0.036064 4.910604 1.352282
v 0.031746 4.910604 1.368397
v 0.036063 4.910604 1.384511
v 0.047860 4.910604 1.396308
v 0.063975 4.910604 1.400626
v 0.080090 4.910604 1.396308
v 0.091887 4.910604 1.384511
v 0.096205 4.910604 1.368397
vn 0.8660 -0.0000 -0.5000
vn 0.5000 -0.0000 -0.8660
vn -0.0000 -0.0000 -1.0000
vn -0.5000 -0.0000 -0.8660
vn -0.8660 -0.0000 -0.5000
vn -1.0000 -0.0000 -0.0000
vn -0.8660 -0.0000 0.5000
vn -0.5000 -0.0000 0.8660
vn -0.0000 -0.0000 1.0000
vn 0.5000 -0.0000 0.8660
vn 0.8660 -0.0000 0.5000
vn 1.0000 -0.0000 -0.0000
vn 0.8535 0.0099 -0.5211
vn 0.4799 0.0116 -0.8772
vn -0.0000 0.0123 -0.9999
vn -0.4799 0.0116 -0.8772
vn -0.8535 0.0099 -0.5211
vn -1.0000 0.0090 -0.0024
vn -0.8558 0.0097 0.5172
vn -0.4824 0.0112 0.8759
vn -0.0000 0.0119 0.9999
vn 0.4824 0.0112 0.8759
vn 0.8558 0.0097 0.5172
vn 1.0000 0.0090 -0.0024
vn 0.9410 -0.2360 -0.2424
vn 0.6295 -0.5449 -0.5539
vn -0.0000 -0.6979 -0.7162
vn -0.6295 -0.5449 -0.5539
vn -0.9410 -0.2360 -0.2424
vn -0.9940 0.0882 0.0652
vn -0.8532 0.3836 0.3535
vn -0.5151 0.6179 0.5940
vn -0.0000 0.7165 0.6976
vn 0.5151 0.6179 0.5940
vn 0.8532 0.3836 0.3535
vn 0.9940 0.0882 0.0652
vn 0.8268 -0.5624 -0.0066
vn 0.4371 -0.8994 -0.0035
vn -0.0000 -1.0000 -0.0021
vn -0.4371 -0.8994 -0.0035
vn -0.8268 -0.5624 -0.0066
vn -1.0000 0.0039 -0.0082
vn -0.8237 0.5669 -0.0065
vn -0.4355 0.9002 -0.0034
vn -0.0000 1.0000 -0.0021
vn 0.4355 0.9002 -0.0034
vn 0.8237 0.5669 -0.0065
vn 1.0000 0.0039 -0.0082
vn 0.8660 0.0054 -0.5000
vn 0.5000 0.0054 -0.8660
vn -0.0000 0.0054 -1.0000
vn -0.5000 0.0054 -0.8660
vn -0.8660 0.0054 -0.5000
vn -1.0000 0.0054 -0.0000
vn -0.8660 0.0054 0.5000
vn -0.5000 0.0054 0.8660
vn -0.0000 0.0054 1.0000
vn 0.5000 0.0054 0.8660
vn 0.8660 0.0054 0.5000
vn 1.0000 0.0054 -0.0000
vt 0.000000 1.000000
vt 0.333333 1.000000
vt 0.333333 0.916667
vt 0.000000 0.916667
vt 0.000000 0.083333
vt 0.333333 0.083333
vt 0.333333 0.000000
vt 0.000000 0.000000
vt 0.000000 0.166667
vt 0.333333 0.166667
vt 0.000000 0.250000
vt 0.333333 0.250000
vt 0.000000 0.333333
vt 0.333333 0.333333
vt 0.000000 0.416667
vt 0.333333 0.416667
vt 0.000000 0.500000
vt 0.333333 0.500000
vt 0.000000 0.583333
vt 0.333333 0.583333
vt 0.000000 0.666667
vt 0.333333 0.666667
vt 0.000000 0.750000
vt 0.333333 0.750000
vt 0.000000 0.833333
vt 0.333333 0.833333
vt 0.666667 1.000000
vt 0.666667 0.916667
vt 0.666667 0.083333
vt 0.666667 0.000000
vt 0.666667 0.166667
vt 0.666667 0.250000
vt 0.666667 0.333333
vt 0.666667 0.416667
vt 0.666667 0.500000
vt 0.666667 0.583333
vt 0.666667 0.666667
vt 0.666667 0.750000
vt 0.666667 0.833333
vt 1.000000 1.000000
vt 1.000000 0.916667
vt 1.000000 0.083333
vt 1.000000 0.000000
vt 1.000000 0.166667
vt 1.000000 0.250000
vt 1.000000 0.333333
vt 1.000000 0.416667
vt 1.000000 0.500000
vt 1.000000 0.583333
vt 1.000000 0.666667
vt 1.000000 0.750000
vt 1.000000 0.833333
s 1
f 4468/4/4468 4480/5/4480 4491/6/4491 4479/7/4479
f 4469/8/4469 4481/9/4481 4480/10/4480 4468/11/4468
f 4470/12/4470 4482/13/4482 4481/9/4481 4469/8/4469
f 4471/14/4471 4483/15/4483 4482/13/4482 4470/12/4470
f 4472/16/4472 4484/17/4484 4483/15/4483 4471/14/4471
f 4473/18/4473 4485/19/4485 4484/17/4484 4472/16/4472
f 4474/20/4474 4486/21/4486 4485/19/4485 4473/18/4473
f 4475/22/4475 4487/23/4487 4486/21/4486 4474/20/4474
f 4476/24/4476 4488/25/4488 4487/23/4487 4475/22/4475
f 4477/26/4477 4489/27/4489 4488/25/4488 4476/24/4476
f 4478/28/4478 4490/29/4490 4489/27/4489 4477/26/4477
f 4479/7/4479 4491/6/4491 4490/29/4490 4478/28/4478
f 4480/5/4480 4492/30/4492 4503/31/4503 4491/6/4491
f 4481/9/4481 4493/32/4493 4492/33/4492 4480/10/4480
f 4482/13/4482 4494/34/4494 4493/32/4493 4481/9/4481
f 4483/15/4483 4495/35/4495 4494/34/4494 4482/13/4482
f 4484/17/4484 4496/36/4496 4495/35/4495 4483/15/4483
f 4485/19/4485 4497/37/4497 4496/36/4496 4484/17/4484
f 4486/21/4486 4498/38/4498 4497/37/4497 4485/19/4485
f 4487/23/4487 4499/39/4499 4498/38/4498 4486/21/4486
f 4488/25/4488 4500/40/4500 4499/39/4499 4487/23/4487
f 4489/27/4489 4501/41/4501 4500/40/4500 4488/25/4488
f 4490/29/4490 4502/42/4502 4501/41/4501 4489/27/4489
f 4491/6/4491 4503/31/4503 4502/42/4502 4490/29/4490
f 4492/30/4492 4504/43/4504 4515/44/4515 4503/31/4503
f 4493/32/4493 4505/45/4505 4504/46/4504 4492/33/4492
f 4494/34/4494 4506/47/4506 4505/45/4505 4493/32/4493
f 4495/35/4495 4507/48/4507 4506/47/4506 4494/34/4494
f 4496/36/4496 4508/49/4508 4507/48/4507 4495/35/4495
f 4497/37/4497 4509/50/4509 4508/49/4508 4496/36/4496
f 4498/38/4498 4510/51/4510 4509/50/4509 4497/37/4497
f 4499/39/4499 4511/52/4511 4510/51/4510 4498/38/4498
f 4500/40/4500 4512/53/4512 4511/52/4511 4499/39/4499
f 4501/41/4501 4513/54/4513 4512/53/4512 4500/40/4500
f 4502/42/4502 4514/55/4514 4513/54/4513 4501/41/4501
f 4503/31/4503 4515/44/4515 4514/55/4514 4502/42/4502
f 4516/4/4516 4528/43/4516 4539/44/4527 4527/7/4527
f 4517/8/4517 4529/45/4517 4528/46/4516 4516/11/4516
f 4518/12/4518 4530/47/4518 4529/45/4517 4517/8/4517
f 4519/14/4519 4531/48/4519 4530/47/4518 4518/12/4518
f 4520/16/4520 4532/49/4520 4531/48/4519 4519/14/4519
f 4521/18/4521 4533/50/4521 4532/49/4520 4520/16/4520
f 4522/20/4522 4534/51/4522 4533/50/4521 4521/18/4521
f 4523/22/4523 4535/52/4523 4534/51/4522 4522/20/4522
f 4524/24/4524 4536/53/4524 4535/52/4523 4523/22/4523
f 4525/26/4525 4537/54/4525 4536/53/4524 4524/24/4524
f 4526/28/4526 4538/55/4526 4537/54/4525 4525/26/4525
f 4527/7/4527 4539/44/4527 4538/55/4526 4526/28/4526
o Vert
v 0.133257 -0.009141 1.328397
v 0.103975 -0.009141 1.299114
v 0.063975 -0.009141 1.288396
v 0.023975 -0.009141 1.299114
v -0.005307 -0.009141 1.328396
v -0.016025 -0.009141 1.368396
v -0.005307 -0.009141 1.408396
v 0.023975 -0.009141 1.437678
v 0.063975 -0.009141 1.448397
v 0.103975 -0.009141 1.437679
v 0.133257 -0.009141 1.408397
v 0.143975 -0.009141 1.368397
v 0.133257 0.200201 1.328397
v 0.103975 0.200201 1.299114
v 0.063975 0.200201 1.288396
v 0.023975 0.200201 1.299114
v -0.005307 0.200201 1.328396
v -0.016025 0.200201 1.368396
v -0.005307 0.200201 1.408396
v 0.023975 0.200201 1.437678
v 0.063975 0.200201 1.448397
v 0.103975 0.200201 1.437679
v 0.133257 0.200201 1.408397
v 0.143975 0.200201 1.368397
v 0.105267 2.044327 1.351539
v 0.087815 2.031987 1.339199
v 0.063975 2.027470 1.334682
v 0.040136 2.031987 1.339199
v 0.022684 2.044327 1.351539
v 0.016296 2.061185 1.368397
v 0.022684 2.078042 1.385254
v 0.040136 2.090382 1.397594
v 0.063975 2.094899 1.402111
v 0.087815 2.090382 1.397594
v 0.105267 2.078042 1.385254
v 0.111654 2.061185 1.368397
v 0.090166 2.046063 -0.640899
v 0.079097 2.034994 -0.640899
v 0.063976 2.030942 -0.640899
v 0.048854 2.034994 -0.640899
v 0.037785 2.046063 -0.640899
v 0.033733 2.061185 -0.640899
v 0.037785 2.076306 -0.640899
v 0.048854 2.087375 -0.640899
v 0.063976 2.091427 -0.640899
v 0.079097 2.087375 -0.640899
v 0.090166 2.076306 -0.640899
v 0.094218 2.061185 -0.640899
v 0.105267 2.061185 1.344557
v 0.087815 2.061185 1.327105
v 0.063975 2.061185 1.320717
v 0.040136 2.061185 1.327105
v 0.022684 2.061185 1.344557
v 0.016296 2.061185 1.368397
v 0.022684 2.061185 1.392236
v 0.040136 2.061185 1.409688
v 0.063975 2.061185 1.416076
v 0.087815 2.061185 1.409688
v 0.105267 2.061185 1.392236
v 0.111654 2.061185 1.368397
v 0.091887 4.910604 1.352282
v 0.080090 4.910604 1.340485
v 0.063975 4.910604 1.336167
v 0.047860 4.910604 1.340485
v 0.036064 4.910604 1.352282
v 0.031746 4.910604 1.368397
v 0.036063 4.910604 1.384511
v 0.047860 4.910604 1.396308
v 0.063975 4.910604 1.400626
v 0.080090 4.910604 1.396308
v 0.091887 4.910604 1.384511
v 0.096205 4.910604 1.368397
vn 0.8660 -0.0000 -0.5000
vn 0.5000 -0.0000 -0.8660
vn -0.0000 -0.0000 -1.0000
vn -0.5000 -0.0000 -0.8660
vn -0.8660 -0.0000 -0.5000
vn -1.0000 -0.0000 -0.0000
vn -0.8660 -0.0000 0.5000
vn -0.5000 -0.0000 0.8660
vn -0.0000 -0.0000 1.0000
vn 0.5000 -0.0000 0.8660
vn 0.8660 -0.0000 0.5000
vn 1.0000 -0.0000 -0.0000
vn 0.8535 0.0099 -0.5211
vn 0.4799 0.0116 -0.8772
vn -0.0000 0.0123 -0.9999
vn -0.4799 0.0116 -0.8772
vn -0.8535 0.0099 -0.5211
vn -1.0000 0.0090 -0.0024
vn -0.8558 0.0097 0.5172
vn -0.4824 0.0112 0.8759
vn -0.0000 0.0119 0.9999
vn 0.4824 0.0112 0.8759
vn 0.8558 0.0097 0.5172
vn 1.0000 0.0090 -0.0024
vn 0.9410 -0.2360 -0.2424
vn 0.6295 -0.5449 -0.5539
vn -0.0000 -0.6979 -0.7162
vn -0.6295 -0.5449 -0.5539
vn -0.9410 -0.2360 -0.2424
vn -0.9940 0.0882 0.0652
vn -0.8532 0.3836 0.3535
vn -0.5151 0.6179 0.5940
vn -0.0000 0.7165 0.6976
vn 0.5151 0.6179 0.5940
vn 0.8532 0.3836 0.3535
vn 0.9940 0.0882 0.0652
vn 0.8268 -0.5624 -0.0066
vn 0.4371 -0.8994 -0.0035
vn -0.0000 -1.0000 -0.0021
vn -0.4371 -0.8994 -0.0035
vn -0.8268 -0.5624 -0.0066
vn -1.0000 0.0039 -0.0082
vn -0.8237 0.5669 -0.0065
vn -0.4355 0.9002 -0.0034
vn -0.0000 1.0000 -0.0021
vn 0.4355 0.9002 -0.0034
vn 0.8237 0.5669 -0.0065
vn 1.0000 0.0039 -0.0082
vn 0.8660 0.0054 -0.5000
vn 0.5000 0.0054 -0.8660
vn -0.0000 0.0054 -1.0000
vn -0.5000 0.0054 -0.8660
vn -0.8660 0.0054 -0.5000
vn -1.0000 0.0054 -0.0000
vn -0.8660 0.0054 0.5000
vn -0.5000 0.0054 0.8660
vn -0.0000 0.0054 1.0000
vn 0.5000 0.0054 0.8660
vn 0.8660 0.0054 0.5000
vn 1.0000 0.0054 -0.0000
vt 0.000000 1.000000
vt 0.333333 1.000000
vt 0.333333 0.916667
vt 0.000000 0.916667
vt 0.000000 0.083333
vt 0.333333 0.083333
vt 0.333333 0.000000
vt 0.000000 0.000000
vt 0.000000 0.166667
vt 0.333333 0.166667
vt 0.000000 0.250000
vt 0.333333 0.250000
vt 0.000000 0.333333
vt 0.333333 0.333333
vt 0.000000 0.416667
vt 0.333333 0.416667
vt 0.000000 0.500000
vt 0.333333 0.500000
vt 0.000000 0.583333
vt 0.333333 0.583333
vt 0.000000 0.666667
vt 0.333333 0.666667
vt 0.000000 0.750000
vt 0.333333 0.750000
vt 0.000000 0.833333
vt 0.333333 0.833333
vt 0.666667 1.000000
vt 0.666667 0.916667
vt 0.666667 0.083333
vt 0.666667 0.000000
vt 0.666667 0.166667
vt 0.666667 0.250000
vt 0.666667 0.333333
vt 0.666667 0.416667
vt 0.666667 0.500000
vt 0.666667 0.583333
vt 0.666667 0.666667
vt 0.666667 0.750000
vt 0.666667 0.833333
vt 1.000000 1.000000
vt 1.000000 0.916667
vt 1.000000 0.083333
vt 1.000000 0.000000
vt 1.000000 0.166667
vt 1.000000 0.250000
vt 1.000000 0.333333
vt 1.000000 0.416667
vt 1.000000 0.500000
vt 1.000000 0.583333
vt 1.000000 0.666667
vt 1.000000 0.750000
vt 1.000000 0.833333
s 1
f 4540/56/4528 4552/57/4540 4563/58/4551 4551/59/4539
f 4541/60/4529 4553/61/4541 4552/62/4540 4540/63/4528
f 4542/64/4530 4554/65/4542 4553/61/4541 4541/60/4529
f 4543/66/4531 4555/67/4543 4554/65/4542 4542/64/4530
f 4544/68/4532 4556/69/4544 4555/67/4543 4543/66/4531
f 4545/70/4533 4557/71/4545 4556/69/4544 4544/68/4532
f 4546/72/4534 4558/73/4546 4557/71/4545 4545/70/4533
f 4547/74/4535 4559/75/4547 4558/73/4546 4546/72/4534
f 4548/76/4536 4560/77/4548 4559/75/4547 4547/74/4535
f 4549/78/4537 4561/79/4549 4560/77/4548 4548/76/4536
f 4550/80/4538 4562/81/4550 4561/79/4549 4549/78/4537
f 4551/59/4539 4563/58/4551 4562/81/4550 4550/80/4538
f 4552/57/4540 4564/82/4552 4575/83/4563 4563/58/4551
f 4553/61/4541 4565/84/4553 4564/85/4552 4552/62/4540
f 4554/65/4542 4566/86/4554 4565/84/4553 4553/61/4541
f 4555/67/4543 4567/87/4555 4566/86/4554 4554/65/4542
f 4556/69/4544 4568/88/4556 4567/87/4555 4555/67/4543
f 4557/71/4545 4569/89/4557 4568/88/4556 4556/69/4544
f 4558/73/4546 4570/90/4558 4569/89/4557 4557/71/4545
f 4559/75/4547 4571/91/4559 4570/90/4558 4558/73/4546
f 4560/77/4548 4572/92/4560 4571/91/4559 4559/75/4547
f 4561/79/4549 4573/93/4561 4572/92/4560 4560/77/4548
f 4562/81/4550 4574/94/4562 4573/93/4561 4561/79/4549
f 4563/58/4551 4575/83/4563 4574/94/4562 4562/81/4550
f 4564/82/4552 4576/95/4564 4587/96/4575 4575/83/4563
f 4565/84/4553 4577/97/4565 4576/98/4564 4564/85/4552
f 4566/86/4554 4578/99/4566 4577/97/4565 4565/84/4553
f 4567/87/4555 4579/100/4567 4578/99/4566 4566/86/4554
f 4568/88/4556 4580/101/4568 4579/100/4567 4567/87/4555
f 4569/89/4557 4581/102/4569 4580/101/4568 4568/88/4556
f 4570/90/4558 4582/103/4570 4581/102/4569 4569/89/4557
f 4571/91/4559 4583/104/4571 4582/103/4570 4570/90/4558
f 4572/92/4560 4584/105/4572 4583/104/4571 4571/91/4559
f 4573/93/4561 4585/106/4573 4584/105/4572 4572/92/4560
f 4574/94/4562 4586/107/4574 4585/106/4573 4573/93/4561
f 4575/83/4563 4587/96/4575 4586/107/4574 4574/94/4562
f 4588/56/4576 4600/95/4576 4611/96/4587 4599/59/4587
f 4589/60/4577 4601/97/4577 4600/98/4576 4588/63/4576
f 4590/64/4578 4602/99/4578 4601/97/4577 4589/60/4577
f 4591/66/4579 4603/100/4579 4602/99/4578 4590/64/4578
f 4592/68/4580 4604/101/4580 4603/100/4579 4591/66/4579
f 4593/70/4581 4605/102/4581 4604/101/4580 4592/68/4580
f 4594/72/4582 4606/103/4582 4605/102/4581 4593/70/4581
f 4595/74/4583 4607/104/4583 4606/103/4582 4594/72/4582
f 4596/76/4584 4608/105/4584 4607/104/4583 4595/74/4583
f 4597/78/4585 4609/106/4585 4608/105/4584 4596/76/4584
f 4598/80/4586 4610/107/4586 4609/106/4585 4597/78/4585
f 4599/59/4587 4611/96/4587 4610/107/4586 4598/80/4586
o Plane.003
v 0.048772 2.111104 -0.615463
v 0.040108 4.821540 1.292794
v 0.045058 2.129288 1.323944
v -0.142596 4.379358 0.988883
v -0.138002 4.375193 1.289998
v -0.229390 4.202672 0.864316
v -0.217165 4.197865 1.286979
v -0.326083 3.970068 0.703251
v -0.305360 3.963262 1.285844
v -0.443775 3.599372 0.446156
v -0.392062 3.591461 1.288884
v -0.430631 3.217612 0.177527
v -0.390553 3.216653 1.296636
v -0.290205 2.834698 -0.093914
v -0.287083 2.844030 1.307437
v -0.101452 2.451998 -0.369928
v -0.114753 2.468232 1.318844
v -0.018772 2.113781 -0.005772
v -0.144036 4.378045 1.084262
v -0.224446 4.201138 0.998465
v -0.321882 3.967676 0.888639
v -0.422587 3.597729 0.717426
v -0.443296 3.218772 0.538560
v -0.344190 2.837881 0.355537
v -0.172418 2.455088 0.167831
v -0.003181 2.118067 0.529817
v -0.065208 4.554025 1.110775
v -0.225136 4.199809 1.112877
v -0.316862 3.965754 1.046479
v -0.410196 3.595303 0.946072
v -0.421226 3.218882 0.844290
v -0.316526 2.840475 0.739702
v -0.151524 2.459188 0.632070
v -0.143138 4.376918 1.165758
v 0.036019 2.124020 0.989263
v -0.221911 4.198682 1.212093
v -0.313266 3.964264 1.182986
v -0.405673 3.592903 1.141835
v -0.409110 3.218176 1.104374
v -0.302420 2.843095 1.067077
v -0.125634 2.464387 1.028797
v -0.001972 4.706210 1.215093
v -0.140766 4.375937 1.236523
v 0.058085 2.114572 -0.614356
v 0.049367 4.817765 1.292926
v 0.054084 2.133577 1.323594
v -0.133499 4.375208 0.988745
v -0.128808 4.371266 1.289777
v -0.220163 4.198826 0.864043
v -0.207941 4.194057 1.286339
v -0.316525 3.967167 0.702770
v -0.295827 3.960342 1.285065
v -0.433811 3.598572 0.445888
v -0.382168 3.590323 1.287977
v -0.420805 3.219398 0.178031
v -0.380691 3.218072 1.295785
v -0.280834 2.838031 -0.092876
v -0.277736 2.847528 1.306822
v -0.092161 2.455523 -0.368809
v -0.105710 2.472482 1.318427
v -0.009512 2.117511 -0.005189
v -0.134926 4.373922 1.084192
v -0.215253 4.197206 0.998276
v -0.312371 3.964611 0.888255
v -0.412685 3.596421 0.716930
v -0.433389 3.220109 0.538315
v -0.334766 2.841220 0.355691
v -0.163217 2.458990 0.168178
v 0.005877 2.122272 0.529293
v -0.056032 4.550051 1.110733
v -0.215923 4.195927 1.112655
v -0.307332 3.962737 1.046184
v -0.400286 3.594031 0.945638
v -0.411330 3.220218 0.843745
v -0.307180 2.843988 0.739132
v -0.142470 2.463395 0.631503
v -0.134002 4.372855 1.165623
v 0.045043 2.128293 0.988706
v -0.212685 4.194855 1.211604
v -0.303726 3.961315 1.182449
v -0.395764 3.591702 1.141225
v -0.399222 3.219528 1.103749
v -0.293062 2.846576 1.066526
v -0.116590 2.468622 1.028271
v 0.007274 4.702404 1.215190
v -0.131593 4.371962 1.236307
vn -0.2881 -0.5487 -0.7848
vn -0.1856 0.9509 0.2476
vn -0.2562 -0.7561 0.6023
vn -0.4917 0.6423 -0.5880
vn -0.6328 0.2612 0.7290
vn -0.5322 0.6279 -0.5679
vn -0.6235 0.2496 0.7409
vn -0.6039 0.5804 -0.5463
vn -0.6380 0.1970 0.7444
vn -0.7187 0.4413 -0.5374
vn -0.6668 0.0866 0.7402
vn -0.7586 0.2555 -0.5994
vn -0.6746 -0.0815 0.7336
vn -0.7407 0.1468 -0.6556
vn -0.6440 -0.2215 0.7323
vn -0.7296 0.1420 -0.6689
vn -0.6174 -0.2741 0.7374
vn -0.4147 -0.9095 -0.0283
vn -0.9110 0.4123 0.0069
vn -0.9193 0.3932 0.0189
vn -0.9511 0.3065 0.0384
vn -0.9902 0.1308 0.0496
vn -0.9907 -0.1337 0.0245
vn -0.9425 -0.3339 -0.0154
vn -0.9201 -0.3902 -0.0347
vn -0.3589 -0.9330 0.0275
vn -0.4979 0.6303 -0.5957
vn -0.9213 0.3882 0.0222
vn -0.9529 0.3018 0.0295
vn -0.9909 0.1272 0.0434
vn -0.9895 -0.1336 0.0545
vn -0.9345 -0.3512 0.0571
vn -0.9054 -0.4208 0.0567
vn -0.9136 0.4064 0.0135
vn -0.3248 -0.9453 0.0312
vn -0.9226 0.3826 0.0489
vn -0.9540 0.2949 0.0537
vn -0.9909 0.1201 0.0610
vn -0.9888 -0.1352 0.0625
vn -0.9358 -0.3481 0.0551
vn -0.9044 -0.4235 0.0526
vn -0.4996 0.6173 -0.6077
vn -0.9173 0.3975 0.0216
vn 0.7358 -0.1601 -0.6580
vn 0.8148 0.5337 0.2263
vn 0.7851 -0.2613 0.5616
vn 0.7938 0.0546 -0.6057
vn 0.6644 -0.2927 0.6877
vn 0.7768 0.0934 -0.6228
vn 0.6850 -0.2906 0.6681
vn 0.7529 0.1809 -0.6328
vn 0.7160 -0.2178 0.6633
vn 0.6906 0.3626 -0.6257
vn 0.7410 -0.0746 0.6674
vn 0.6216 0.5363 -0.5710
vn 0.7267 0.1216 0.6761
vn 0.5824 0.6250 -0.5198
vn 0.6801 0.2751 0.6796
vn 0.5860 0.6355 -0.5027
vn 0.6586 0.3257 0.6783
vn 0.9140 -0.4020 0.0546
vn 0.9110 -0.4123 -0.0069
vn 0.9193 -0.3932 -0.0189
vn 0.9511 -0.3066 -0.0384
vn 0.9902 -0.1309 -0.0497
vn 0.9907 0.1338 -0.0245
vn 0.9425 0.3340 0.0154
vn 0.9201 0.3902 0.0347
vn 0.9340 -0.3542 -0.0471
vn 0.7994 0.0654 -0.5973
vn 0.9213 -0.3882 -0.0221
vn 0.9529 -0.3019 -0.0295
vn 0.9909 -0.1273 -0.0434
vn 0.9895 0.1337 -0.0545
vn 0.9345 0.3514 -0.0571
vn 0.9054 0.4208 -0.0567
vn 0.9136 -0.4064 -0.0135
vn 0.9413 -0.3343 -0.0472
vn 0.9226 -0.3827 -0.0489
vn 0.9540 -0.2950 -0.0537
vn 0.9909 -0.1202 -0.0610
vn 0.9888 0.1353 -0.0625
vn 0.9358 0.3482 -0.0551
vn 0.9044 0.4235 -0.0526
vn 0.8060 0.0751 -0.5871
vn 0.9173 -0.3975 -0.0216
vt 0.101176 0.898823
vt 0.167237 0.832763
vt 0.167734 0.885496
vt 0.168160 0.930726
vt 0.233992 0.766008
vt 0.234449 0.839790
vt 0.873093 0.402261
vt 0.873017 0.126983
vt 1.000000 0.000000
vt 1.000000 0.315318
vt 0.321218 0.678782
vt 0.321623 0.780068
vt 0.458714 0.541286
vt 0.459037 0.685927
vt 0.596952 0.403048
vt 0.597192 0.591278
vt 0.734222 0.265778
vt 0.734380 0.497292
vt 0.734517 0.695867
vt 0.873158 0.638375
vt 0.597399 0.752728
vt 0.459314 0.809989
vt 0.321971 0.866943
vt 0.234841 0.903075
vt 1.000000 0.585775
vt 0.168531 0.970135
vt 0.235182 0.958214
vt 0.873214 0.844097
vt 1.000000 0.821421
vt 0.322273 0.942637
vt 0.459556 0.918083
vt 0.597578 0.893397
vt 0.734635 0.868883
vt 0.043619 0.956381
vt 0.000000 1.000000
vt 0.168812 1.000000
vt 0.734725 1.000000
vt 0.873257 1.000000
vt 0.597715 1.000000
vt 0.459738 1.000000
vt 0.322502 1.000000
vt 0.235441 1.000000
vt 1.000000 1.000000
s 1
f 4638/108/4614 4615/109/4591 4630/110/4606 4645/111/4621
f 4630/110/4606 4615/109/4591 4617/112/4593 4631/113/4607
f 4636/114/4612 4627/115/4603 4612/116/4588 4629/117/4605
f 4631/113/4607 4617/112/4593 4619/118/4595 4632/119/4608
f 4632/119/4608 4619/118/4595 4621/120/4597 4633/121/4609
f 4633/121/4609 4621/120/4597 4623/122/4599 4634/123/4610
f 4634/123/4610 4623/122/4599 4625/124/4601 4635/125/4611
f 4635/125/4611 4625/124/4601 4627/115/4603 4636/114/4612
f 4643/126/4619 4635/125/4611 4636/114/4612 4644/127/4620
f 4642/128/4618 4634/123/4610 4635/125/4611 4643/126/4619
f 4641/129/4617 4633/121/4609 4634/123/4610 4642/128/4618
f 4640/130/4616 4632/119/4608 4633/121/4609 4641/129/4617
f 4639/131/4615 4631/113/4607 4632/119/4608 4640/130/4616
f 4644/127/4620 4636/114/4612 4629/117/4605 4637/132/4613
f 4645/111/4621 4630/110/4606 4631/113/4607 4639/131/4615
f 4654/133/4630 4645/111/4621 4639/131/4615 4647/134/4623
f 4652/135/4628 4644/127/4620 4637/132/4613 4646/136/4622
f 4647/134/4623 4639/131/4615 4640/130/4616 4648/137/4624
f 4648/137/4624 4640/130/4616 4641/129/4617 4649/138/4625
f 4649/138/4625 4641/129/4617 4642/128/4618 4650/139/4626
f 4650/139/4626 4642/128/4618 4643/126/4619 4651/140/4627
f 4651/140/4627 4643/126/4619 4644/127/4620 4652/135/4628
f 4653/141/4629 4638/108/4614 4645/111/4621 4654/133/4630
f 4613/142/4589 4653/141/4629 4654/133/4630 4616/143/4592
f 4626/144/4602 4651/140/4627 4652/135/4628 4628/145/4604
f 4624/146/4600 4650/139/4626 4651/140/4627 4626/144/4602
f 4622/147/4598 4649/138/4625 4650/139/4626 4624/146/4600
f 4620/148/4596 4648/137/4624 4649/138/4625 4622/147/4598
f 4618/149/4594 4647/134/4623 4648/137/4624 4620/148/4596
f 4628/145/4604 4652/135/4628 4646/136/4622 4614/150/4590
f 4616/143/4592 4654/133/4630 4647/134/4623 4618/149/4594
f 4681/108/4657 4688/111/4664 4673/110/4649 4658/109/4634
f 4673/110/4649 4674/113/4650 4660/112/4636 4658/109/4634
f 4679/114/4655 4672/117/4648 4655/116/4631 4670/115/4646
f 4674/113/4650 4675/119/4651 4662/118/4638 4660/112/4636
f 4675/119/4651 4676/121/4652 4664/120/4640 4662/118/4638
f 4676/121/4652 4677/123/4653 4666/122/4642 4664/120/4640
f 4677/123/4653 4678/125/4654 4668/124/4644 4666/122/4642
f 4678/125/4654 4679/114/4655 4670/115/4646 4668/124/4644
f 4686/126/4662 4687/127/4663 4679/114/4655 4678/125/4654
f 4685/128/4661 4686/126/4662 4678/125/4654 4677/123/4653
f 4684/129/4660 4685/128/4661 4677/123/4653 4676/121/4652
f 4683/130/4659 4684/129/4660 4676/121/4652 4675/119/4651
f 4682/131/4658 4683/130/4659 4675/119/4651 4674/113/4650
f 4687/127/4663 4680/132/4656 4672/117/4648 4679/114/4655
f 4688/111/4664 4682/131/4658 4674/113/4650 4673/110/4649
f 4697/133/4673 4690/134/4666 4682/131/4658 4688/111/4664
f 4695/135/4671 4689/136/4665 4680/132/4656 4687/127/4663
f 4690/134/4666 4691/137/4667 4683/130/4659 4682/131/4658
f 4691/137/4667 4692/138/4668 4684/129/4660 4683/130/4659
f 4692/138/4668 4693/139/4669 4685/128/4661 4684/129/4660
f 4693/139/4669 4694/140/4670 4686/126/4662 4685/128/4661
f 4694/140/4670 4695/135/4671 4687/127/4663 4686/126/4662
f 4696/141/4672 4697/133/4673 4688/111/4664 4681/108/4657
f 4656/142/4632 4659/143/4635 4697/133/4673 4696/141/4672
f 4669/144/4645 4671/145/4647 4695/135/4671 4694/140/4670
f 4667/146/4643 4669/144/4645 4694/140/4670 4693/139/4669
f 4665/147/4641 4667/146/4643 4693/139/4669 4692/138/4668
f 4663/148/4639 4665/147/4641 4692/138/4668 4691/137/4667
f 4661/149/4637 4663/148/4639 4691/137/4667 4690/134/4666
f 4671/145/4647 4657/150/4633 4689/136/4665 4695/135/4671
f 4659/143/4635 4661/149/4637 4690/134/4666 4697/133/4673
f 4612/116/4588 4627/115/4603 4670/115/4646 4655/116/4631
f 4614/150/4590 4646/136/4622 4689/136/4665 4657/150/4633
f 4613/142/4589 4616/143/4592 4659/143/4635 4656/142/4632
f 4615/109/4591 4638/108/4614 4681/108/4657 4658/109/4634
f 4616/143/4592 4618/149/4594 4661/149/4637 4659/143/4635
f 4617/112/4593 4615/109/4591 4658/109/4634 4660/112/4636
f 4618/149/4594 4620/148/4596 4663/148/4639 4661/149/4637
f 4619/118/4595 4617/112/4593 4660/112/4636 4662/118/4638
f 4620/148/4596 4622/147/4598 4665/147/4641 4663/148/4639
f 4621/120/4597 4619/118/4595 4662/118/4638 4664/120/4640
f 4622/147/4598 4624/146/4600 4667/146/4643 4665/147/4641
f 4623/122/4599 4621/120/4597 4664/120/4640 4666/122/4642
f 4624/146/4600 4626/144/4602 4669/144/4645 4667/146/4643
f 4625/124/4601 4623/122/4599 4666/122/4642 4668/124/4644
f 4626/144/4602 4628/145/4604 4671/145/4647 4669/144/4645
f 4627/115/4603 4625/124/4601 4668/124/4644 4670/115/4646
f 4628/145/4604 4614/150/4590 4657/150/4633 4671/145/4647
f 4629/117/4605 4612/116/4588 4655/116/4631 4672/117/4648
f 4637/132/4613 4629/117/4605 4672/117/4648 4680/132/4656
f 4638/108/4614 4653/141/4629 4696/141/4672 4681/108/4657
f 4646/136/4622 4637/132/4613 4680/132/4656 4689/136/4665
f 4653/141/4629 4613/142/4589 4656/142/4632 4696/141/4672
o Plane.004
v -1.000000 0.267738 -0.009924
v -0.960000 0.267738 -0.049924
v -1.000000 0.267738 -0.009924
v -0.992000 0.267738 -0.017924
v -0.984000 0.267738 -0.025924
v -1.000000 0.267738 -0.009924
v -0.992000 0.267738 -0.017924
v -0.984000 0.267738 -0.025924
v -1.000000 0.267738 -0.009924
v -0.992000 0.267738 -0.017924
v -0.984000 0.267738 -0.025924
v -0.968000 0.267738 -0.041924
v -0.976000 0.267738 -0.033924
v -0.968000 0.267738 -0.041924
v -0.975153 0.267738 -0.034771
v -0.981972 0.267738 -0.027952
v -0.976000 0.267738 -0.033924
v -0.981972 0.267738 -0.027952
v -0.986877 0.267738 -0.023047
v -1.000000 0.267738 -0.009924
v -1.000000 0.267738 -0.009924
v -0.992000 0.267738 -0.017924
v -0.992000 0.267738 -0.017924
v -0.992000 0.267738 -0.017924
v -0.984000 0.267738 -0.025924
v -0.984000 0.267738 -0.025924
v -0.984000 0.267738 -0.025924
v 1.000000 0.267738 -0.009924
v 0.960000 0.267738 -0.049924
v 1.000000 0.267738 -0.009924
v 0.992000 0.267738 -0.017924
v 0.984000 0.267738 -0.025924
v 1.000000 0.267738 -0.009924
v 0.992000 0.267738 -0.017924
v 0.984000 0.267738 -0.025924
v 1.000000 0.267738 -0.009924
v 0.992000 0.267738 -0.017924
v 0.984000 0.267738 -0.025924
v 0.968000 0.267738 -0.041924
v 0.976000 0.267738 -0.033924
v 0.968000 0.267738 -0.041924
v 0.975153 0.267738 -0.034771
v 0.981972 0.267738 -0.027952
v 0.976000 0.267738 -0.033924
v 0.981972 0.267738 -0.027952
v 0.986877 0.267738 -0.023047
v 1.000000 0.267738 -0.009924
v 1.000000 0.267738 -0.009924
v 0.992000 0.267738 -0.017924
v 0.992000 0.267738 -0.017924
v 0.992000 0.267738 -0.017924
v 0.984000 0.267738 -0.025924
v 0.984000 0.267738 -0.025924
v 0.984000 0.267738 -0.025924
v -1.000000 0.267738 -0.482703
v -1.000000 0.267738 -0.482703
v -0.960000 0.267738 -0.442703
v -1.000000 0.267738 -0.482703
v -1.000000 0.267738 -0.482703
v -0.992000 0.267738 -0.474703
v -0.992000 0.267738 -0.474703
v -0.992000 0.267738 -0.474703
v -0.984000 0.267738 -0.466703
v -0.984000 0.267738 -0.466703
v -0.984000 0.267738 -0.466703
v -0.992000 0.267738 -0.474703
v -0.984000 0.267738 -0.466703
v -1.000000 0.267738 -0.482703
v -0.992000 0.267738 -0.474703
v -0.984000 0.267738 -0.466703
v -1.000000 0.267738 -0.482703
v -0.992000 0.267738 -0.474703
v -0.984000 0.267738 -0.466703
v -0.968000 0.267738 -0.450703
v -0.976000 0.267738 -0.458703
v -0.968000 0.267738 -0.450703
v -0.975152 0.267738 -0.457855
v -0.981972 0.267738 -0.464674
v -0.976000 0.267738 -0.458703
v -0.981972 0.267738 -0.464674
v -0.986877 0.267738 -0.469580
v 1.000000 0.267738 -0.482703
v 0.960000 0.267738 -0.442703
v 1.000000 0.267738 -0.482703
v 0.992000 0.267738 -0.474703
v 0.984000 0.267738 -0.466703
v 1.000000 0.267738 -0.482703
v 0.992000 0.267738 -0.474703
v 0.984000 0.267738 -0.466703
v 1.000000 0.267738 -0.482703
v 0.992000 0.267738 -0.474703
v 0.984000 0.267738 -0.466703
v 0.968000 0.267738 -0.450703
v 0.976000 0.267738 -0.458703
v 0.968000 0.267738 -0.450703
v 0.975152 0.267738 -0.457855
v 0.981972 0.267738 -0.464674
v 0.976000 0.267738 -0.458703
v 0.981972 0.267738 -0.464674
v 0.986877 0.267738 -0.469580
v 1.000000 0.267738 -0.482703
v 1.000000 0.267738 -0.482703
v 0.992000 0.267738 -0.474703
v 0.992000 0.267738 -0.474703
v 0.992000 0.267738 -0.474703
v 0.984000 0.267738 -0.466703
v 0.984000 0.267738 -0.466703
v 0.984000 0.267738 -0.466703
v -1.000000 0.307738 -0.442703
v -0.960000 0.307738 -0.482703
v -1.000000 0.267738 -0.482703
v -1.000000 0.267738 -0.482703
v -0.997866 0.307738 -0.455009
v -0.992264 0.307738 -0.466138
v -1.000000 0.299738 -0.450703
v -0.997583 0.297821 -0.460654
v -0.993787 0.296256 -0.469502
v -1.000000 0.291738 -0.458703
v -0.998021 0.288532 -0.466257
v -0.995578 0.285915 -0.472909
v -0.972361 0.295377 -0.482703
v -0.983512 0.284227 -0.482703
v -0.972306 0.307738 -0.480568
v -0.980531 0.295193 -0.480080
v -0.988034 0.284095 -0.480663
v -0.983435 0.307738 -0.474967
v -0.987966 0.295359 -0.476047
v -0.992216 0.284435 -0.477723
v -1.000000 0.267738 -0.482703
v -1.000000 0.267738 -0.482703
v -0.998042 0.269696 -0.482703
v -0.998042 0.269696 -0.482703
v -0.998042 0.269696 -0.482703
v -0.992361 0.275377 -0.482703
v -0.992361 0.275377 -0.482703
v -0.992361 0.275377 -0.482703
v -1.000000 0.275738 -0.474703
v -1.000000 0.283738 -0.466703
v -1.000000 0.267738 -0.482703
v -0.997866 0.269872 -0.482703
v -0.992264 0.275474 -0.482703
v -1.000000 0.267738 -0.482703
v -0.997866 0.269872 -0.482703
v -0.992264 0.275474 -0.482703
v -1.000000 0.307738 -0.049924
v -1.000000 0.267738 -0.009924
v -1.000000 0.267738 -0.009924
v -0.960000 0.307738 -0.009924
v -1.000000 0.295377 -0.037563
v -1.000000 0.284227 -0.026412
v -0.997866 0.307738 -0.037618
v -0.997377 0.295193 -0.029393
v -0.997961 0.284095 -0.021889
v -0.992264 0.307738 -0.026488
v -0.993345 0.295359 -0.021958
v -0.995021 0.284435 -0.017708
v -1.000000 0.267738 -0.009924
v -1.000000 0.267738 -0.009924
v -1.000000 0.269696 -0.011881
v -1.000000 0.269696 -0.011881
v -1.000000 0.269696 -0.011881
v -1.000000 0.275377 -0.017563
v -1.000000 0.275377 -0.017563
v -1.000000 0.275377 -0.017563
v -0.992000 0.275738 -0.009924
v -0.984000 0.283738 -0.009924
v -1.000000 0.267738 -0.009924
v -1.000000 0.269872 -0.012058
v -1.000000 0.275474 -0.017660
v -1.000000 0.267738 -0.009924
v -1.000000 0.269872 -0.012058
v -1.000000 0.275474 -0.017660
v -0.972306 0.307738 -0.012058
v -0.983435 0.307738 -0.017660
v -0.968000 0.299738 -0.009924
v -0.977951 0.297821 -0.012341
v -0.986800 0.296256 -0.016136
v -0.976000 0.291738 -0.009924
v -0.983554 0.288532 -0.011903
v -0.990206 0.285915 -0.014346
v 0.960000 0.307738 -0.009924
v 1.000000 0.267738 -0.009924
v 1.000000 0.267738 -0.009924
v 1.000000 0.307738 -0.049924
v 0.972361 0.295377 -0.009924
v 0.983512 0.284227 -0.009924
v 0.972306 0.307738 -0.012058
v 0.980531 0.295193 -0.012546
v 0.988034 0.284095 -0.011963
v 0.983435 0.307738 -0.017660
v 0.987966 0.295359 -0.016579
v 0.992216 0.284435 -0.014903
v 1.000000 0.267738 -0.009924
v 1.000000 0.267738 -0.009924
v 0.998042 0.269696 -0.009924
v 0.998042 0.269696 -0.009924
v 0.998042 0.269696 -0.009924
v 0.992361 0.275377 -0.009924
v 0.992361 0.275377 -0.009924
v 0.992361 0.275377 -0.009924
v 1.000000 0.275738 -0.017924
v 1.000000 0.283738 -0.025924
v 1.000000 0.267738 -0.009924
v 0.997866 0.269872 -0.009924
v 0.992264 0.275474 -0.009924
v 1.000000 0.267738 -0.009924
v 0.997866 0.269872 -0.009924
v 0.992264 0.275474 -0.009924
v 0.997866 0.307738 -0.037618
v 0.992264 0.307738 -0.026488
v 1.000000 0.299738 -0.041924
v 0.997583 0.297821 -0.031973
v 0.993787 0.296256 -0.023124
v 1.000000 0.291738 -0.033924
v 0.998020 0.288532 -0.026369
v 0.995578 0.285915 -0.019718
v 1.000000 0.307738 -0.442703
v 1.000000 0.267738 -0.482703
v 1.000000 0.267738 -0.482703
v 0.960000 0.307738 -0.482703
v 1.000000 0.299738 -0.450703
v 1.000000 0.291738 -0.458703
v 0.997866 0.307738 -0.455009
v 0.997376 0.297860 -0.460584
v 0.997954 0.288598 -0.466257
v 0.992264 0.307738 -0.466138
v 0.993338 0.296598 -0.469463
v 0.995006 0.286487 -0.472909
v 1.000000 0.267738 -0.482703
v 1.000000 0.267738 -0.482703
v 1.000000 0.275738 -0.474703
v 1.000000 0.275738 -0.474703
v 1.000000 0.275738 -0.474703
v 1.000000 0.283738 -0.466703
v 1.000000 0.283738 -0.466703
v 1.000000 0.283738 -0.466703
v 0.992000 0.275738 -0.482703
v 0.984000 0.283738 -0.482703
v 1.000000 0.267738 -0.482703
v 1.000000 0.275738 -0.474703
v 1.000000 0.283738 -0.466703
v 1.000000 0.267738 -0.482703
v 1.000000 0.275738 -0.474703
v 1.000000 0.283738 -0.466703
v 0.972306 0.307738 -0.480568
v 0.983435 0.307738 -0.474967
v 0.968000 0.299738 -0.482703
v 0.977951 0.297860 -0.480246
v 0.986800 0.296598 -0.476148
v 0.976000 0.291738 -0.482703
v 0.983554 0.288598 -0.480657
v 0.990206 0.286487 -0.477709
v -1.000000 0.314467 -0.442703
v -0.960000 0.354467 -0.442703
v -0.960000 0.314467 -0.482703
v -0.998042 0.326830 -0.442703
v -0.992364 0.337975 -0.442703
v -0.998042 0.314467 -0.455066
v -0.995722 0.327230 -0.455393
v -0.990362 0.337433 -0.454980
v -0.992364 0.314467 -0.466210
v -0.990334 0.326776 -0.465689
v -0.986535 0.335632 -0.463867
v -0.960000 0.352509 -0.455066
v -0.960000 0.346831 -0.466210
v -0.972363 0.352509 -0.442703
v -0.972691 0.350190 -0.455465
v -0.972277 0.344829 -0.465669
v -0.983508 0.346831 -0.442703
v -0.982986 0.344801 -0.455012
v -0.981165 0.341002 -0.463867
v -0.972363 0.314467 -0.480744
v -0.983508 0.314467 -0.475066
v -0.960000 0.326830 -0.480744
v -0.972762 0.327158 -0.478425
v -0.982966 0.326744 -0.473065
v -0.960000 0.337975 -0.475066
v -0.972309 0.337454 -0.473036
v -0.981165 0.335632 -0.469238
v -1.000000 0.314467 -0.049924
v -0.960000 0.314467 -0.009924
v -0.960000 0.354467 -0.049924
v -0.998042 0.314467 -0.037561
v -0.992364 0.314467 -0.026416
v -0.998042 0.326830 -0.049924
v -0.995722 0.327158 -0.037161
v -0.990362 0.326744 -0.026958
v -0.992364 0.337975 -0.049924
v -0.990334 0.337454 -0.037615
v -0.986535 0.335632 -0.028759
v -0.960000 0.326830 -0.011882
v -0.960000 0.337975 -0.017560
v -0.972363 0.314467 -0.011882
v -0.972691 0.327230 -0.014201
v -0.972277 0.337433 -0.019562
v -0.983508 0.314467 -0.017560
v -0.982986 0.326776 -0.019590
v -0.981165 0.335632 -0.023389
v -0.972363 0.352509 -0.049924
v -0.983508 0.346831 -0.049924
v -0.960000 0.352509 -0.037561
v -0.972762 0.350190 -0.037233
v -0.982966 0.344829 -0.037646
v -0.960000 0.346831 -0.026416
v -0.972309 0.344801 -0.026937
v -0.981165 0.341002 -0.028759
v 0.960000 0.314467 -0.009924
v 1.000000 0.314467 -0.049924
v 0.960000 0.354467 -0.049924
v 0.972363 0.314467 -0.011882
v 0.983508 0.314467 -0.017560
v 0.960000 0.326830 -0.011882
v 0.972762 0.327158 -0.014201
v 0.982966 0.326744 -0.019562
v 0.960000 0.337975 -0.017560
v 0.972309 0.337454 -0.019590
v 0.981165 0.335632 -0.023389
v 0.998042 0.326830 -0.049924
v 0.992364 0.337975 -0.049924
v 0.998042 0.314467 -0.037561
v 0.995722 0.327230 -0.037233
v 0.990362 0.337433 -0.037646
v 0.992364 0.314467 -0.026416
v 0.990334 0.326776 -0.026937
v 0.986535 0.335632 -0.028759
v 0.960000 0.352509 -0.037561
v 0.960000 0.346831 -0.026416
v 0.972363 0.352509 -0.049924
v 0.972691 0.350190 -0.037161
v 0.972277 0.344829 -0.026958
v 0.983508 0.346831 -0.049924
v 0.982986 0.344801 -0.037615
v 0.981165 0.341002 -0.028759
v 1.000000 0.314467 -0.442703
v 0.960000 0.314467 -0.482703
v 0.960000 0.354467 -0.442703
v 0.998042 0.314467 -0.455066
v 0.992364 0.314467 -0.466210
v 0.998042 0.326830 -0.442703
v 0.995722 0.327158 -0.455465
v 0.990362 0.326744 -0.465669
v 0.992364 0.337975 -0.442703
v 0.990334 0.337454 -0.455012
v 0.986535 0.335632 -0.463867
v 0.960000 0.326830 -0.480744
v 0.960000 0.337975 -0.475066
v 0.972363 0.314467 -0.480744
v 0.972691 0.327230 -0.478425
v 0.972277 0.337433 -0.473065
v 0.983508 0.314467 -0.475066
v 0.982986 0.326776 -0.473036
v 0.981165 0.335632 -0.469238
v 0.972363 0.352509 -0.442703
v 0.983508 0.346831 -0.442703
v 0.960000 0.352509 -0.455066
v 0.972762 0.350190 -0.455393
v 0.982966 0.344829 -0.454980
v 0.960000 0.346831 -0.466210
v 0.972309 0.344801 -0.465689
v 0.981165 0.341002 -0.463867
vn -0.0000 1.0000 -0.0000
vn -0.0000 -1.0000 -0.0000
vn 0.0077 -1.0000 -0.0000
vn 0.8910 0.0010 -0.4540
vn 0.0003 1.0000 -0.0004
vn -0.0000 1.0000 -0.0005
vn -0.0000 1.0000 -0.0009
vn -0.0000 1.0000 0.0018
vn -0.0092 -1.0000 0.0001
vn 0.8910 -0.0008 -0.4540
vn -0.0000 -1.0000 0.0011
vn -0.0000 -0.0000 -1.0000
vn -0.0000 0.0003 1.0000
vn 0.0872 -0.0560 0.9946
vn -0.0000 1.0000 -0.0013
vn 0.0007 -1.0000 0.0004
vn 0.6600 0.0008 0.7512
vn -0.0000 1.0000 0.0010
vn 0.0348 -0.0075 0.9994
vn 0.8910 0.0008 0.4540
vn -0.0000 1.0000 -0.0011
vn -1.0000 -0.0000 -0.0000
vn -0.0000 1.0000 -0.0001
vn 0.0097 -1.0000 -0.0000
vn 0.0012 1.0000 -0.0000
vn -1.0000 -0.0014 -0.0000
vn -0.0010 1.0000 -0.0000
vn 0.0004 1.0000 -0.0000
vn -0.0000 -0.0000 -0.0000
vn 0.0001 -1.0000 -0.0000
vn 1.0000 0.0003 -0.0000
vn 0.0025 1.0000 -0.0000
vn 0.7071 -0.7071 -0.0000
vn -0.0020 1.0000 -0.0000
vn 1.0000 -0.0082 -0.0000
vn 0.0001 1.0000 -0.0000
vn 0.0055 -1.0000 -0.0000
vn -0.0023 -1.0000 -0.0000
vn 1.0000 0.0062 -0.0000
vn 0.7071 0.7071 -0.0000
vn -0.0020 -1.0000 -0.0000
vn 1.0000 -0.0003 -0.0000
vn -1.0000 0.0020 -0.0000
vn 0.0025 -1.0000 -0.0000
vn -0.9976 0.0151 -0.0679
vn -0.0698 0.0179 -0.9974
vn -0.0000 0.9864 -0.1644
vn -0.3777 0.9035 -0.2024
vn -0.9503 0.0800 -0.3009
vn -0.8114 0.1251 -0.5709
vn -0.9895 0.0855 -0.1162
vn -0.9030 0.2414 -0.3554
vn -0.7839 0.2972 -0.5451
vn -0.9745 0.1438 -0.1722
vn -0.8373 0.3149 -0.4469
vn -0.8461 0.2101 -0.4898
vn -0.1285 0.1027 -0.9864
vn -0.1804 0.1688 -0.9690
vn -0.3066 0.0896 -0.9476
vn -0.3803 0.2714 -0.8841
vn -0.4319 0.3676 -0.8236
vn -0.5760 0.1293 -0.8071
vn -0.5819 0.3141 -0.7502
vn -0.6223 0.3608 -0.6946
vn -0.0000 0.9487 -0.3162
vn -0.0000 0.7071 -0.7071
vn -0.1220 0.4364 -0.8915
vn -0.2643 0.8392 -0.4753
vn -0.3162 0.9244 0.2132
vn -0.8881 0.3251 -0.3251
vn -0.9368 0.2158 -0.2755
vn -0.1574 0.9749 -0.1573
vn -0.3251 0.8881 -0.3251
vn -0.6393 0.6578 -0.3982
vn -0.0000 0.8715 0.4904
vn -0.7068 0.5652 -0.4254
vn -0.9974 0.0179 0.0698
vn -0.1644 0.9864 -0.0000
vn -0.2024 0.9035 0.3777
vn -0.0679 0.0151 0.9976
vn -0.9864 0.1027 0.1285
vn -0.9690 0.1688 0.1804
vn -0.9476 0.0896 0.3066
vn -0.8841 0.2714 0.3803
vn -0.8236 0.3676 0.4319
vn -0.8071 0.1293 0.5760
vn -0.7502 0.3141 0.5819
vn -0.6946 0.3608 0.6223
vn -0.3162 0.9487 -0.0000
vn -0.7071 0.7071 -0.0000
vn -0.7072 0.7071 -0.0000
vn -0.8915 0.4364 0.1220
vn -0.4753 0.8392 0.2643
vn -0.8582 0.4476 0.2515
vn -0.3251 0.3251 0.8881
vn -0.2755 0.2158 0.9368
vn -0.1573 0.9749 0.1574
vn -0.3251 0.8881 0.3251
vn -0.3982 0.6578 0.6394
vn -0.4254 0.5652 0.7068
vn -0.3009 0.0800 0.9503
vn -0.5709 0.1251 0.8114
vn -0.1162 0.0855 0.9895
vn -0.3554 0.2414 0.9030
vn -0.5451 0.2972 0.7839
vn -0.1722 0.1438 0.9745
vn -0.4470 0.3149 0.8373
vn -0.4898 0.2101 0.8461
vn 0.0698 0.0179 0.9974
vn -0.0000 0.9864 0.1644
vn 0.3777 0.9035 0.2024
vn 0.9976 0.0151 0.0679
vn 0.1285 0.1027 0.9864
vn 0.1804 0.1688 0.9690
vn 0.3066 0.0896 0.9476
vn 0.3803 0.2714 0.8841
vn 0.4319 0.3676 0.8236
vn 0.5760 0.1293 0.8071
vn 0.5819 0.3141 0.7502
vn 0.6223 0.3608 0.6946
vn -0.0000 0.9483 -0.3173
vn -0.0000 0.7071 0.7071
vn -0.0000 0.7031 -0.7111
vn 0.1220 0.4364 0.8915
vn 0.2643 0.8392 0.4753
vn 0.2584 0.4015 0.8787
vn 0.8881 0.3251 0.3251
vn 0.9368 0.2158 0.2755
vn 0.1573 0.9749 0.1573
vn 0.3251 0.8881 0.3251
vn 0.6394 0.6578 0.3982
vn -0.0000 0.6699 0.7425
vn 0.7068 0.5652 0.4254
vn 0.9503 0.0800 0.3009
vn 0.8114 0.1251 0.5709
vn 0.9895 0.0855 0.1162
vn 0.9030 0.2414 0.3554
vn 0.7839 0.2972 0.5451
vn 0.9745 0.1438 0.1722
vn 0.8373 0.3149 0.4470
vn 0.8461 0.2101 0.4898
vn 0.9975 0.0144 -0.0690
vn 0.1644 0.9864 -0.0000
vn 0.2024 0.9035 -0.3777
vn 0.0680 0.0150 -0.9976
vn 0.9888 0.0861 -0.1218
vn 0.9729 0.1551 -0.1714
vn 0.9496 0.0741 -0.3046
vn 0.8971 0.2436 -0.3685
vn 0.8383 0.3457 -0.4216
vn 0.8118 0.1123 -0.5730
vn 0.7750 0.2879 -0.5626
vn 0.7597 0.0530 -0.6481
vn -0.0460 0.9487 0.3129
vn -0.1860 0.7421 0.6440
vn 0.8916 0.4362 -0.1218
vn 0.4909 0.8319 -0.2588
vn 0.5845 0.6359 -0.5039
vn 0.3251 0.3251 -0.8881
vn 0.3239 0.2360 -0.9162
vn 0.1573 0.9749 -0.1573
vn 0.3251 0.8881 -0.3251
vn 0.2239 0.7260 -0.6503
vn -0.6642 0.7421 0.0902
vn -0.7919 -0.2285 -0.5662
vn 0.3027 0.0782 -0.9499
vn 0.5755 0.1166 -0.8095
vn 0.1173 0.0855 -0.9894
vn 0.3639 0.2401 -0.9000
vn 0.5676 0.2869 -0.7717
vn 0.1822 0.1446 -0.9726
vn 0.5026 0.2828 -0.8170
vn 0.3096 -0.6231 -0.7183
vn -0.9937 0.0768 -0.0820
vn -0.0802 0.9935 -0.0802
vn -0.0820 0.0768 -0.9937
vn -0.9479 0.3083 -0.0802
vn -0.8071 0.5856 -0.0754
vn -0.9481 0.0713 -0.3098
vn -0.9006 0.3077 -0.3068
vn -0.7707 0.5696 -0.2854
vn -0.8082 0.0655 -0.5853
vn -0.7705 0.2858 -0.5698
vn -0.6844 0.5155 -0.5156
vn -0.0802 0.9479 -0.3083
vn -0.0754 0.8071 -0.5856
vn -0.3084 0.9478 -0.0805
vn -0.3068 0.9006 -0.3077
vn -0.2854 0.7707 -0.5697
vn -0.5853 0.8072 -0.0758
vn -0.5698 0.7705 -0.2858
vn -0.5156 0.6844 -0.5155
vn -0.3097 0.0710 -0.9482
vn -0.5855 0.0652 -0.8081
vn -0.0805 0.3084 -0.9478
vn -0.3077 0.3068 -0.9006
vn -0.5697 0.2854 -0.7707
vn -0.0758 0.5853 -0.8072
vn -0.2858 0.5698 -0.7705
vn -0.5155 0.5156 -0.6844
vn -0.9937 0.0768 0.0820
vn -0.0820 0.0768 0.9937
vn -0.0802 0.9935 0.0802
vn -0.9482 0.0710 0.3097
vn -0.8081 0.0652 0.5855
vn -0.9478 0.3084 0.0805
vn -0.9006 0.3068 0.3077
vn -0.7707 0.2854 0.5696
vn -0.8072 0.5853 0.0758
vn -0.7705 0.5698 0.2858
vn -0.6844 0.5156 0.5155
vn -0.0802 0.3083 0.9479
vn -0.0754 0.5856 0.8071
vn -0.3098 0.0713 0.9481
vn -0.3068 0.3077 0.9006
vn -0.2854 0.5696 0.7707
vn -0.5853 0.0655 0.8082
vn -0.5698 0.2858 0.7705
vn -0.5156 0.5155 0.6844
vn -0.3083 0.9479 0.0802
vn -0.5856 0.8071 0.0754
vn -0.0805 0.9478 0.3084
vn -0.3077 0.9006 0.3068
vn -0.5696 0.7707 0.2854
vn -0.0758 0.8072 0.5853
vn -0.2858 0.7705 0.5698
vn -0.5155 0.6844 0.5156
vn 0.0820 0.0768 0.9937
vn 0.9937 0.0768 0.0820
vn 0.0802 0.9935 0.0802
vn 0.3097 0.0710 0.9482
vn 0.5855 0.0652 0.8081
vn 0.0805 0.3084 0.9478
vn 0.3077 0.3068 0.9006
vn 0.5697 0.2854 0.7707
vn 0.0758 0.5853 0.8072
vn 0.2858 0.5698 0.7705
vn 0.5155 0.5156 0.6844
vn 0.9479 0.3083 0.0802
vn 0.8071 0.5856 0.0754
vn 0.9481 0.0713 0.3098
vn 0.9006 0.3077 0.3068
vn 0.7707 0.5696 0.2854
vn 0.8082 0.0655 0.5853
vn 0.7705 0.2858 0.5698
vn 0.6844 0.5155 0.5156
vn 0.0802 0.9479 0.3083
vn 0.0754 0.8071 0.5856
vn 0.3084 0.9478 0.0805
vn 0.3068 0.9006 0.3077
vn 0.2854 0.7707 0.5696
vn 0.5853 0.8072 0.0758
vn 0.5698 0.7705 0.2858
vn 0.5156 0.6844 0.5155
vn 0.9937 0.0768 -0.0820
vn 0.0820 0.0768 -0.9937
vn 0.0802 0.9935 -0.0802
vn 0.9482 0.0710 -0.3097
vn 0.8081 0.0652 -0.5855
vn 0.9478 0.3084 -0.0805
vn 0.9006 0.3068 -0.3077
vn 0.7707 0.2854 -0.5696
vn 0.8072 0.5853 -0.0758
vn 0.7705 0.5698 -0.2858
vn 0.6844 0.5156 -0.5155
vn 0.0802 0.3083 -0.9479
vn 0.0754 0.5856 -0.8071
vn 0.3098 0.0713 -0.9481
vn 0.3068 0.3077 -0.9006
vn 0.2854 0.5696 -0.7707
vn 0.5853 0.0655 -0.8082
vn 0.5698 0.2858 -0.7705
vn 0.5156 0.5155 -0.6844
vn 0.3083 0.9479 -0.0802
vn 0.5856 0.8071 -0.0754
vn 0.0805 0.9478 -0.3084
vn 0.3077 0.9006 -0.3068
vn 0.5696 0.7707 -0.2854
vn 0.0758 0.8072 -0.5853
vn 0.2858 0.7705 -0.5698
vn 0.5155 0.6844 -0.5156
vt 0.000000 0.000000
vt 0.012000 0.050764
vt 0.009014 0.038133
vt 0.006562 0.027757
vt 0.020000 0.084606
vt 0.016000 0.067685
vt 0.012424 0.052556
vt 0.012000 0.050764
vt 0.009014 0.038133
vt 1.000000 0.000000
vt 0.988000 0.050764
vt 0.990986 0.038133
vt 0.993439 0.027757
vt 0.980000 0.084606
vt 0.984000 0.067685
vt 0.987576 0.052556
vt 0.988000 0.050764
vt 0.990986 0.038133
vt 0.000000 1.000000
vt 0.000000 0.000007
vt 0.000000 -0.000004
vt 0.012000 0.949236
vt 0.009014 0.961867
vt 0.006562 0.972243
vt 0.020000 0.915394
vt 0.016000 0.932315
vt 0.012424 0.947444
vt 0.016000 0.932315
vt 0.012000 0.949236
vt 0.009014 0.961867
vt 1.000000 1.000000
vt -0.000013 0.000000
vt -0.000001 0.000000
vt 0.988000 0.949236
vt 0.990986 0.961867
vt 0.993438 0.972243
vt 0.980000 0.915394
vt 0.984000 0.932315
vt 0.987576 0.947444
vt 0.988000 0.949236
vt 0.990986 0.961867
vt 0.000000 0.915394
vt 0.000000 0.941423
vt 0.000000 0.953363
vt 0.000000 0.932315
vt 0.000000 0.964963
vt 0.000000 0.972079
vt 0.008282 1.000000
vt 0.006017 1.000000
vt 0.000000 0.965215
vt 0.000000 0.949236
vt 0.000000 0.979284
vt 0.003892 1.000000
vt 0.020000 1.000000
vt 0.013820 1.000000
vt 0.009735 1.000000
vt 0.013847 1.000000
vt 0.008244 1.000000
vt 0.005983 1.000000
vt 0.000000 -0.000001
vt 0.000000 0.000012
vt 0.000000 0.084606
vt 0.000000 0.058461
vt 0.000000 0.041181
vt 0.000000 0.058577
vt 0.000000 0.034876
vt 0.000000 0.025309
vt 0.000000 0.025455
vt 0.000000 0.035037
vt 0.000000 0.016465
vt 0.012000 0.000000
vt 0.008223 0.000000
vt 0.004897 0.000000
vt 0.020000 0.000000
vt 0.013847 0.000000
vt 0.011025 0.000000
vt 0.016000 0.000000
vt 0.008282 0.000000
vt 0.006600 0.000000
vt 0.980000 0.000000
vt 0.986180 0.000000
vt 0.990265 0.000000
vt 0.986153 0.000000
vt 0.991756 0.000000
vt 0.994017 0.000000
vt 0.993983 0.000000
vt 0.991718 0.000000
vt 0.996108 0.000000
vt 1.000000 0.050764
vt 1.000000 0.034785
vt 1.000000 0.020716
vt 1.000000 0.084606
vt 1.000000 0.058577
vt 1.000000 0.046637
vt 1.000000 0.067685
vt 1.000000 0.035037
vt 1.000000 0.027921
vt 1.000000 0.915394
vt 1.000000 0.932315
vt 1.000000 0.953216
vt 1.000000 0.941423
vt 1.000000 0.949236
vt 1.000000 0.965215
vt 1.000000 0.971997
vt 1.000000 0.964963
vt 1.000000 0.979284
vt -0.000003 0.000000
vt 0.988000 1.000000
vt 0.991777 1.000000
vt 0.995103 1.000000
vt 0.980000 1.000000
vt 0.986153 1.000000
vt 0.988975 1.000000
vt 0.984000 1.000000
vt 0.991718 1.000000
vt 0.993400 1.000000
vt 0.000000 0.942237
vt 0.000000 0.941543
vt 0.000000 0.941362
vt 0.008246 0.915394
vt 0.008507 0.941429
vt 0.000000 0.964013
vt 0.000000 0.965116
vt 0.000000 0.960161
vt 0.009418 0.960161
vt 0.020000 0.941544
vt 0.013655 0.942388
vt 0.013818 0.915394
vt 0.020000 0.965116
vt 0.013861 0.963970
vt 0.020000 1.000000
vt 0.013846 1.000000
vt 0.009418 1.000000
vt 0.020000 1.000000
vt 0.013818 1.000000
vt 0.013619 1.000000
vt 0.020000 1.000000
vt 0.008246 1.000000
vt 0.008517 1.000000
vt 0.000000 0.058456
vt 0.000000 0.057612
vt 0.000000 0.084606
vt 0.000000 0.034884
vt 0.000000 0.036030
vt 0.008246 0.000000
vt 0.008507 0.000000
vt 0.000000 0.058571
vt 0.000000 0.039839
vt 0.009418 0.000000
vt 0.020000 0.000000
vt 0.013655 0.000000
vt 0.013818 0.000000
vt 0.013861 0.000000
vt 0.020000 0.034884
vt 0.013846 0.035987
vt 0.009418 0.039839
vt 0.013818 0.084606
vt 0.013619 0.057763
vt 0.020000 0.058457
vt 0.008246 0.084606
vt 0.008517 0.058638
vt 0.980000 0.000000
vt 0.986181 0.000000
vt 0.986381 0.000000
vt 0.991754 0.000000
vt 0.991483 0.000000
vt 1.000000 0.034884
vt 1.000000 0.035987
vt 0.986154 0.000000
vt 0.990582 0.000000
vt 1.000000 0.039839
vt 1.000000 0.084606
vt 1.000000 0.084606
vt 1.000000 0.057763
vt 1.000000 0.058456
vt 1.000000 0.058638
vt 0.991754 0.084606
vt 0.991493 0.058571
vt 0.990582 0.039839
vt 0.980000 0.058456
vt 0.986345 0.057612
vt 0.986182 0.084606
vt 0.980000 0.034884
vt 0.986139 0.036030
vt 1.000000 0.915394
vt 1.000000 0.941544
vt 1.000000 0.942388
vt 1.000000 0.965116
vt 1.000000 0.963970
vt 0.991754 1.000000
vt 0.991493 1.000000
vt 1.000000 0.941429
vt 1.000000 0.915394
vt 1.000000 0.960161
vt 0.990582 1.000000
vt 0.986345 1.000000
vt 0.986181 1.000000
vt 0.986139 1.000000
vt 0.980000 0.965116
vt 0.986154 0.964013
vt 0.990582 0.960161
vt 0.986181 0.915394
vt 0.986381 0.942237
vt 0.980000 0.941544
vt 0.991754 0.915394
vt 0.991483 0.941362
s 1
f 4698/151/4674 4701/151/4676 4704/151/4674 4703/151/4674
f 4701/151/4676 4702/151/4677 4705/151/4678 4704/151/4674
f 4702/151/4677 4714/152/4682 4715/153/4683 4705/151/4678
f 4703/151/4674 4704/151/4674 4707/151/4679 4706/151/4674
f 4704/151/4674 4705/151/4678 4708/151/4680 4707/151/4679
f 4705/151/4678 4715/153/4683 4716/154/4684 4708/151/4680
f 4699/155/4675 4709/156/4675 4712/157/4674 4711/156/4674
f 4709/156/4675 4710/158/4681 4713/159/4675 4712/157/4674
f 4710/158/4681 4722/151/4675 4723/151/4686 4713/159/4675
f 4711/156/4674 4712/157/4674 4715/153/4683 4714/152/4682
f 4712/157/4674 4713/159/4675 4716/154/4684 4715/153/4683
f 4713/159/4675 4723/151/4686 4724/151/4687 4716/154/4684
f 4700/151/4674 4717/151/4674 4720/151/4674 4719/151/4685
f 4717/151/4674 4718/151/4674 4721/151/4679 4720/151/4674
f 4718/151/4674 4706/151/4674 4707/151/4679 4721/151/4679
f 4719/151/4685 4720/151/4674 4723/151/4686 4722/151/4675
f 4720/151/4674 4721/151/4679 4724/151/4687 4723/151/4686
f 4721/151/4679 4707/151/4679 4708/151/4680 4724/151/4687
f 4708/151/4680 4716/154/4684 4724/151/4687
f 4725/160/4674 4728/151/4688 4731/151/4674 4730/160/4674
f 4728/151/4688 4729/151/4689 4732/151/4690 4731/151/4674
f 4729/151/4689 4741/161/4675 4742/162/4693 4732/151/4690
f 4730/160/4674 4731/151/4674 4734/151/4691 4733/160/4674
f 4731/151/4674 4732/151/4690 4735/151/4692 4734/151/4691
f 4732/151/4690 4742/162/4693 4743/163/4694 4735/151/4692
f 4726/164/4675 4736/165/4674 4739/166/4675 4738/165/4675
f 4736/165/4674 4737/167/4675 4740/168/4674 4739/166/4675
f 4737/167/4675 4749/151/4674 4750/151/4696 4740/168/4674
f 4738/165/4675 4739/166/4675 4742/162/4693 4741/161/4675
f 4739/166/4675 4740/168/4674 4743/163/4694 4742/162/4693
f 4740/168/4674 4750/151/4696 4751/151/4696 4743/163/4694
f 4727/160/4674 4744/160/4674 4747/151/4674 4746/151/4695
f 4744/160/4674 4745/160/4674 4748/151/4691 4747/151/4674
f 4745/160/4674 4733/160/4674 4734/151/4691 4748/151/4691
f 4746/151/4695 4747/151/4674 4750/151/4696 4749/151/4674
f 4747/151/4674 4748/151/4691 4751/151/4696 4750/151/4696
f 4748/151/4691 4734/151/4691 4735/151/4692 4751/151/4696
f 4735/151/4692 4743/163/4694 4751/151/4696
f 4752/169/4674 4755/169/4674 4758/151/4674 4757/151/4697
f 4755/169/4674 4756/169/4674 4759/151/4698 4758/151/4674
f 4756/169/4674 4768/169/4674 4769/170/4698 4759/151/4698
f 4757/151/4697 4758/151/4674 4761/151/4700 4760/151/4699
f 4758/151/4674 4759/151/4698 4762/151/4701 4761/151/4700
f 4759/151/4698 4769/170/4698 4770/171/4705 4762/151/4701
f 4753/169/4674 4763/170/4702 4766/170/4674 4765/169/4674
f 4763/170/4702 4764/171/4703 4767/171/4704 4766/170/4674
f 4764/171/4703 4776/172/4706 4777/173/4704 4767/171/4704
f 4765/169/4674 4766/170/4674 4769/170/4698 4768/169/4674
f 4766/170/4674 4767/171/4704 4770/171/4705 4769/170/4698
f 4767/171/4704 4777/173/4704 4778/174/4674 4770/171/4705
f 4754/175/4675 4771/176/4675 4774/177/4706 4773/178/4703
f 4771/176/4675 4772/179/4675 4775/180/4707 4774/177/4706
f 4772/179/4675 4760/151/4699 4761/151/4700 4775/180/4707
f 4773/178/4703 4774/177/4706 4777/173/4704 4776/172/4706
f 4774/177/4706 4775/180/4707 4778/174/4674 4777/173/4704
f 4775/180/4707 4761/151/4700 4762/151/4701 4778/174/4674
f 4762/151/4701 4770/171/4705 4778/174/4674
f 4779/181/4674 4782/182/4695 4785/182/4674 4784/181/4674
f 4782/182/4695 4783/183/4708 4786/183/4709 4785/182/4674
f 4783/183/4708 4795/184/4706 4796/185/4715 4786/183/4709
f 4784/181/4674 4785/182/4674 4788/182/4705 4787/181/4674
f 4785/182/4674 4786/183/4709 4789/183/4710 4788/182/4705
f 4786/183/4709 4796/185/4715 4797/186/4675 4789/183/4710
f 4780/187/4675 4790/188/4674 4793/189/4713 4792/188/4712
f 4790/188/4674 4791/190/4711 4794/191/4714 4793/189/4713
f 4791/190/4711 4803/151/4714 4804/151/4716 4794/191/4714
f 4792/188/4712 4793/189/4713 4796/185/4715 4795/184/4706
f 4793/189/4713 4794/191/4714 4797/186/4675 4796/185/4715
f 4794/191/4714 4804/151/4716 4805/151/4717 4797/186/4675
f 4781/181/4674 4798/181/4674 4801/151/4674 4800/151/4674
f 4798/181/4674 4799/181/4674 4802/151/4705 4801/151/4674
f 4799/181/4674 4787/181/4674 4788/182/4705 4802/151/4705
f 4800/151/4674 4801/151/4674 4804/151/4716 4803/151/4714
f 4801/151/4674 4802/151/4705 4805/151/4717 4804/151/4716
f 4802/151/4705 4788/182/4705 4789/183/4710 4805/151/4717
f 4789/183/4710 4797/186/4675 4805/151/4717
f 4806/192/4718 4810/193/4722 4813/194/4725 4812/195/4724
f 4810/193/4722 4811/196/4723 4814/197/4726 4813/194/4725
f 4811/196/4723 4823/198/4735 4824/199/4736 4814/197/4726
f 4812/195/4724 4813/194/4725 4816/200/4728 4815/201/4727
f 4813/194/4725 4814/197/4726 4817/202/4729 4816/200/4728
f 4814/197/4726 4824/199/4736 4825/203/4737 4817/202/4729
f 4807/204/4719 4818/205/4730 4821/206/4733 4820/207/4732
f 4818/205/4730 4819/208/4731 4822/209/4734 4821/206/4733
f 4819/208/4731 4831/210/4740 4832/210/4741 4822/209/4734
f 4820/207/4732 4821/206/4733 4824/199/4736 4823/198/4735
f 4821/206/4733 4822/209/4734 4825/203/4737 4824/199/4736
f 4822/209/4734 4832/210/4741 4833/210/4742 4825/203/4737
f 4808/169/4720 4826/169/4674 4829/211/4674 4828/211/4739
f 4826/169/4674 4827/169/4738 4830/211/4739 4829/211/4674
f 4827/169/4738 4839/169/4738 4840/169/4748 4830/211/4739
f 4828/211/4739 4829/211/4674 4832/210/4741 4831/210/4740
f 4829/211/4674 4830/211/4739 4833/210/4742 4832/210/4741
f 4830/211/4739 4840/169/4748 4841/169/4749 4833/210/4742
f 4809/169/4721 4834/151/4743 4837/169/4746 4836/169/4745
f 4834/151/4743 4835/151/4744 4838/169/4747 4837/169/4746
f 4835/151/4744 4815/201/4727 4816/200/4728 4838/169/4747
f 4836/169/4745 4837/169/4746 4840/169/4748 4839/169/4738
f 4837/169/4746 4838/169/4747 4841/169/4749 4840/169/4748
f 4838/169/4747 4816/200/4728 4817/202/4729 4841/169/4749
f 4817/202/4729 4825/203/4737 4833/210/4742 4841/169/4749
f 4842/212/4750 4846/213/4754 4849/214/4757 4848/215/4756
f 4846/213/4754 4847/216/4755 4850/217/4758 4849/214/4757
f 4847/216/4755 4859/151/4765 4860/151/4766 4850/217/4758
f 4848/215/4756 4849/214/4757 4852/218/4760 4851/219/4759
f 4849/214/4757 4850/217/4758 4853/220/4761 4852/218/4760
f 4850/217/4758 4860/151/4766 4861/151/4767 4853/220/4761
f 4843/151/4751 4854/151/4674 4857/151/4674 4856/151/4763
f 4854/151/4674 4855/151/4762 4858/151/4764 4857/151/4674
f 4855/151/4762 4867/151/4762 4868/151/4763 4858/151/4764
f 4856/151/4763 4857/151/4674 4860/151/4766 4859/151/4765
f 4857/151/4674 4858/151/4764 4861/151/4767 4860/151/4766
f 4858/151/4764 4868/151/4763 4869/151/4773 4861/151/4767
f 4844/151/4752 4862/151/4768 4865/151/4771 4864/151/4770
f 4862/151/4768 4863/151/4769 4866/151/4772 4865/151/4771
f 4863/151/4769 4875/221/4779 4876/222/4780 4866/151/4772
f 4864/151/4770 4865/151/4771 4868/151/4763 4867/151/4762
f 4865/151/4771 4866/151/4772 4869/151/4773 4868/151/4763
f 4866/151/4772 4876/222/4780 4877/223/4781 4869/151/4773
f 4845/224/4753 4870/225/4774 4873/226/4777 4872/227/4776
f 4870/225/4774 4871/228/4775 4874/229/4778 4873/226/4777
f 4871/228/4775 4851/219/4759 4852/218/4760 4874/229/4778
f 4872/227/4776 4873/226/4777 4876/222/4780 4875/221/4779
f 4873/226/4777 4874/229/4778 4877/223/4781 4876/222/4780
f 4874/229/4778 4852/218/4760 4853/220/4761 4877/223/4781
f 4853/220/4761 4861/151/4767 4869/151/4773 4877/223/4781
f 4878/230/4782 4882/231/4786 4885/232/4789 4884/233/4788
f 4882/231/4786 4883/234/4787 4886/235/4790 4885/232/4789
f 4883/234/4787 4895/151/4797 4896/151/4798 4886/235/4790
f 4884/233/4788 4885/232/4789 4888/236/4792 4887/237/4791
f 4885/232/4789 4886/235/4790 4889/238/4793 4888/236/4792
f 4886/235/4790 4896/151/4798 4897/151/4799 4889/238/4793
f 4879/160/4783 4890/160/4674 4893/151/4674 4892/151/4795
f 4890/160/4674 4891/160/4794 4894/151/4796 4893/151/4674
f 4891/160/4794 4903/160/4794 4904/151/4805 4894/151/4796
f 4892/151/4795 4893/151/4674 4896/151/4798 4895/151/4797
f 4893/151/4674 4894/151/4796 4897/151/4799 4896/151/4798
f 4894/151/4796 4904/151/4805 4905/151/4806 4897/151/4799
f 4880/160/4784 4898/151/4800 4901/151/4803 4900/160/4802
f 4898/151/4800 4899/151/4801 4902/151/4804 4901/151/4803
f 4899/151/4801 4911/239/4812 4912/240/4813 4902/151/4804
f 4900/160/4802 4901/151/4803 4904/151/4805 4903/160/4794
f 4901/151/4803 4902/151/4804 4905/151/4806 4904/151/4805
f 4902/151/4804 4912/240/4813 4913/241/4814 4905/151/4806
f 4881/242/4785 4906/243/4807 4909/244/4810 4908/245/4809
f 4906/243/4807 4907/246/4808 4910/247/4811 4909/244/4810
f 4907/246/4808 4887/237/4791 4888/236/4792 4910/247/4811
f 4908/245/4809 4909/244/4810 4912/240/4813 4911/239/4812
f 4909/244/4810 4910/247/4811 4913/241/4814 4912/240/4813
f 4910/247/4811 4888/236/4792 4889/238/4793 4913/241/4814
f 4889/238/4793 4897/151/4799 4905/151/4806 4913/241/4814
f 4914/248/4815 4918/249/4819 4921/250/4822 4920/251/4821
f 4918/249/4819 4919/252/4820 4922/253/4823 4921/250/4822
f 4919/252/4820 4931/183/4829 4932/183/4830 4922/253/4823
f 4920/251/4821 4921/250/4822 4924/254/4825 4923/255/4824
f 4921/250/4822 4922/253/4823 4925/256/4826 4924/254/4825
f 4922/253/4823 4932/183/4830 4933/183/4831 4925/256/4826
f 4915/181/4816 4926/181/4674 4929/257/4674 4928/257/4713
f 4926/181/4674 4927/181/4827 4930/257/4828 4929/257/4674
f 4927/181/4827 4939/181/4827 4940/151/4837 4930/257/4828
f 4928/257/4713 4929/257/4674 4932/183/4830 4931/183/4829
f 4929/257/4674 4930/257/4828 4933/183/4831 4932/183/4830
f 4930/257/4828 4940/151/4837 4941/151/4838 4933/183/4831
f 4916/181/4817 4934/151/4832 4937/151/4835 4936/181/4834
f 4934/151/4832 4935/151/4833 4938/151/4836 4937/151/4835
f 4935/151/4833 4947/258/4844 4948/259/4845 4938/151/4836
f 4936/181/4834 4937/151/4835 4940/151/4837 4939/181/4827
f 4937/151/4835 4938/151/4836 4941/151/4838 4940/151/4837
f 4938/151/4836 4948/259/4845 4949/260/4846 4941/151/4838
f 4917/261/4818 4942/262/4839 4945/263/4842 4944/264/4841
f 4942/262/4839 4943/265/4840 4946/266/4843 4945/263/4842
f 4943/265/4840 4923/255/4824 4924/254/4825 4946/266/4843
f 4944/264/4841 4945/263/4842 4948/259/4845 4947/258/4844
f 4945/263/4842 4946/266/4843 4949/260/4846 4948/259/4845
f 4946/266/4843 4924/254/4825 4925/256/4826 4949/260/4846
f 4925/256/4826 4933/183/4831 4941/151/4838 4949/260/4846
f 4950/192/4847 4953/192/4850 4956/267/4853 4955/268/4852
f 4953/192/4850 4954/192/4851 4957/269/4854 4956/267/4853
f 4954/192/4851 4966/270/4863 4967/271/4864 4957/269/4854
f 4955/268/4852 4956/267/4853 4959/272/4856 4958/273/4855
f 4956/267/4853 4957/269/4854 4960/274/4857 4959/272/4856
f 4957/269/4854 4967/271/4864 4968/275/4865 4960/274/4857
f 4951/175/4848 4961/276/4858 4964/277/4861 4963/278/4860
f 4961/276/4858 4962/279/4859 4965/280/4862 4964/277/4861
f 4962/279/4859 4974/281/4871 4975/282/4872 4965/280/4862
f 4963/278/4860 4964/277/4861 4967/271/4864 4966/270/4863
f 4964/277/4861 4965/280/4862 4968/275/4865 4967/271/4864
f 4965/280/4862 4975/282/4872 4976/283/4873 4968/275/4865
f 4952/284/4849 4969/285/4866 4972/286/4869 4971/287/4868
f 4969/285/4866 4970/288/4867 4973/289/4870 4972/286/4869
f 4970/288/4867 4958/273/4855 4959/272/4856 4973/289/4870
f 4971/287/4868 4972/286/4869 4975/282/4872 4974/281/4871
f 4972/286/4869 4973/289/4870 4976/283/4873 4975/282/4872
f 4973/289/4870 4959/272/4856 4960/274/4857 4976/283/4873
f 4960/274/4857 4968/275/4865 4976/283/4873
f 4977/212/4874 4980/290/4877 4983/291/4880 4982/292/4879
f 4980/290/4877 4981/293/4878 4984/294/4881 4983/291/4880
f 4981/293/4878 4993/295/4890 4994/296/4891 4984/294/4881
f 4982/292/4879 4983/291/4880 4986/297/4883 4985/292/4882
f 4983/291/4880 4984/294/4881 4987/298/4884 4986/297/4883
f 4984/294/4881 4994/296/4891 4995/299/4892 4987/298/4884
f 4978/224/4875 4988/300/4885 4991/301/4888 4990/302/4887
f 4988/300/4885 4989/300/4886 4992/303/4889 4991/301/4888
f 4989/300/4886 5001/304/4898 5002/305/4899 4992/303/4889
f 4990/302/4887 4991/301/4888 4994/296/4891 4993/295/4890
f 4991/301/4888 4992/303/4889 4995/299/4892 4994/296/4891
f 4992/303/4889 5002/305/4899 5003/306/4900 4995/299/4892
f 4979/155/4876 4996/307/4893 4999/308/4896 4998/309/4895
f 4996/307/4893 4997/310/4894 5000/311/4897 4999/308/4896
f 4997/310/4894 4985/292/4882 4986/297/4883 5000/311/4897
f 4998/309/4895 4999/308/4896 5002/305/4899 5001/304/4898
f 4999/308/4896 5000/311/4897 5003/306/4900 5002/305/4899
f 5000/311/4897 4986/297/4883 4987/298/4884 5003/306/4900
f 4987/298/4884 4995/299/4892 5003/306/4900
f 5004/312/4901 5007/313/4904 5010/314/4907 5009/230/4906
f 5007/313/4904 5008/315/4905 5011/316/4908 5010/314/4907
f 5008/315/4905 5020/317/4917 5021/318/4918 5011/316/4908
f 5009/230/4906 5010/314/4907 5013/319/4910 5012/230/4909
f 5010/314/4907 5011/316/4908 5014/320/4911 5013/319/4910
f 5011/316/4908 5021/318/4918 5022/321/4919 5014/320/4911
f 5005/322/4902 5015/323/4912 5018/324/4915 5017/325/4914
f 5015/323/4912 5016/323/4913 5019/326/4916 5018/324/4915
f 5016/323/4913 5028/327/4925 5029/328/4926 5019/326/4916
f 5017/325/4914 5018/324/4915 5021/318/4918 5020/317/4917
f 5018/324/4915 5019/326/4916 5022/321/4919 5021/318/4918
f 5019/326/4916 5029/328/4926 5030/329/4927 5022/321/4919
f 5006/164/4903 5023/330/4920 5026/331/4923 5025/332/4922
f 5023/330/4920 5024/333/4921 5027/334/4924 5026/331/4923
f 5024/333/4921 5012/230/4909 5013/319/4910 5027/334/4924
f 5025/332/4922 5026/331/4923 5029/328/4926 5028/327/4925
f 5026/331/4923 5027/334/4924 5030/329/4927 5029/328/4926
f 5027/334/4924 5013/319/4910 5014/320/4911 5030/329/4927
f 5014/320/4911 5022/321/4919 5030/329/4927
f 5031/335/4928 5034/336/4931 5037/337/4934 5036/248/4933
f 5034/336/4931 5035/338/4932 5038/339/4935 5037/337/4934
f 5035/338/4932 5047/340/4944 5048/341/4945 5038/339/4935
f 5036/248/4933 5037/337/4934 5040/342/4937 5039/343/4936
f 5037/337/4934 5038/339/4935 5041/344/4938 5040/342/4937
f 5038/339/4935 5048/341/4945 5049/345/4946 5041/344/4938
f 5032/261/4929 5042/261/4939 5045/346/4942 5044/347/4941
f 5042/261/4939 5043/261/4940 5046/348/4943 5045/346/4942
f 5043/261/4940 5055/349/4952 5056/350/4953 5046/348/4943
f 5044/347/4941 5045/346/4942 5048/341/4945 5047/340/4944
f 5045/346/4942 5046/348/4943 5049/345/4946 5048/341/4945
f 5046/348/4943 5056/350/4953 5057/351/4954 5049/345/4946
f 5033/187/4930 5050/352/4947 5053/353/4950 5052/354/4949
f 5050/352/4947 5051/355/4948 5054/356/4951 5053/353/4950
f 5051/355/4948 5039/343/4936 5040/342/4937 5054/356/4951
f 5052/354/4949 5053/353/4950 5056/350/4953 5055/349/4952
f 5053/353/4950 5054/356/4951 5057/351/4954 5056/350/4953
f 5054/356/4951 5040/342/4937 5041/344/4938 5057/351/4954
f 5041/344/4938 5049/345/4946 5057/351/4954
f 4754/175/4675 4699/155/4675 4711/156/4674 4771/176/4675
f 4771/176/4675 4711/156/4674 4714/152/4682 4772/179/4675
f 4772/179/4675 4714/152/4682 4702/151/4677 4760/151/4699
f 4760/151/4699 4702/151/4677 4701/151/4676 4757/151/4697
f 4757/151/4697 4701/151/4676 4698/151/4674 4752/169/4674
f 4699/155/4675 4726/164/4675 4738/165/4675 4709/156/4675
f 4709/156/4675 4738/165/4675 4741/161/4675 4710/158/4681
f 4710/158/4681 4741/161/4675 4729/151/4689 4722/151/4675
f 4722/151/4675 4729/151/4689 4728/151/4688 4719/151/4685
f 4719/151/4685 4728/151/4688 4725/160/4674 4700/151/4674
f 4726/164/4675 4780/187/4675 4792/188/4712 4736/165/4674
f 4736/165/4674 4792/188/4712 4795/184/4706 4737/167/4675
f 4737/167/4675 4795/184/4706 4783/183/4708 4749/151/4674
f 4749/151/4674 4783/183/4708 4782/182/4695 4746/151/4695
f 4746/151/4695 4782/182/4695 4779/181/4674 4727/160/4674
f 4780/187/4675 4754/175/4675 4773/178/4703 4790/188/4674
f 4790/188/4674 4773/178/4703 4776/172/4706 4791/190/4711
f 4791/190/4711 4776/172/4706 4764/171/4703 4803/151/4714
f 4803/151/4714 4764/171/4703 4763/170/4702 4800/151/4674
f 4800/151/4674 4763/170/4702 4753/169/4674 4781/181/4674
f 4809/169/4721 4843/151/4751 4856/151/4763 4834/151/4743
f 4834/151/4743 4856/151/4763 4859/151/4765 4835/151/4744
f 4835/151/4744 4859/151/4765 4847/216/4755 4815/201/4727
f 4815/201/4727 4847/216/4755 4846/213/4754 4812/195/4724
f 4812/195/4724 4846/213/4754 4842/212/4750 4806/192/4718
f 4844/151/4752 4879/160/4783 4892/151/4795 4862/151/4768
f 4862/151/4768 4892/151/4795 4895/151/4797 4863/151/4769
f 4863/151/4769 4895/151/4797 4883/234/4787 4875/221/4779
f 4875/221/4779 4883/234/4787 4882/231/4786 4872/227/4776
f 4872/227/4776 4882/231/4786 4878/230/4782 4845/224/4753
f 4880/160/4784 4915/181/4816 4928/257/4713 4898/151/4800
f 4898/151/4800 4928/257/4713 4931/183/4829 4899/151/4801
f 4899/151/4801 4931/183/4829 4919/252/4820 4911/239/4812
f 4911/239/4812 4919/252/4820 4918/249/4819 4908/245/4809
f 4908/245/4809 4918/249/4819 4914/248/4815 4881/242/4785
f 4916/181/4817 4808/169/4720 4828/211/4739 4934/151/4832
f 4934/151/4832 4828/211/4739 4831/210/4740 4935/151/4833
f 4935/151/4833 4831/210/4740 4819/208/4731 4947/258/4844
f 4947/258/4844 4819/208/4731 4818/205/4730 4944/264/4841
f 4944/264/4841 4818/205/4730 4807/204/4719 4917/261/4818
f 4700/151/4674 4844/151/4752 4864/151/4770 4717/151/4674
f 4717/151/4674 4864/151/4770 4867/151/4762 4718/151/4674
f 4718/151/4674 4867/151/4762 4855/151/4762 4706/151/4674
f 4706/151/4674 4855/151/4762 4854/151/4674 4703/151/4674
f 4703/151/4674 4854/151/4674 4843/151/4751 4698/151/4674
f 4808/169/4720 4753/169/4674 4765/169/4674 4826/169/4674
f 4826/169/4674 4765/169/4674 4768/169/4674 4827/169/4738
f 4827/169/4738 4768/169/4674 4756/169/4674 4839/169/4738
f 4839/169/4738 4756/169/4674 4755/169/4674 4836/169/4745
f 4836/169/4745 4755/169/4674 4752/169/4674 4809/169/4721
f 4915/181/4816 4779/181/4674 4784/181/4674 4926/181/4674
f 4926/181/4674 4784/181/4674 4787/181/4674 4927/181/4827
f 4927/181/4827 4787/181/4674 4799/181/4674 4939/181/4827
f 4939/181/4827 4799/181/4674 4798/181/4674 4936/181/4834
f 4936/181/4834 4798/181/4674 4781/181/4674 4916/181/4817
f 4727/160/4674 4880/160/4784 4900/160/4802 4744/160/4674
f 4744/160/4674 4900/160/4802 4903/160/4794 4745/160/4674
f 4745/160/4674 4903/160/4794 4891/160/4794 4733/160/4674
f 4733/160/4674 4891/160/4794 4890/160/4674 4730/160/4674
f 4730/160/4674 4890/160/4674 4879/160/4783 4725/160/4674
f 4950/192/4847 4977/212/4874 4982/292/4879 4953/192/4850
f 4953/192/4850 4982/292/4879 4985/292/4882 4954/192/4851
f 4954/192/4851 4985/292/4882 4997/310/4894 4966/270/4863
f 4966/270/4863 4997/310/4894 4996/307/4893 4963/278/4860
f 4963/278/4860 4996/307/4893 4979/155/4876 4951/175/4848
f 4978/224/4875 5004/312/4901 5009/230/4906 4988/300/4885
f 4988/300/4885 5009/230/4906 5012/230/4909 4989/300/4886
f 4989/300/4886 5012/230/4909 5024/333/4921 5001/304/4898
f 5001/304/4898 5024/333/4921 5023/330/4920 4998/309/4895
f 4998/309/4895 5023/330/4920 5006/164/4903 4979/155/4876
f 5005/322/4902 5031/335/4928 5036/248/4933 5015/323/4912
f 5015/323/4912 5036/248/4933 5039/343/4936 5016/323/4913
f 5016/323/4913 5039/343/4936 5051/355/4948 5028/327/4925
f 5028/327/4925 5051/355/4948 5050/352/4947 5025/332/4922
f 5025/332/4922 5050/352/4947 5033/187/4930 5006/164/4903
f 5032/261/4929 4952/284/4849 4971/287/4868 5042/261/4939
f 5042/261/4939 4971/287/4868 4974/281/4871 5043/261/4940
f 5043/261/4940 4974/281/4871 4962/279/4859 5055/349/4952
f 5055/349/4952 4962/279/4859 4961/276/4858 5052/354/4949
f 5052/354/4949 4961/276/4858 4951/175/4848 5033/187/4930
f 4806/192/4718 4950/192/4847 4955/268/4852 4810/193/4722
f 4810/193/4722 4955/268/4852 4958/273/4855 4811/196/4723
f 4811/196/4723 4958/273/4855 4970/288/4867 4823/198/4735
f 4823/198/4735 4970/288/4867 4969/285/4866 4820/207/4732
f 4820/207/4732 4969/285/4866 4952/284/4849 4807/204/4719
f 5031/335/4928 4914/248/4815 4920/251/4821 5034/336/4931
f 5034/336/4931 4920/251/4821 4923/255/4824 5035/338/4932
f 5035/338/4932 4923/255/4824 4943/265/4840 5047/340/4944
f 5047/340/4944 4943/265/4840 4942/262/4839 5044/347/4941
f 5044/347/4941 4942/262/4839 4917/261/4818 5032/261/4929
f 4881/242/4785 5005/322/4902 5017/325/4914 4906/243/4807
f 4906/243/4807 5017/325/4914 5020/317/4917 4907/246/4808
f 4907/246/4808 5020/317/4917 5008/315/4905 4887/237/4791
f 4887/237/4791 5008/315/4905 5007/313/4904 4884/233/4788
f 4884/233/4788 5007/313/4904 5004/312/4901 4878/230/4782
f 4977/212/4874 4842/212/4750 4848/215/4756 4980/290/4877
f 4980/290/4877 4848/215/4756 4851/219/4759 4981/293/4878
f 4981/293/4878 4851/219/4759 4871/228/4775 4993/295/4890
f 4993/295/4890 4871/228/4775 4870/225/4774 4990/302/4887
f 4990/302/4887 4870/225/4774 4845/224/4753 4978/224/4875
f 4752/169/4674 4698/151/4674 4843/151/4751 4809/169/4721
f 4699/155/4675 4754/175/4675 4780/187/4675 4726/164/4675
f 4700/151/4674 4725/160/4674 4879/160/4783 4844/151/4752
f 4727/160/4674 4779/181/4674 4915/181/4816 4880/160/4784
f 4781/181/4674 4753/169/4674 4808/169/4720 4916/181/4817
f 4806/192/4718 4842/212/4750 4977/212/4874 4950/192/4847
f 4917/261/4818 4807/204/4719 4952/284/4849 5032/261/4929
f 4845/224/4753 4878/230/4782 5004/312/4901 4978/224/4875
f 4881/242/4785 4914/248/4815 5031/335/4928 5005/322/4902
f 4979/155/4876 5006/164/4903 5033/187/4930 4951/175/4848
